Order_ID,Order_Date,Customer_Segment,Region,Product_Category,Payment_Method,Quantity,Unit_Price,Discount_Percent,Order_Value
02ORD100522,2025-10-29,Women,Central,Accessories,UPI,2,7333.01,14,12612.78
02ORD100738,2025-06-21,Women,West,Accessories,Debit Card,1,4902.51,18,4020.06
02ORD100741,2024-11-21,Women,Central,Footwear,Debit Card,5,4331.51,21,17109.46
02ORD100661,2025-07-05,Men,West,Shirt,Credit Card,1,4439.05,46,2397.09
02ORD100412,2025-11-05,Men,Central,Accessories,Wallet,5,7138.56,35,23200.32
02ORD100679,2024-05-08,Men,East,Jeans,Credit Card,3,3642.97,43,6229.48
02ORD100627,2024-11-13,Unisex,North,Shirt,Cash on Delivery,1,3627.16,26,2684.1
02ORD100514,2024-11-28,Men,North,Jeans,Cash on Delivery,5,7481.7,15,31797.22
02ORD100860,2025-10-26,Unisex,West,Shirt,Credit Card,1,6698.52,46,3617.2
02ORD100137,2024-09-29,Men,West,Footwear,Credit Card,2,528.16,30,739.42
02ORD100812,2025-10-23,Women,West,Jeans,UPI,2,6643.5,23,10230.99
02ORD100077,2025-08-11,Kids,South,Shirt,UPI,4,807.35,6,3035.64
02ORD100637,2024-02-13,Men,Central,Accessories,Cash on Delivery,1,5643.33,33,3781.03
02ORD100974,2024-02-25,Unisex,Central,Dress,UPI,4,4256.25,50,8512.5
02ORD100939,2025-12-15,Kids,North,Jeans,Credit Card,1,7554.56,6,7101.29
02ORD100900,2025-09-12,Men,Central,Accessories,Credit Card,5,3383.25,22,13194.68
02ORD100281,2024-10-06,Men,South,Accessories,Cash on Delivery,4,810.04,37,2041.3
02ORD100884,2024-11-09,Kids,North,Accessories,Cash on Delivery,3,3636.89,15,9274.07
02ORD100762,2025-04-25,Kids,North,Shirt,Cash on Delivery,2,7388.47,11,13151.48
02ORD100320,2025-08-17,Men,North,Jeans,Debit Card,1,6754.45,46,3647.4
02ORD100550,2025-01-15,Women,North,Accessories,UPI,2,5342.5,27,7800.05
02ORD100175,2024-12-29,Men,North,Footwear,Credit Card,1,3504.7,49,1787.4
02ORD100372,2024-08-23,Women,North,Accessories,Wallet,2,3455.1,23,5320.85
02ORD100528,2025-04-24,Unisex,South,Dress,Credit Card,5,5939.44,14,25539.59
02ORD100211,2024-03-26,Unisex,West,Jeans,Wallet,4,3067.13,40,7361.11
02ORD100236,2025-01-30,Unisex,South,Jeans,Credit Card,2,4383.0,29,6223.86
02ORD100102,2025-08-14,Women,North,Accessories,Wallet,1,505.48,10,454.93
02ORD100987,2025-10-02,Unisex,Central,Footwear,UPI,4,3376.76,33,9049.72
02ORD100903,2024-05-17,Kids,West,Dress,Wallet,5,2088.03,30,7308.1
02ORD100948,2025-12-06,Kids,North,Shirt,Cash on Delivery,3,3479.92,43,5950.66
02ORD100347,2024-07-09,Unisex,South,Jeans,Debit Card,5,5376.57,44,15054.4
02ORD100140,2025-03-17,Unisex,North,Jeans,Wallet,2,1512.84,22,2360.03
02ORD100622,2025-09-26,Women,West,Jeans,Cash on Delivery,4,4923.45,13,17133.61
02ORD100500,2025-09-17,Women,South,Accessories,Credit Card,2,763.54,33,1023.14
02ORD100371,2025-12-14,Men,Central,Shirt,Debit Card,4,5465.01,34,14427.63
02ORD100199,2025-12-03,Unisex,Central,Accessories,Cash on Delivery,1,6635.05,33,4445.48
02ORD100688,2024-08-21,Men,West,Accessories,Credit Card,1,2298.13,25,1723.6
02ORD100585,2024-06-11,Men,North,Jeans,Credit Card,2,2254.09,18,3696.71
02ORD100902,2025-08-26,Men,South,Jeans,Wallet,2,5901.6,34,7790.11
02ORD100060,2024-08-14,Women,East,Jeans,UPI,1,3554.37,7,3305.56
02ORD100329,2024-02-27,Men,Central,Accessories,Wallet,2,7914.89,0,15829.78
02ORD100097,2025-02-03,Kids,Central,Shirt,Cash on Delivery,4,4306.44,18,14125.12
02ORD100313,2024-04-21,Men,Central,Accessories,Credit Card,2,4470.41,2,8762.0
02ORD100975,2024-09-09,Men,West,Dress,UPI,1,3044.58,11,2709.68
02ORD100300,2024-10-19,Unisex,Central,Shirt,Cash on Delivery,2,4952.85,0,9905.7
02ORD100278,2025-12-22,Men,South,Dress,Credit Card,1,2826.41,8,2600.3
02ORD100925,2025-07-26,Kids,North,Dress,Credit Card,5,2444.46,43,6966.71
02ORD100602,2025-08-04,Women,Central,Jeans,Wallet,5,2176.25,25,8160.94
02ORD100440,2024-10-28,Kids,North,Accessories,Debit Card,1,6067.79,50,3033.9
02ORD100838,2024-02-26,Women,East,Shirt,Cash on Delivery,4,7689.08,11,27373.12
02ORD100571,2025-05-17,Men,North,Footwear,Credit Card,1,4014.89,2,3934.59
02ORD100880,2025-07-17,Women,South,Accessories,UPI,4,4350.97,38,10790.41
02ORD100262,2024-01-24,Men,Central,Shirt,Credit Card,4,5404.84,21,17079.29
02ORD100579,2024-08-11,Women,East,Shirt,UPI,1,5286.66,40,3172.0
02ORD100024,2024-07-18,Women,Central,Dress,Credit Card,5,5361.83,20,21447.32
02ORD100031,2025-12-17,Women,West,Accessories,Cash on Delivery,2,566.08,21,894.41
02ORD100618,2024-06-10,Unisex,North,Jeans,Wallet,2,1807.38,22,2819.51
02ORD100011,2024-11-27,Women,West,Shirt,Wallet,1,7781.02,44,4357.37
02ORD100222,2025-01-05,Kids,Central,Accessories,Credit Card,3,1842.51,3,5361.7
02ORD100821,2025-01-11,Kids,West,Shirt,UPI,3,970.96,8,2679.85
02ORD100297,2025-11-17,Men,South,Shirt,Debit Card,1,7963.77,22,6211.74
02ORD100055,2024-03-30,Women,East,Dress,Debit Card,2,2967.96,47,3146.04
02ORD100543,2024-08-25,Women,South,Shirt,Debit Card,4,7076.39,6,26607.23
02ORD100210,2025-07-13,Men,Central,Shirt,Credit Card,3,3858.58,42,6713.93
02ORD100605,2024-11-09,Women,South,Accessories,Cash on Delivery,2,4620.09,22,7207.34
02ORD100693,2024-08-12,Unisex,North,Footwear,Debit Card,1,6408.33,34,4229.5
02ORD100663,2025-08-16,Kids,North,Accessories,Debit Card,2,3217.99,23,4955.7
02ORD100867,2024-09-02,Men,East,Jeans,Cash on Delivery,2,1305.39,42,1514.25
02ORD100071,2025-02-01,Women,West,Accessories,Wallet,1,4130.75,36,2643.68
02ORD100544,2025-01-16,Women,West,Shirt,Credit Card,2,7155.2,41,8443.14
02ORD100108,2024-01-21,Women,West,Shirt,Cash on Delivery,5,3961.38,9,18024.28
02ORD100494,2025-03-03,Men,Central,Jeans,Wallet,3,4390.56,41,7771.29
02ORD100591,2024-07-28,Kids,West,Jeans,Wallet,1,1033.53,30,723.47
02ORD100742,2024-12-28,Women,West,Shirt,Credit Card,2,5419.92,36,6937.5
02ORD100293,2024-10-12,Men,East,Jeans,Credit Card,3,2749.15,5,7835.08
02ORD100290,2024-09-17,Kids,South,Accessories,Cash on Delivery,4,4542.18,13,15806.79
02ORD100653,2025-05-03,Women,Central,Footwear,UPI,1,2896.46,34,1911.66
02ORD100040,2025-01-18,Women,East,Accessories,Debit Card,2,2700.17,14,4644.29
02ORD100590,2024-11-13,Women,Central,Footwear,Wallet,2,1098.35,23,1691.46
02ORD100308,2024-02-22,Kids,West,Dress,Wallet,1,4569.72,25,3427.29
02ORD100680,2024-02-18,Unisex,West,Shirt,Credit Card,3,4025.79,50,6038.68
02ORD100067,2025-02-04,Women,North,Accessories,Credit Card,4,616.9,9,2245.52
02ORD100276,2024-02-11,Unisex,North,Jeans,Cash on Delivery,1,1051.98,35,683.79
02ORD100068,2024-10-05,Kids,Central,Jeans,Wallet,1,1294.89,38,802.83
02ORD100319,2024-09-06,Kids,South,Accessories,Cash on Delivery,5,4100.54,25,15377.03
02ORD100549,2024-12-27,Men,West,Accessories,Credit Card,5,5762.91,40,17288.73
02ORD100999,2024-10-25,Unisex,South,Accessories,Debit Card,3,4549.92,20,10919.81
02ORD100715,2025-06-26,Women,Central,Dress,Cash on Delivery,2,1515.9,1,3001.48
02ORD100754,2024-06-01,Kids,South,Accessories,Wallet,5,3477.62,21,13736.6
02ORD100328,2025-02-06,Men,North,Jeans,UPI,1,4808.15,15,4086.93
02ORD100383,2024-09-13,Unisex,Central,Dress,Credit Card,1,290.88,29,206.52
02ORD100452,2025-09-21,Women,North,Accessories,Debit Card,1,5212.86,20,4170.29
02ORD100523,2024-10-25,Men,West,Dress,Credit Card,4,1826.48,28,5260.26
02ORD100219,2024-09-16,Kids,South,Jeans,UPI,3,1839.9,5,5243.72
02ORD100788,2025-10-27,Unisex,South,Dress,Debit Card,2,945.88,18,1551.24
02ORD100437,2024-03-05,Kids,East,Shirt,Credit Card,1,1349.13,40,809.48
02ORD100765,2024-12-05,Unisex,Central,Shirt,Debit Card,1,5730.61,27,4183.35
02ORD100089,2025-09-23,Kids,Central,Dress,Wallet,2,7123.46,44,7978.28
02ORD100064,2024-03-19,Men,North,Accessories,Cash on Delivery,1,6114.4,30,4280.08
02ORD100827,2025-08-28,Kids,East,Accessories,Wallet,3,2291.55,7,6393.42
02ORD100717,2025-06-10,Kids,North,Footwear,UPI,4,6199.15,6,23308.8
02ORD100352,2025-09-26,Women,East,Dress,Debit Card,1,7373.99,43,4203.17
02ORD100937,2024-10-18,Kids,West,Jeans,Debit Card,2,6624.65,15,11261.9
02ORD100257,2024-10-16,Kids,Central,Footwear,UPI,1,498.24,11,443.43
02ORD100636,2024-04-22,Unisex,South,Dress,Wallet,3,2564.11,17,6384.63
02ORD100645,2025-03-18,Unisex,North,Footwear,Credit Card,2,1733.17,46,1871.82
02ORD100555,2024-04-23,Kids,North,Accessories,UPI,3,5807.38,1,17247.92
02ORD100960,2024-02-11,Kids,South,Jeans,UPI,1,5176.12,5,4917.31
02ORD100169,2025-09-04,Unisex,West,Shirt,Debit Card,1,4575.97,46,2471.02
02ORD100918,2025-01-29,Kids,North,Footwear,Credit Card,1,7772.06,0,7772.06
02ORD100529,2025-08-01,Men,North,Jeans,Cash on Delivery,1,2548.6,13,2217.28
02ORD100824,2025-09-18,Kids,East,Shirt,Cash on Delivery,3,2901.46,27,6354.2
02ORD100986,2025-07-14,Men,South,Dress,Debit Card,1,1691.06,12,1488.13
02ORD100817,2024-10-15,Men,East,Shirt,UPI,5,5208.24,9,23697.49
02ORD100087,2025-12-31,Unisex,Central,Accessories,Wallet,4,3555.47,16,11946.38
02ORD100433,2024-07-15,Women,East,Shirt,Cash on Delivery,2,1760.2,20,2816.32
02ORD100185,2025-05-18,Kids,South,Jeans,UPI,1,2148.23,47,1138.56
02ORD100979,2025-10-31,Women,West,Footwear,Credit Card,1,1815.8,44,1016.85
02ORD100535,2025-08-20,Kids,Central,Footwear,Wallet,5,5365.5,3,26022.68
02ORD100295,2024-04-12,Men,Central,Dress,Cash on Delivery,1,7456.5,36,4772.16
02ORD100893,2024-08-17,Men,Central,Dress,Debit Card,1,4058.66,29,2881.65
02ORD100426,2025-01-08,Kids,North,Accessories,Debit Card,1,3709.19,39,2262.61
02ORD100714,2025-12-02,Kids,Central,Accessories,UPI,4,6224.68,3,24151.76
02ORD100261,2024-08-01,Kids,West,Shirt,Cash on Delivery,1,4076.9,27,2976.14
02ORD100238,2024-01-12,Women,Central,Jeans,Wallet,1,2288.41,17,1899.38
02ORD100560,2025-06-14,Men,South,Footwear,Cash on Delivery,2,2805.88,5,5331.17
02ORD100584,2024-04-25,Women,East,Shirt,Cash on Delivery,4,2020.93,2,7922.05
02ORD100446,2024-01-12,Kids,Central,Accessories,Wallet,1,498.22,5,473.31
02ORD100868,2024-04-15,Unisex,West,Accessories,Credit Card,2,1866.65,21,2949.31
02ORD100801,2025-06-03,Unisex,North,Dress,Credit Card,5,6222.47,1,30801.23
02ORD100600,2025-05-15,Kids,Central,Jeans,UPI,1,1992.36,2,1952.51
02ORD100850,2024-01-23,Unisex,South,Accessories,Debit Card,1,7731.09,27,5643.7
02ORD100266,2024-11-08,Women,North,Dress,Credit Card,2,2874.14,24,4368.69
02ORD100996,2024-05-29,Men,East,Jeans,Cash on Delivery,2,1556.28,41,1836.41
02ORD100530,2024-03-02,Kids,Central,Shirt,UPI,1,3813.45,41,2249.94
02ORD100056,2025-03-28,Kids,North,Accessories,Wallet,1,2700.55,39,1647.34
02ORD100121,2024-04-12,Women,West,Jeans,Cash on Delivery,5,2024.65,40,6073.95
02ORD100216,2024-05-30,Unisex,North,Shirt,Credit Card,1,2431.55,24,1847.98
02ORD100026,2024-07-30,Women,West,Footwear,Debit Card,2,6590.54,28,9490.38
02ORD100073,2024-06-06,Women,North,Accessories,Cash on Delivery,3,2410.36,40,4338.65
02ORD100045,2025-06-10,Kids,East,Jeans,UPI,1,3665.94,36,2346.2
02ORD100248,2024-06-06,Men,South,Jeans,UPI,1,7326.75,38,4542.58
02ORD100722,2024-01-29,Women,East,Jeans,Cash on Delivery,2,4175.11,27,6095.66
02ORD100282,2025-10-09,Men,East,Accessories,Cash on Delivery,2,765.08,39,933.4
02ORD100894,2024-09-27,Women,West,Dress,Debit Card,1,5989.02,25,4491.77
02ORD100915,2025-10-27,Unisex,South,Footwear,Cash on Delivery,1,2021.15,19,1637.13
02ORD100811,2024-07-20,Kids,Central,Footwear,UPI,4,3366.44,23,10368.64
02ORD100245,2024-06-04,Men,East,Shirt,Cash on Delivery,1,2204.35,26,1631.22
02ORD100823,2024-05-31,Kids,North,Accessories,Debit Card,5,6868.85,13,29879.5
02ORD100322,2025-01-14,Unisex,Central,Jeans,Cash on Delivery,5,6353.52,35,20648.94
02ORD100644,2024-08-06,Unisex,North,Footwear,Debit Card,3,1262.69,18,3106.22
02ORD100159,2024-02-22,Unisex,East,Shirt,Wallet,5,4911.56,36,15716.99
02ORD100978,2024-05-09,Women,West,Dress,Credit Card,1,2812.07,17,2334.02
02ORD100430,2024-07-23,Unisex,South,Jeans,UPI,1,1483.8,33,994.15
02ORD100942,2025-04-05,Kids,South,Accessories,Credit Card,1,5752.66,26,4256.97
02ORD100463,2024-06-28,Unisex,East,Dress,Debit Card,3,7723.59,17,19231.74
02ORD100310,2025-10-05,Women,South,Shirt,Cash on Delivery,2,2966.8,42,3441.49
02ORD100698,2025-03-22,Women,North,Dress,Wallet,2,4391.45,7,8168.1
02ORD100061,2025-04-18,Men,East,Accessories,Credit Card,1,7024.07,30,4916.85
02ORD100885,2024-07-02,Women,Central,Dress,Cash on Delivery,4,4760.1,25,14280.3
02ORD100596,2025-02-18,Men,South,Jeans,Cash on Delivery,1,1939.1,0,1939.1
02ORD100768,2025-04-10,Kids,East,Shirt,UPI,4,5567.69,21,17593.9
02ORD100650,2025-11-02,Unisex,Central,Accessories,UPI,1,2666.73,37,1680.04
02ORD100651,2024-09-23,Kids,Central,Accessories,Credit Card,2,7789.53,44,8724.27
02ORD100866,2024-09-09,Women,Central,Dress,UPI,3,2646.5,25,5954.62
02ORD100669,2024-09-18,Women,North,Dress,Wallet,1,7123.98,8,6554.06
02ORD100299,2025-03-16,Women,North,Footwear,UPI,1,1079.29,37,679.95
02ORD100690,2025-08-27,Women,Central,Dress,Cash on Delivery,1,543.34,9,494.44
02ORD100315,2024-01-07,Unisex,West,Footwear,UPI,2,2222.7,4,4267.58
02ORD100311,2025-05-04,Men,Central,Footwear,Debit Card,1,4977.94,15,4231.25
02ORD100362,2025-09-10,Unisex,South,Accessories,Wallet,4,4729.22,17,15701.01
02ORD100480,2024-08-18,Unisex,West,Accessories,Credit Card,2,7499.75,26,11099.63
02ORD100111,2024-10-14,Kids,Central,Accessories,Credit Card,5,1710.56,35,5559.32
02ORD100990,2025-07-18,Unisex,Central,Accessories,Credit Card,4,5378.78,24,16351.49
02ORD100487,2024-12-19,Unisex,East,Dress,Wallet,4,6055.16,38,15016.8
02ORD100364,2025-01-13,Women,South,Jeans,Cash on Delivery,5,7348.82,14,31599.93
02ORD100255,2024-08-16,Women,Central,Shirt,Debit Card,1,2805.32,50,1402.66
02ORD100260,2025-12-15,Men,North,Footwear,Wallet,3,3305.35,30,6941.23
02ORD100803,2025-01-21,Unisex,Central,Accessories,UPI,2,5017.27,43,5719.69
02ORD100678,2024-05-17,Men,South,Jeans,Cash on Delivery,1,6451.81,10,5806.63
02ORD100495,2025-10-18,Kids,North,Accessories,Credit Card,1,6757.12,46,3648.84
02ORD100671,2024-08-27,Women,Central,Jeans,Debit Card,5,6615.65,33,22162.43
02ORD100378,2024-08-23,Unisex,Central,Dress,Credit Card,1,5853.32,44,3277.86
02ORD100527,2025-02-25,Kids,East,Accessories,Cash on Delivery,3,1477.67,20,3546.41
02ORD100846,2025-03-29,Unisex,East,Accessories,Debit Card,4,5126.84,43,11689.2
02ORD100138,2024-08-19,Men,South,Accessories,Wallet,2,4070.1,50,4070.1
02ORD100356,2024-01-22,Women,South,Shirt,Wallet,2,3062.92,13,5329.48
02ORD100366,2024-09-14,Kids,East,Jeans,Debit Card,1,5438.88,48,2828.22
02ORD100943,2024-07-26,Women,North,Footwear,Wallet,4,3201.68,13,11141.85
02ORD100750,2024-06-13,Kids,South,Accessories,Credit Card,1,4865.79,11,4330.55
02ORD100949,2024-12-01,Kids,South,Dress,Debit Card,1,3950.34,19,3199.78
02ORD100830,2025-04-06,Men,East,Accessories,Cash on Delivery,1,3716.69,46,2007.01
02ORD100657,2024-12-22,Unisex,South,Jeans,Wallet,3,448.56,9,1224.57
02ORD100200,2025-04-04,Men,South,Shirt,Debit Card,1,3983.99,43,2270.87
02ORD100214,2025-01-06,Women,South,Jeans,Credit Card,1,5376.13,24,4085.86
02ORD100409,2025-11-18,Kids,East,Footwear,Credit Card,4,5585.86,8,20555.96
02ORD100333,2024-07-28,Kids,Central,Dress,Cash on Delivery,1,2169.17,24,1648.57
02ORD100209,2024-07-29,Men,West,Shirt,Debit Card,1,3442.04,18,2822.47
02ORD100614,2024-11-29,Kids,South,Jeans,UPI,1,4572.42,9,4160.9
02ORD100079,2025-10-24,Unisex,Central,Dress,UPI,4,4042.69,9,14715.39
02ORD100030,2024-11-27,Kids,South,Jeans,Cash on Delivery,4,2418.19,3,9382.58
02ORD100536,2025-01-16,Kids,West,Footwear,UPI,1,1433.61,26,1060.87
02ORD100696,2024-01-12,Unisex,Central,Jeans,Wallet,5,7068.07,18,28979.09
02ORD100558,2024-05-24,Kids,West,Footwear,Debit Card,3,2140.76,49,3275.36
02ORD100837,2024-12-06,Unisex,South,Jeans,Wallet,4,1569.24,50,3138.48
02ORD100597,2025-01-28,Men,West,Dress,UPI,1,639.82,8,588.63
02ORD100166,2025-01-30,Women,West,Shirt,Wallet,2,3560.67,35,4628.87
02ORD100919,2024-03-05,Kids,West,Accessories,Credit Card,1,3113.12,28,2241.45
02ORD100496,2024-05-09,Unisex,West,Shirt,Credit Card,2,459.73,27,671.21
02ORD100825,2024-11-14,Kids,West,Accessories,Credit Card,1,7788.75,1,7710.86
02ORD100066,2024-06-01,Men,North,Shirt,Cash on Delivery,4,4647.44,18,15243.6
02ORD100142,2024-01-24,Men,East,Footwear,UPI,4,7881.45,17,26166.41
02ORD100926,2025-04-15,Men,South,Dress,Credit Card,1,1137.11,38,705.01
02ORD100828,2025-07-13,Unisex,South,Dress,Cash on Delivery,1,518.63,12,456.39
02ORD100656,2024-10-16,Unisex,South,Footwear,Wallet,1,6744.82,18,5530.75
02ORD100332,2024-04-24,Women,West,Footwear,Debit Card,1,6279.35,7,5839.8
02ORD100665,2025-05-13,Women,South,Jeans,Credit Card,1,548.19,31,378.25
02ORD100250,2024-11-21,Men,Central,Dress,Credit Card,2,3111.87,50,3111.87
02ORD100908,2025-08-16,Unisex,East,Jeans,Wallet,1,1118.92,16,939.89
02ORD100709,2025-01-30,Kids,West,Accessories,Cash on Delivery,1,819.79,18,672.23
02ORD100306,2025-05-25,Men,West,Jeans,Credit Card,1,3080.18,22,2402.54
02ORD100735,2025-05-24,Kids,Central,Accessories,Cash on Delivery,4,2374.2,16,7977.31
02ORD100976,2025-09-25,Women,Central,Jeans,UPI,3,7011.45,26,15565.42
02ORD100050,2024-11-25,Women,Central,Dress,Debit Card,5,6484.95,29,23021.57
02ORD100897,2024-11-18,Unisex,South,Jeans,Debit Card,4,2579.67,18,8461.32
02ORD100003,2025-03-29,Women,North,Shirt,Credit Card,1,5773.68,47,3060.05
02ORD100545,2025-10-28,Men,Central,Accessories,Wallet,1,1731.24,3,1679.3
02ORD100351,2024-07-31,Men,South,Jeans,UPI,2,7172.98,41,8464.12
02ORD100905,2024-02-26,Kids,West,Shirt,UPI,3,4331.7,31,8966.62
02ORD100537,2025-01-26,Unisex,East,Jeans,UPI,3,5566.32,22,13025.19
02ORD100345,2025-09-07,Kids,East,Jeans,UPI,2,6521.71,14,11217.34
02ORD100995,2024-04-14,Men,North,Jeans,Debit Card,5,1428.76,18,5857.92
02ORD100482,2024-08-27,Unisex,East,Dress,Credit Card,3,3431.55,20,8235.72
02ORD100576,2025-08-30,Unisex,West,Footwear,Cash on Delivery,2,4480.67,16,7527.53
02ORD100034,2024-09-12,Unisex,East,Jeans,UPI,1,1469.64,16,1234.5
02ORD100032,2025-07-04,Men,East,Shirt,Debit Card,2,5413.66,17,8986.68
02ORD100232,2025-06-01,Men,East,Shirt,Debit Card,1,4546.91,50,2273.46
02ORD100964,2024-07-05,Men,North,Accessories,UPI,2,513.54,22,801.12
02ORD100193,2025-03-14,Women,North,Jeans,Cash on Delivery,3,7770.21,47,12354.63
02ORD100334,2024-02-10,Women,East,Dress,Cash on Delivery,1,6670.22,39,4068.83
02ORD100004,2025-11-11,Men,South,Footwear,Credit Card,5,7513.1,18,30803.71
02ORD100205,2024-10-21,Unisex,West,Accessories,Credit Card,3,5769.13,9,15749.72
02ORD100515,2024-03-25,Men,East,Shirt,Cash on Delivery,3,4429.62,14,11428.42
02ORD100800,2025-02-16,Kids,East,Shirt,Credit Card,2,5480.17,20,8768.27
02ORD100307,2025-04-06,Men,North,Footwear,Credit Card,5,4144.31,26,15333.95
02ORD100110,2024-08-15,Unisex,West,Jeans,Cash on Delivery,2,729.48,49,744.07
02ORD100431,2025-02-08,Kids,Central,Shirt,Cash on Delivery,3,5574.32,3,16221.27
02ORD100078,2025-04-10,Unisex,Central,Shirt,UPI,5,1026.81,28,3696.52
02ORD100085,2024-01-17,Kids,South,Footwear,Credit Card,4,5186.21,18,17010.77
02ORD100287,2025-03-31,Kids,East,Shirt,UPI,5,6695.57,41,19751.93
02ORD100083,2024-03-13,Women,Central,Footwear,Debit Card,1,4001.25,47,2120.66
02ORD100992,2024-06-16,Kids,East,Jeans,Debit Card,1,1189.86,35,773.41
02ORD100790,2025-04-12,Women,South,Jeans,UPI,2,4633.08,38,5745.02
02ORD100895,2025-02-18,Women,Central,Footwear,Cash on Delivery,2,6208.21,44,6953.2
02ORD100399,2025-03-12,Women,East,Dress,Wallet,4,3297.06,29,9363.65
02ORD100324,2025-12-01,Men,East,Dress,Credit Card,3,3355.3,50,5032.95
02ORD100520,2025-01-23,Unisex,East,Footwear,Cash on Delivery,2,882.08,43,1005.57
02ORD100917,2024-05-12,Men,East,Footwear,UPI,1,4945.86,17,4105.06
02ORD100923,2024-07-31,Women,East,Accessories,Wallet,2,7716.78,39,9414.47
02ORD100006,2025-05-27,Men,Central,Jeans,Credit Card,4,7578.39,11,26979.07
02ORD100732,2024-03-17,Women,West,Accessories,Debit Card,5,5073.56,10,22831.02
02ORD100466,2025-12-08,Kids,Central,Accessories,Wallet,3,7511.89,14,19380.68
02ORD100098,2024-08-05,Men,South,Shirt,UPI,1,2564.59,38,1590.05
02ORD100267,2024-12-28,Kids,South,Jeans,Credit Card,2,1277.32,43,1456.14
02ORD100358,2025-04-10,Unisex,South,Shirt,Cash on Delivery,3,1354.19,47,2153.16
02ORD100869,2024-07-11,Women,East,Jeans,Credit Card,1,1022.01,20,817.61
02ORD100799,2024-12-05,Men,North,Jeans,Wallet,2,1924.65,23,2963.96
02ORD100381,2025-04-24,Unisex,East,Shirt,Cash on Delivery,4,7922.74,48,16479.3
02ORD100632,2025-12-01,Women,North,Footwear,Wallet,1,6689.87,42,3880.12
02ORD100382,2024-06-03,Women,South,Dress,Cash on Delivery,3,1832.37,13,4782.49
02ORD100491,2024-10-18,Men,North,Jeans,Wallet,1,441.24,42,255.92
02ORD100119,2025-03-12,Women,West,Accessories,UPI,5,4243.25,1,21004.09
02ORD100901,2025-09-19,Unisex,Central,Accessories,Cash on Delivery,1,2386.61,41,1408.1
02ORD100251,2025-01-05,Men,North,Dress,Credit Card,2,3190.57,17,5296.35
02ORD100524,2025-01-05,Unisex,East,Footwear,UPI,3,5388.13,44,9052.06
02ORD100010,2024-10-17,Women,East,Shirt,UPI,5,7180.66,6,33749.1
02ORD100197,2025-04-27,Unisex,West,Shirt,Wallet,2,3683.17,7,6850.7
02ORD100604,2025-10-10,Women,East,Footwear,UPI,2,7265.36,25,10898.04
02ORD100082,2025-06-13,Women,South,Shirt,UPI,1,1435.46,35,933.05
02ORD100784,2025-12-17,Women,South,Accessories,Wallet,1,7284.81,33,4880.82
02ORD100588,2024-06-30,Men,East,Shirt,UPI,3,7892.53,37,14916.88
02ORD100798,2025-09-23,Women,East,Dress,Wallet,2,5165.2,16,8677.54
02ORD100240,2025-02-02,Kids,South,Shirt,Wallet,2,6995.4,49,7135.31
02ORD100291,2024-10-31,Unisex,South,Footwear,Wallet,1,7580.75,38,4700.06
02ORD100212,2024-05-28,Women,West,Footwear,Cash on Delivery,2,983.84,28,1416.73
02ORD100718,2024-11-08,Kids,Central,Shirt,Cash on Delivery,2,4853.44,15,8250.85
02ORD100360,2025-03-07,Kids,North,Footwear,Cash on Delivery,1,264.17,0,264.17
02ORD100450,2024-01-11,Unisex,Central,Footwear,Debit Card,2,2987.6,23,4600.9
02ORD100228,2025-05-26,Men,North,Footwear,Wallet,1,1245.78,16,1046.46
02ORD100951,2024-11-16,Men,South,Footwear,Cash on Delivery,1,3031.88,35,1970.72
02ORD100947,2025-06-21,Women,East,Jeans,Credit Card,1,1186.92,32,807.11
02ORD100797,2024-05-23,Men,East,Accessories,UPI,4,3694.73,35,9606.3
02ORD100502,2025-10-16,Women,South,Jeans,Credit Card,4,1940.39,32,5277.86
02ORD100465,2024-08-22,Women,Central,Shirt,Wallet,2,615.79,19,997.58
02ORD100363,2024-08-08,Women,West,Shirt,Debit Card,1,5771.22,6,5424.95
02ORD100469,2024-01-22,Women,Central,Dress,Credit Card,5,3961.9,50,9904.75
02ORD100936,2024-09-26,Unisex,North,Footwear,Cash on Delivery,1,4365.92,33,2925.17
02ORD100429,2024-04-22,Unisex,Central,Shirt,Debit Card,5,2248.01,0,11240.05
02ORD100008,2025-07-13,Unisex,North,Jeans,Debit Card,5,1225.21,41,3614.37
02ORD100156,2024-06-30,Men,South,Shirt,UPI,2,5457.66,7,10151.25
02ORD100542,2024-07-22,Men,North,Jeans,Debit Card,2,2242.87,42,2601.73
02ORD100441,2025-01-26,Women,Central,Jeans,Credit Card,2,6074.84,14,10448.72
02ORD100483,2024-03-30,Women,South,Dress,Cash on Delivery,5,5577.37,30,19520.79
02ORD100423,2024-06-09,Men,East,Shirt,Credit Card,1,5060.85,35,3289.55
02ORD100779,2025-05-17,Men,South,Accessories,Cash on Delivery,2,2654.76,42,3079.52
02ORD100950,2025-02-25,Women,North,Dress,Wallet,5,3134.23,46,8462.42
02ORD100335,2024-06-21,Men,North,Jeans,Debit Card,4,5689.71,31,15703.6
02ORD100577,2024-04-12,Men,North,Footwear,Credit Card,4,1909.7,22,5958.26
02ORD100935,2025-01-16,Men,Central,Jeans,Cash on Delivery,2,2166.57,39,2643.22
02ORD100568,2025-08-24,Women,Central,Footwear,UPI,4,7056.79,25,21170.37
02ORD100595,2024-03-26,Men,West,Shirt,Credit Card,4,362.09,36,926.95
02ORD100531,2024-04-18,Unisex,East,Shirt,UPI,1,4874.56,43,2778.5
02ORD100582,2024-08-23,Women,West,Footwear,UPI,4,7506.46,14,25822.22
02ORD100708,2024-12-18,Women,South,Accessories,UPI,1,1590.92,45,875.01
02ORD100449,2024-08-04,Unisex,South,Dress,Wallet,3,4101.8,21,9721.27
02ORD100454,2025-07-04,Unisex,South,Accessories,Wallet,3,6992.55,49,10698.6
02ORD100229,2025-07-08,Men,North,Footwear,Debit Card,2,5228.1,13,9096.89
02ORD100353,2025-12-18,Unisex,Central,Jeans,Wallet,1,629.22,45,346.07
02ORD100729,2025-09-27,Unisex,North,Accessories,Debit Card,1,1477.58,12,1300.27
02ORD100213,2025-11-30,Women,West,Jeans,Credit Card,1,2614.13,5,2483.42
02ORD100080,2025-03-21,Unisex,Central,Jeans,Debit Card,2,1452.56,28,2091.69
02ORD100149,2025-09-19,Women,North,Accessories,Cash on Delivery,1,6825.88,24,5187.67
02ORD100303,2024-04-01,Kids,South,Shirt,UPI,2,2064.85,43,2353.93
02ORD100629,2025-07-11,Unisex,North,Dress,Wallet,2,3823.58,14,6576.56
02ORD100778,2025-05-28,Kids,Central,Shirt,UPI,3,2336.29,29,4976.3
02ORD100507,2025-11-12,Women,East,Dress,UPI,3,7459.5,29,15888.73
02ORD100343,2024-12-01,Kids,West,Dress,UPI,3,4160.6,19,10110.26
02ORD100486,2024-08-20,Women,North,Footwear,Wallet,1,7973.13,24,6059.58
02ORD100712,2025-11-01,Women,East,Shirt,Credit Card,5,6855.1,9,31190.7
02ORD100134,2025-06-26,Men,West,Dress,Debit Card,2,5710.81,50,5710.81
02ORD100704,2025-08-17,Unisex,North,Dress,Wallet,5,1086.34,14,4671.26
02ORD100312,2024-12-29,Unisex,North,Accessories,Cash on Delivery,1,4764.93,40,2858.96
02ORD100723,2025-12-06,Men,West,Jeans,UPI,5,4764.03,16,20008.93
02ORD100630,2025-10-08,Kids,North,Footwear,Debit Card,1,6600.74,45,3630.41
02ORD100001,2025-09-24,Men,East,Dress,Credit Card,1,4969.91,19,4025.63
02ORD100317,2024-07-15,Kids,West,Footwear,Cash on Delivery,3,1129.32,13,2947.53
02ORD100707,2024-03-20,Unisex,South,Shirt,Credit Card,1,5753.16,17,4775.12
02ORD100548,2025-05-22,Unisex,South,Dress,Cash on Delivery,3,3252.99,10,8783.07
02ORD100873,2025-12-16,Women,West,Footwear,Cash on Delivery,1,5890.49,20,4712.39
02ORD100533,2025-07-02,Women,South,Dress,Credit Card,2,5983.77,14,10292.08
02ORD100478,2025-10-01,Kids,East,Shirt,UPI,2,2200.96,7,4093.79
02ORD100405,2024-05-31,Women,Central,Jeans,Cash on Delivery,1,3615.66,28,2603.28
02ORD100173,2025-09-17,Unisex,East,Dress,Debit Card,1,7810.79,44,4374.04
02ORD100126,2025-04-07,Women,Central,Dress,Cash on Delivery,4,7562.52,21,23897.56
02ORD100395,2024-03-27,Women,North,Accessories,Wallet,1,1846.42,19,1495.6
02ORD100421,2024-03-19,Kids,South,Dress,UPI,2,541.01,13,941.36
02ORD100553,2024-09-10,Women,East,Shirt,Credit Card,4,3147.59,29,8939.16
02ORD100904,2025-02-25,Men,East,Footwear,Credit Card,1,1538.34,34,1015.3
02ORD100091,2025-06-29,Men,East,Footwear,Wallet,1,7326.07,33,4908.47
02ORD100940,2024-01-24,Unisex,East,Jeans,UPI,1,6400.57,15,5440.48
02ORD100182,2024-06-14,Unisex,West,Footwear,Debit Card,1,1466.49,20,1173.19
02ORD100275,2025-08-27,Unisex,South,Dress,Debit Card,1,6497.33,18,5327.81
02ORD100896,2024-07-16,Kids,West,Shirt,Wallet,2,4096.02,28,5898.27
02ORD100070,2024-07-04,Unisex,Central,Dress,UPI,2,1820.03,19,2948.45
02ORD100292,2024-12-19,Men,West,Footwear,Wallet,5,3435.98,28,12369.53
02ORD100132,2025-12-11,Men,South,Accessories,Wallet,1,3747.62,21,2960.62
02ORD100301,2024-01-07,Men,South,Dress,Credit Card,4,6599.5,3,25606.06
02ORD100425,2024-11-03,Unisex,South,Shirt,Debit Card,2,385.3,16,647.3
02ORD100327,2024-10-16,Men,South,Footwear,Cash on Delivery,5,676.49,31,2333.89
02ORD100145,2025-05-16,Men,Central,Jeans,Wallet,2,7026.83,17,11664.54
02ORD100424,2025-11-17,Unisex,North,Footwear,Credit Card,2,638.4,39,778.85
02ORD100581,2025-09-25,Unisex,Central,Shirt,Cash on Delivery,2,204.59,4,392.81
02ORD100136,2025-09-09,Unisex,West,Dress,Credit Card,4,2767.71,15,9410.21
02ORD100451,2025-03-21,Kids,South,Dress,UPI,1,2362.93,16,1984.86
02ORD100165,2025-02-06,Women,North,Footwear,Debit Card,5,894.93,20,3579.72
02ORD100029,2025-05-12,Women,West,Accessories,UPI,3,4348.08,4,12522.47
02ORD100774,2025-10-18,Unisex,Central,Shirt,Debit Card,3,6378.08,12,16838.13
02ORD100194,2025-07-15,Men,North,Footwear,Wallet,4,1569.58,46,3390.29
02ORD100389,2025-12-09,Unisex,North,Dress,UPI,3,7250.47,5,20663.84
02ORD100853,2024-09-05,Unisex,East,Accessories,UPI,1,2799.27,2,2743.28
02ORD100170,2025-11-07,Women,Central,Accessories,Cash on Delivery,1,5561.01,5,5282.96
02ORD100706,2024-12-09,Unisex,North,Dress,Wallet,1,5252.13,22,4096.66
02ORD100141,2025-05-10,Unisex,North,Jeans,Debit Card,1,6130.62,41,3617.07
02ORD100174,2025-09-10,Unisex,Central,Accessories,Wallet,2,2431.82,41,2869.55
02ORD100007,2024-01-13,Men,South,Shirt,UPI,4,2107.78,20,6744.9
02ORD100746,2024-11-19,Men,West,Jeans,Wallet,3,7054.27,43,12062.8
02ORD100479,2025-07-20,Men,East,Dress,Credit Card,2,4824.28,8,8876.68
02ORD100074,2025-11-23,Women,West,Accessories,Cash on Delivery,5,7596.72,6,35704.58
02ORD100911,2025-08-22,Unisex,South,Shirt,Wallet,2,200.89,31,277.23
02ORD100814,2024-04-22,Women,Central,Footwear,Credit Card,5,4289.6,12,18874.24
02ORD100239,2024-08-24,Kids,South,Footwear,UPI,3,4910.24,34,9722.28
02ORD100146,2024-01-25,Men,Central,Dress,Debit Card,3,5694.05,2,16740.51
02ORD100793,2024-02-25,Unisex,West,Footwear,Credit Card,4,2206.45,27,6442.83
02ORD100235,2024-03-07,Kids,West,Shirt,Cash on Delivery,2,1105.93,30,1548.3
02ORD100221,2025-09-24,Unisex,Central,Jeans,UPI,1,7193.62,20,5754.9
02ORD100924,2024-05-27,Unisex,West,Accessories,Wallet,3,4403.05,5,12548.69
02ORD100501,2024-10-10,Unisex,East,Jeans,Debit Card,3,7641.23,11,20402.08
02ORD100133,2025-09-25,Men,Central,Shirt,Wallet,4,3871.12,37,9755.22
02ORD100991,2024-12-21,Kids,West,Jeans,Wallet,5,2188.68,1,10833.97
02ORD100775,2025-08-20,Kids,South,Accessories,Cash on Delivery,2,6740.25,26,9975.57
02ORD100186,2025-12-06,Women,North,Jeans,Wallet,5,710.69,43,2025.47
02ORD100042,2025-08-11,Kids,North,Dress,Debit Card,2,592.96,2,1162.2
02ORD100697,2024-02-04,Kids,South,Footwear,Credit Card,3,3419.71,50,5129.57
02ORD100109,2025-11-20,Kids,South,Footwear,UPI,1,5681.36,19,4601.9
02ORD100589,2024-09-05,Unisex,South,Jeans,Cash on Delivery,2,2657.69,3,5155.92
02ORD100057,2024-02-29,Kids,West,Accessories,Credit Card,1,7717.54,16,6482.73
02ORD100406,2024-10-28,Women,West,Jeans,Credit Card,2,6915.06,21,10925.79
02ORD100443,2025-01-03,Kids,West,Dress,Debit Card,1,5420.21,15,4607.18
02ORD100758,2025-06-13,Kids,South,Jeans,Cash on Delivery,4,1459.77,6,5488.74
02ORD100998,2025-12-16,Women,Central,Dress,Credit Card,3,322.54,31,667.66
02ORD100025,2024-08-03,Unisex,South,Dress,Wallet,2,3584.58,6,6739.01
02ORD100468,2025-10-08,Kids,South,Footwear,Credit Card,4,4995.24,12,17583.24
02ORD100540,2024-10-15,Kids,Central,Accessories,Debit Card,1,2127.21,8,1957.03
02ORD100532,2025-11-09,Unisex,East,Accessories,Wallet,3,1534.93,15,3914.07
02ORD100619,2024-11-26,Men,North,Accessories,Cash on Delivery,5,7036.17,0,35180.85
02ORD100695,2024-11-24,Unisex,West,Accessories,Wallet,2,4038.29,5,7672.75
02ORD100927,2024-05-28,Men,North,Accessories,Cash on Delivery,2,5686.52,49,5800.25
02ORD100339,2025-02-06,Kids,East,Footwear,UPI,1,3824.87,44,2141.93
02ORD100052,2024-10-31,Kids,North,Accessories,Debit Card,1,1692.62,35,1100.2
02ORD100508,2024-05-19,Kids,South,Footwear,Wallet,4,240.72,23,741.42
02ORD100517,2024-01-31,Men,West,Accessories,Credit Card,5,1299.78,22,5069.14
02ORD100921,2025-01-10,Unisex,West,Footwear,Cash on Delivery,1,694.58,18,569.56
02ORD100782,2025-05-14,Women,East,Jeans,Cash on Delivery,4,1833.25,33,4913.11
02ORD100265,2025-07-09,Unisex,South,Dress,UPI,2,3683.57,12,6483.08
02ORD100818,2025-12-30,Unisex,North,Jeans,Wallet,1,2114.93,7,1966.88
02ORD100711,2025-03-30,Men,West,Footwear,Wallet,1,2232.2,25,1674.15
02ORD100683,2025-09-19,Unisex,Central,Footwear,Credit Card,1,4024.54,13,3501.35
02ORD100833,2025-11-14,Kids,South,Accessories,Debit Card,1,442.16,22,344.88
02ORD100519,2024-12-28,Men,South,Jeans,Wallet,3,6518.09,28,14079.07
02ORD100448,2024-06-25,Kids,North,Dress,Debit Card,3,6266.45,16,15791.45
02ORD100019,2025-02-18,Men,West,Dress,Wallet,1,4441.25,14,3819.48
02ORD100716,2024-12-24,Women,North,Footwear,Wallet,3,6609.05,2,19430.61
02ORD100484,2024-08-19,Men,East,Dress,Credit Card,1,2882.04,20,2305.63
02ORD100569,2025-03-19,Women,East,Jeans,UPI,4,300.48,17,997.59
02ORD100434,2024-04-24,Women,East,Shirt,UPI,4,2691.8,32,7321.7
02ORD100368,2025-01-01,Men,Central,Accessories,Debit Card,1,209.02,12,183.94
02ORD100084,2025-12-01,Kids,Central,Footwear,Cash on Delivery,3,3039.14,9,8296.85
02ORD100062,2025-06-24,Men,East,Accessories,Cash on Delivery,1,2550.36,11,2269.82
02ORD100639,2024-06-06,Men,Central,Shirt,Cash on Delivery,2,2505.87,28,3608.45
02ORD100273,2025-11-05,Women,North,Jeans,Wallet,5,7698.06,23,29637.53
02ORD100286,2024-11-04,Unisex,North,Accessories,Debit Card,1,4433.45,4,4256.11
02ORD100361,2025-12-16,Women,South,Dress,Credit Card,3,1514.07,15,3860.88
02ORD100355,2024-12-04,Women,Central,Dress,Wallet,1,493.04,45,271.17
02ORD100457,2025-12-18,Kids,Central,Footwear,Cash on Delivery,2,4577.58,41,5401.54
02ORD100279,2024-07-24,Men,South,Accessories,Wallet,1,4640.96,47,2459.71
02ORD100013,2024-09-17,Kids,North,Dress,Credit Card,2,1057.14,14,1818.28
02ORD100183,2024-02-28,Unisex,North,Dress,Cash on Delivery,4,7180.26,25,21540.78
02ORD100369,2024-12-14,Unisex,Central,Shirt,Credit Card,3,1136.24,8,3136.02
02ORD100882,2024-05-25,Men,South,Dress,Credit Card,1,846.7,11,753.56
02ORD100616,2024-10-19,Men,West,Shirt,Cash on Delivery,1,1762.66,40,1057.6
02ORD100224,2024-04-10,Kids,East,Dress,Wallet,5,2379.89,27,8686.6
02ORD100573,2025-08-07,Women,West,Accessories,Cash on Delivery,1,7407.9,35,4815.14
02ORD100971,2024-01-26,Men,West,Dress,Cash on Delivery,5,1363.29,5,6475.63
02ORD100654,2025-12-02,Kids,East,Footwear,UPI,1,2990.16,42,1734.29
02ORD100546,2024-05-15,Kids,North,Jeans,Cash on Delivery,5,4987.0,4,23937.6
02ORD100583,2025-03-02,Women,South,Dress,Debit Card,1,1482.3,46,800.44
02ORD100634,2024-07-30,Kids,West,Shirt,Credit Card,2,1123.0,2,2201.08
02ORD100177,2024-03-24,Unisex,East,Accessories,UPI,1,391.64,7,364.23
02ORD100666,2024-11-15,Women,East,Dress,Credit Card,3,620.57,36,1191.49
02ORD100674,2024-10-21,Men,South,Jeans,Cash on Delivery,1,2668.5,6,2508.39
02ORD100586,2024-08-13,Women,West,Accessories,Cash on Delivery,4,494.0,27,1442.48
02ORD100874,2024-09-24,Unisex,East,Jeans,Cash on Delivery,2,604.96,45,665.46
02ORD100394,2025-01-10,Men,East,Dress,Wallet,5,2823.31,11,12563.73
02ORD100164,2025-08-21,Kids,East,Jeans,Cash on Delivery,4,4791.72,43,10925.12
02ORD100249,2025-02-19,Unisex,Central,Footwear,Wallet,2,3071.7,7,5713.36
02ORD100635,2025-02-21,Kids,North,Shirt,Cash on Delivery,2,305.39,50,305.39
02ORD100886,2025-10-25,Men,North,Jeans,Wallet,3,6565.58,4,18908.87
02ORD100670,2024-07-18,Men,South,Shirt,Wallet,1,1015.35,48,527.98
02ORD100376,2025-09-14,Women,South,Dress,Wallet,5,1696.73,28,6108.23
02ORD100413,2025-07-14,Women,North,Dress,Cash on Delivery,5,3634.39,12,15991.32
02ORD100075,2024-12-24,Unisex,North,Accessories,Credit Card,1,6770.22,13,5890.09
02ORD100114,2025-02-07,Men,South,Shirt,Wallet,2,1674.28,4,3214.62
02ORD100599,2025-09-24,Women,South,Dress,Wallet,4,3564.76,0,14259.04
02ORD100962,2025-01-21,Kids,West,Accessories,Debit Card,2,2039.86,23,3141.38
02ORD100391,2024-10-24,Kids,South,Shirt,UPI,2,5426.98,43,6186.76
02ORD100105,2024-01-16,Kids,Central,Footwear,UPI,2,7600.55,12,13376.97
02ORD100115,2025-10-26,Unisex,South,Jeans,UPI,3,4672.24,36,8970.7
02ORD100418,2024-08-06,Women,Central,Dress,Credit Card,2,2738.53,7,5093.67
02ORD100526,2024-02-16,Kids,North,Dress,Wallet,2,4908.29,48,5104.62
02ORD100458,2024-12-25,Men,Central,Accessories,Cash on Delivery,4,7085.12,38,17571.1
02ORD100410,2024-01-08,Kids,West,Shirt,Debit Card,3,4203.79,23,9710.75
02ORD100093,2025-12-08,Men,West,Footwear,Debit Card,1,2520.05,23,1940.44
02ORD100931,2025-02-07,Men,North,Dress,Credit Card,1,372.18,19,301.47
02ORD100090,2025-09-04,Unisex,West,Dress,Wallet,2,515.57,32,701.18
02ORD100337,2025-08-12,Women,Central,Accessories,Cash on Delivery,1,3388.63,27,2473.7
02ORD100989,2024-12-05,Women,West,Dress,UPI,1,3141.57,29,2230.51
02ORD100922,2025-04-11,Men,North,Accessories,Cash on Delivery,2,3289.73,43,3750.29
02ORD100934,2024-10-12,Kids,South,Jeans,Cash on Delivery,2,2702.3,40,3242.76
02ORD100606,2025-11-29,Unisex,South,Footwear,Cash on Delivery,1,2963.51,29,2104.09
02ORD100594,2024-04-05,Women,South,Dress,Wallet,1,2203.23,10,1982.91
02ORD100612,2025-01-13,Men,North,Jeans,Wallet,2,7562.94,14,13008.26
02ORD100095,2024-12-09,Women,West,Accessories,Credit Card,3,442.47,6,1247.77
02ORD100012,2025-08-28,Unisex,South,Accessories,Credit Card,1,6901.73,34,4555.14
02ORD100397,2024-07-17,Unisex,Central,Accessories,Credit Card,1,1593.96,39,972.32
02ORD100534,2024-04-28,Unisex,West,Footwear,Credit Card,1,2559.59,41,1510.16
02ORD100044,2025-05-21,Unisex,West,Dress,Wallet,2,5817.91,36,7446.92
02ORD100043,2025-11-30,Men,South,Dress,UPI,1,541.27,36,346.41
02ORD100330,2025-06-04,Women,South,Shirt,Debit Card,2,1500.27,12,2640.48
02ORD100168,2025-02-18,Women,West,Shirt,UPI,1,7898.38,38,4897.0
02ORD100498,2025-02-18,Women,South,Footwear,UPI,1,2048.15,3,1986.71
02ORD100877,2025-03-30,Women,West,Accessories,Credit Card,3,3656.9,46,5924.18
02ORD100598,2025-11-26,Women,Central,Accessories,Wallet,4,1005.48,16,3378.41
02ORD100757,2025-09-18,Unisex,East,Footwear,Debit Card,1,5167.97,2,5064.61
02ORD100101,2025-01-17,Men,North,Jeans,UPI,2,7915.93,50,7915.93
02ORD100427,2024-01-09,Unisex,East,Shirt,Debit Card,2,2793.98,28,4023.33
02ORD100179,2024-08-31,Women,Central,Footwear,Credit Card,1,4384.31,10,3945.88
02ORD100445,2024-07-13,Men,East,Dress,Credit Card,2,5208.77,28,7500.63
02ORD100417,2025-02-24,Women,West,Accessories,UPI,2,4904.13,6,9219.76
02ORD100871,2024-10-28,Unisex,North,Jeans,UPI,2,5352.67,36,6851.42
02ORD100883,2025-02-28,Women,East,Footwear,UPI,1,1689.2,5,1604.74
02ORD100681,2025-11-06,Kids,South,Jeans,UPI,1,6819.39,43,3887.05
02ORD100178,2024-09-27,Men,Central,Dress,Debit Card,2,6519.02,23,10039.29
02ORD100396,2025-02-22,Unisex,West,Dress,Credit Card,2,2641.82,44,2958.84
02ORD100912,2025-05-28,Unisex,North,Dress,Credit Card,1,1189.1,19,963.17
02ORD100794,2024-08-15,Men,West,Dress,Cash on Delivery,1,5608.38,36,3589.36
02ORD100961,2024-10-11,Kids,North,Footwear,UPI,4,2446.59,47,5186.77
02ORD100685,2024-11-06,Unisex,Central,Jeans,UPI,3,7101.43,33,14273.87
02ORD100384,2024-08-22,Men,North,Dress,Cash on Delivery,2,7978.9,38,9893.84
02ORD100957,2025-11-28,Women,North,Jeans,Debit Card,2,6458.97,28,9300.92
02ORD100752,2025-08-26,Kids,South,Footwear,Debit Card,1,2343.19,27,1710.53
02ORD100258,2025-11-10,Unisex,South,Footwear,Debit Card,3,6991.22,48,10906.3
02ORD100539,2025-08-25,Unisex,North,Footwear,Cash on Delivery,1,3516.78,40,2110.07
02ORD100336,2024-08-21,Women,Central,Footwear,Cash on Delivery,2,7575.25,23,11665.88
02ORD100016,2025-11-17,Kids,East,Jeans,Wallet,3,271.62,34,537.81
02ORD100325,2025-03-30,Men,East,Dress,Debit Card,5,3269.72,4,15694.66
02ORD100759,2024-01-10,Men,South,Jeans,Cash on Delivery,2,7264.63,43,8281.68
02ORD100223,2025-02-22,Kids,East,Jeans,UPI,1,1973.76,33,1322.42
02ORD100180,2025-01-22,Unisex,East,Shirt,UPI,5,2369.09,16,9950.18
02ORD100984,2025-06-17,Kids,West,Shirt,Cash on Delivery,4,4701.16,48,9778.41
02ORD100023,2024-06-09,Women,South,Footwear,Cash on Delivery,3,6975.65,23,16113.75
02ORD100357,2024-04-14,Kids,East,Shirt,Debit Card,4,4428.94,7,16475.66
02ORD100667,2024-03-23,Men,North,Shirt,Debit Card,1,3765.4,3,3652.44
02ORD100862,2024-03-19,Unisex,East,Jeans,Debit Card,4,4953.32,20,15850.62
02ORD100341,2024-04-28,Kids,North,Accessories,UPI,1,3705.87,35,2408.82
02ORD100432,2025-11-28,Women,South,Accessories,Wallet,1,4212.65,23,3243.74
02ORD100552,2025-09-26,Kids,Central,Dress,Wallet,2,2402.82,40,2883.38
02ORD100834,2025-04-21,Unisex,South,Footwear,Cash on Delivery,5,6986.53,45,19212.96
02ORD100204,2024-03-15,Kids,Central,Footwear,Wallet,2,869.1,8,1599.14
02ORD100631,2024-04-27,Men,East,Dress,Credit Card,5,4992.42,0,24962.1
02ORD100094,2024-07-20,Unisex,South,Dress,Debit Card,2,6355.47,8,11694.06
02ORD100559,2024-07-26,Unisex,Central,Shirt,Wallet,3,2729.62,20,6551.09
02ORD100069,2024-02-26,Unisex,West,Jeans,Wallet,1,5054.89,11,4498.85
02ORD100623,2024-02-23,Women,South,Shirt,Wallet,1,5595.54,7,5203.85
02ORD100285,2024-08-24,Men,East,Footwear,Cash on Delivery,3,5415.28,47,8610.3
02ORD100845,2024-12-28,Kids,North,Jeans,Credit Card,1,4503.26,1,4458.23
02ORD100435,2024-04-30,Men,West,Shirt,UPI,2,4815.1,6,9052.39
02ORD100154,2024-08-14,Women,North,Dress,Debit Card,2,1673.81,24,2544.19
02ORD100076,2025-03-15,Men,North,Jeans,Wallet,4,5833.51,10,21000.64
02ORD100731,2025-09-05,Unisex,South,Dress,Credit Card,4,1297.78,42,3010.85
02ORD100447,2025-11-19,Women,West,Jeans,Wallet,1,5046.42,28,3633.42
02ORD100189,2025-02-16,Unisex,West,Jeans,UPI,1,3354.25,15,2851.11
02ORD100272,2025-04-14,Kids,South,Footwear,Wallet,4,3481.99,5,13231.56
02ORD100237,2025-09-03,Women,West,Jeans,Cash on Delivery,5,3608.76,14,15517.67
02ORD100488,2024-11-28,Unisex,West,Jeans,UPI,3,5227.82,14,13487.78
02ORD100118,2025-08-26,Women,North,Shirt,UPI,2,7548.05,39,9208.62
02ORD100944,2025-12-17,Unisex,North,Shirt,Cash on Delivery,1,3336.9,13,2903.1
02ORD100513,2025-10-26,Men,Central,Shirt,Credit Card,3,3510.67,37,6635.17
02ORD100826,2025-01-03,Women,North,Dress,Cash on Delivery,1,7840.93,42,4547.74
02ORD100592,2025-10-17,Unisex,North,Shirt,Wallet,1,5810.79,44,3254.04
02ORD100127,2024-08-24,Women,East,Dress,Cash on Delivery,1,3289.96,46,1776.58
02ORD100117,2025-10-10,Men,West,Accessories,Credit Card,3,6919.67,34,13700.95
02ORD100474,2024-07-10,Women,South,Shirt,Debit Card,1,2587.67,6,2432.41
02ORD100694,2024-01-11,Women,East,Shirt,Credit Card,4,3278.25,18,10752.66
02ORD100058,2024-11-06,Kids,East,Footwear,Cash on Delivery,4,5203.32,39,12696.1
02ORD100864,2025-12-28,Men,East,Shirt,Debit Card,5,3082.95,27,11252.77
02ORD100913,2024-03-24,Women,West,Shirt,Debit Card,2,7481.2,47,7930.07
02ORD100370,2024-08-12,Women,Central,Accessories,Credit Card,1,4368.53,14,3756.94
02ORD100269,2025-01-14,Unisex,West,Footwear,Wallet,3,4070.32,45,6716.03
02ORD100047,2024-08-01,Men,South,Dress,Debit Card,1,1684.23,34,1111.59
02ORD100350,2024-10-10,Kids,Central,Accessories,Debit Card,1,4101.38,24,3117.05
02ORD100196,2025-12-14,Men,East,Jeans,Cash on Delivery,1,3507.64,43,1999.35
02ORD101000,2024-06-15,Kids,West,Footwear,Credit Card,1,3158.8,9,2874.51
02ORD100835,2025-02-04,Men,East,Jeans,UPI,3,1280.49,14,3303.66
02ORD100737,2025-07-26,Unisex,North,Shirt,UPI,2,692.45,27,1010.98
02ORD100264,2024-09-30,Unisex,West,Dress,Credit Card,4,6997.1,27,20431.53
02ORD100444,2024-08-20,Men,East,Footwear,Credit Card,2,3919.54,9,7133.56
02ORD100676,2025-11-19,Men,Central,Footwear,Credit Card,1,1372.86,11,1221.85
02ORD100305,2025-04-20,Men,Central,Dress,Credit Card,1,638.78,34,421.59
02ORD100342,2024-11-30,Kids,East,Shirt,Cash on Delivery,3,1670.33,26,3708.13
02ORD100967,2025-07-07,Men,West,Jeans,Credit Card,5,1391.96,15,5915.83
02ORD100150,2024-12-03,Kids,West,Shirt,Wallet,4,3944.05,26,11674.39
02ORD100125,2024-08-13,Women,North,Jeans,UPI,2,4361.21,8,8024.63
02ORD100787,2025-08-23,Women,West,Accessories,UPI,5,5559.81,41,16401.44
02ORD100051,2024-10-06,Kids,Central,Jeans,Debit Card,1,817.15,17,678.23
02ORD100354,2025-01-28,Unisex,East,Dress,Debit Card,2,6600.0,32,8976.0
02ORD100928,2024-03-28,Women,North,Footwear,Wallet,2,5228.88,45,5751.77
02ORD100143,2024-04-18,Kids,Central,Footwear,Cash on Delivery,1,7576.04,25,5682.03
02ORD100471,2025-03-15,Men,South,Shirt,Wallet,1,6190.1,20,4952.08
02ORD100400,2024-11-05,Unisex,Central,Jeans,UPI,3,2112.18,25,4752.4
02ORD100626,2024-04-22,Women,West,Accessories,Wallet,2,4631.89,25,6947.84
02ORD100321,2024-08-27,Women,Central,Footwear,Debit Card,1,5669.09,5,5385.64
02ORD100020,2024-03-09,Women,West,Jeans,UPI,5,2839.72,21,11216.89
02ORD100810,2025-09-27,Women,Central,Jeans,Credit Card,4,1993.66,48,4146.81
02ORD100791,2024-06-09,Women,Central,Footwear,UPI,3,3036.06,32,6193.56
02ORD100809,2025-08-20,Kids,North,Jeans,Cash on Delivery,2,3400.94,50,3400.94
02ORD100408,2025-10-12,Unisex,West,Dress,UPI,3,1425.44,12,3763.16
02ORD100538,2024-02-21,Kids,West,Jeans,UPI,1,1198.87,28,863.19
02ORD100621,2024-06-09,Men,South,Shirt,Wallet,2,3753.15,18,6155.17
02ORD100039,2025-04-15,Kids,East,Accessories,Cash on Delivery,2,7249.83,12,12759.7
02ORD100176,2024-05-09,Unisex,South,Jeans,Credit Card,5,5267.94,3,25549.51
02ORD100246,2025-10-15,Women,South,Dress,Debit Card,1,3938.75,23,3032.84
02ORD100829,2025-12-03,Unisex,East,Accessories,Credit Card,1,5698.49,20,4558.79
02ORD100668,2024-10-29,Unisex,South,Jeans,Cash on Delivery,1,4486.05,12,3947.72
02ORD100755,2024-05-06,Women,West,Footwear,Cash on Delivery,2,7180.78,16,12063.71
02ORD100859,2025-08-22,Women,North,Footwear,UPI,5,5548.83,38,17201.37
02ORD100155,2024-11-15,Women,North,Footwear,Wallet,1,7226.08,23,5564.08
02ORD100288,2025-04-19,Unisex,Central,Accessories,Cash on Delivery,1,1174.69,44,657.83
02ORD100603,2024-05-12,Unisex,West,Shirt,Credit Card,1,7535.19,30,5274.63
02ORD100570,2024-11-27,Unisex,West,Shirt,UPI,1,7568.05,18,6205.8
02ORD100744,2024-12-24,Unisex,West,Accessories,Cash on Delivery,1,1371.42,33,918.85
02ORD100018,2025-04-12,Women,Central,Jeans,Credit Card,2,558.34,41,658.84
02ORD100128,2024-01-26,Unisex,North,Shirt,Credit Card,1,5611.13,4,5386.68
02ORD100323,2025-04-15,Women,West,Footwear,Debit Card,1,2936.61,39,1791.33
02ORD100256,2024-10-06,Men,South,Footwear,Cash on Delivery,1,6578.65,22,5131.35
02ORD100658,2025-10-18,Men,North,Footwear,Wallet,1,7532.4,26,5573.98
02ORD100965,2025-12-16,Kids,West,Shirt,UPI,1,938.19,37,591.06
02ORD100191,2024-08-16,Kids,Central,Footwear,Cash on Delivery,2,1890.15,32,2570.6
02ORD100116,2024-03-06,Unisex,Central,Jeans,Cash on Delivery,5,1877.9,11,8356.66
02ORD100617,2025-11-20,Men,Central,Accessories,Credit Card,1,3424.03,46,1848.98
02ORD100607,2024-08-08,Men,West,Footwear,Credit Card,1,3171.95,9,2886.47
02ORD100181,2024-08-01,Kids,South,Footwear,Wallet,4,679.54,49,1386.26
02ORD100302,2025-09-30,Women,Central,Dress,Debit Card,4,2423.91,50,4847.82
02ORD100760,2024-04-01,Men,Central,Accessories,Cash on Delivery,1,4225.73,7,3929.93
02ORD100713,2024-05-07,Women,South,Jeans,UPI,2,6934.23,46,7488.97
02ORD100724,2024-01-16,Men,South,Footwear,UPI,4,3001.84,27,8765.37
02ORD100686,2025-06-20,Women,North,Dress,UPI,3,4699.76,24,10715.45
02ORD100980,2025-01-10,Kids,South,Footwear,UPI,1,3145.82,38,1950.41
02ORD100518,2024-08-27,Men,North,Accessories,Debit Card,1,205.16,11,182.59
02ORD100985,2024-04-19,Men,Central,Dress,Debit Card,4,712.96,40,1711.1
02ORD100046,2024-11-20,Women,Central,Dress,Credit Card,2,2198.08,2,4308.24
02ORD100910,2025-09-08,Women,South,Dress,UPI,2,2408.71,37,3034.97
02ORD100158,2025-04-11,Women,South,Accessories,UPI,2,975.07,45,1072.58
02ORD100852,2024-07-04,Unisex,East,Dress,Cash on Delivery,1,3951.78,9,3596.12
02ORD100172,2025-06-24,Unisex,West,Dress,Debit Card,3,937.96,13,2448.08
02ORD100017,2025-01-21,Unisex,North,Dress,Wallet,2,3649.67,24,5547.5
02ORD100512,2024-09-26,Unisex,North,Footwear,Wallet,1,948.78,35,616.71
02ORD100049,2024-06-17,Kids,Central,Footwear,Credit Card,1,202.13,27,147.55
02ORD100972,2025-01-05,Men,South,Dress,Wallet,4,2078.77,23,6402.61
02ORD100941,2024-11-06,Women,East,Footwear,Debit Card,4,1612.75,6,6063.94
02ORD100516,2025-09-12,Women,North,Footwear,Wallet,3,4313.16,45,7116.71
02ORD100953,2025-08-09,Women,Central,Footwear,Wallet,1,5546.2,31,3826.88
02ORD100481,2025-07-27,Unisex,Central,Footwear,Credit Card,5,5488.36,3,26618.55
02ORD100284,2024-04-27,Unisex,Central,Footwear,Credit Card,5,1859.23,23,7158.04
02ORD100719,2024-03-15,Unisex,North,Accessories,Credit Card,1,2829.18,30,1980.43
02ORD100878,2025-10-12,Kids,West,Dress,Wallet,1,4768.73,20,3814.98
02ORD100226,2025-10-19,Kids,East,Shirt,UPI,5,5185.25,40,15555.75
02ORD100027,2025-05-22,Women,South,Shirt,Credit Card,1,7262.54,31,5011.15
02ORD100955,2025-06-24,Kids,East,Dress,UPI,3,1718.39,2,5052.07
02ORD100438,2024-10-02,Kids,East,Footwear,Credit Card,5,770.32,2,3774.57
02ORD100952,2025-05-11,Unisex,East,Accessories,Credit Card,1,606.7,6,570.3
02ORD100365,2024-08-09,Women,Central,Jeans,Cash on Delivery,1,5701.87,23,4390.44
02ORD100230,2024-04-04,Men,East,Jeans,Wallet,5,2848.35,6,13387.24
02ORD100038,2025-05-12,Men,North,Footwear,Debit Card,5,2268.22,1,11227.69
02ORD100966,2025-03-06,Kids,North,Dress,Cash on Delivery,4,251.95,9,917.1
02ORD100375,2025-03-19,Men,Central,Shirt,Credit Card,2,777.57,7,1446.28
02ORD100470,2025-04-21,Men,Central,Footwear,Credit Card,5,929.53,11,4136.41
02ORD100968,2025-02-19,Unisex,West,Dress,UPI,3,737.12,10,1990.22
02ORD100851,2024-06-03,Men,West,Accessories,Debit Card,1,314.88,26,233.01
02ORD100705,2024-08-16,Women,East,Footwear,UPI,1,3404.49,22,2655.5
02ORD100842,2025-09-24,Unisex,East,Jeans,UPI,1,2822.24,2,2765.8
02ORD100195,2024-04-27,Kids,Central,Footwear,Debit Card,1,4856.51,5,4613.68
02ORD100855,2024-11-16,Unisex,North,Footwear,UPI,5,4650.18,37,14648.07
02ORD100865,2024-06-24,Unisex,East,Jeans,Credit Card,3,3990.25,30,8379.52
02ORD100504,2025-04-07,Kids,East,Jeans,UPI,3,3520.97,19,8555.96
02ORD100970,2025-02-19,Men,North,Jeans,Wallet,1,2451.72,44,1372.96
02ORD100831,2024-01-12,Unisex,Central,Jeans,UPI,4,984.87,27,2875.82
02ORD100580,2025-06-01,Unisex,South,Dress,Debit Card,5,5870.62,40,17611.86
02ORD100969,2025-03-01,Men,West,Shirt,Wallet,1,7966.26,31,5496.72
02ORD100163,2024-04-09,Unisex,Central,Shirt,Wallet,4,3340.73,23,10289.45
02ORD100909,2025-01-06,Men,North,Jeans,Debit Card,5,5307.54,31,18311.01
02ORD100153,2025-05-22,Kids,East,Jeans,Credit Card,3,4716.21,38,8772.15
02ORD100802,2024-12-09,Unisex,South,Dress,Debit Card,2,3890.06,30,5446.08
02ORD100994,2025-03-27,Unisex,North,Footwear,UPI,4,2581.23,4,9911.92
02ORD100756,2024-07-11,Unisex,West,Accessories,Wallet,1,7863.69,25,5897.77
02ORD100112,2024-05-13,Women,West,Dress,Credit Card,2,1872.61,27,2734.01
02ORD100227,2024-08-30,Women,East,Jeans,Cash on Delivery,2,785.12,27,1146.28
02ORD100689,2024-07-27,Women,North,Footwear,Wallet,1,6463.44,15,5493.92
02ORD100104,2024-09-28,Women,North,Dress,UPI,2,3652.34,41,4309.76
02ORD100422,2024-09-29,Kids,South,Shirt,UPI,2,2746.65,11,4889.04
02ORD100420,2025-06-29,Kids,South,Footwear,Cash on Delivery,1,5404.34,40,3242.6
02ORD100751,2025-07-26,Kids,East,Accessories,Cash on Delivery,2,440.57,1,872.33
02ORD100587,2024-08-17,Women,South,Shirt,Credit Card,2,1158.81,2,2271.27
02ORD100781,2024-01-06,Unisex,South,Shirt,Debit Card,4,2329.65,36,5963.9
02ORD100673,2025-11-13,Kids,Central,Shirt,Cash on Delivery,2,3272.85,47,3469.22
02ORD100120,2024-09-15,Women,East,Footwear,Wallet,1,2947.01,49,1502.98
02ORD100054,2025-05-30,Kids,North,Shirt,UPI,1,3980.9,25,2985.68
02ORD100152,2024-05-16,Women,Central,Footwear,Debit Card,1,4046.33,26,2994.28
02ORD100404,2025-12-02,Kids,South,Accessories,Cash on Delivery,2,7774.52,46,8396.48
02ORD100946,2025-03-13,Men,East,Dress,Cash on Delivery,1,7708.72,32,5241.93
02ORD100208,2024-01-15,Women,South,Accessories,Debit Card,1,3243.94,5,3081.74
02ORD100659,2024-07-22,Unisex,East,Jeans,Credit Card,3,7157.18,14,18465.52
02ORD100844,2024-11-25,Kids,Central,Jeans,Wallet,2,3948.05,18,6474.8
02ORD100763,2025-03-24,Kids,West,Dress,Wallet,3,6107.26,34,12092.37
02ORD100009,2025-01-05,Unisex,West,Dress,Debit Card,2,2556.76,33,3426.06
02ORD100808,2024-03-19,Men,South,Footwear,Wallet,2,6449.55,11,11480.2
02ORD100037,2025-10-10,Men,West,Dress,UPI,5,7330.86,23,28223.81
02ORD100453,2024-06-12,Unisex,North,Accessories,Debit Card,1,5602.85,50,2801.42
02ORD100652,2025-01-13,Men,Central,Footwear,Cash on Delivery,2,1709.99,45,1880.99
02ORD100254,2024-10-09,Unisex,South,Jeans,Cash on Delivery,1,4989.52,23,3841.93
02ORD100304,2024-07-08,Unisex,East,Jeans,Cash on Delivery,1,6337.41,46,3422.2
02ORD100747,2025-11-28,Unisex,South,Jeans,Debit Card,4,2655.48,41,6266.93
02ORD100572,2024-03-19,Kids,North,Jeans,Wallet,1,2866.09,8,2636.8
02ORD100624,2024-02-03,Women,Central,Shirt,UPI,2,3186.94,37,4015.54
02ORD100733,2024-08-16,Unisex,South,Accessories,UPI,5,5884.19,47,15593.1
02ORD100892,2025-01-20,Men,Central,Footwear,Wallet,3,1747.63,41,3093.31
02ORD100263,2024-11-16,Men,East,Footwear,Debit Card,1,298.57,43,170.18
02ORD100611,2025-06-03,Kids,West,Accessories,Debit Card,3,6881.49,21,16309.13
02ORD100298,2024-10-08,Unisex,South,Shirt,UPI,1,375.03,43,213.77
02ORD100415,2024-02-07,Women,North,Jeans,UPI,2,6054.22,43,6901.81
02ORD100151,2024-02-06,Men,East,Dress,Cash on Delivery,2,3110.02,43,3545.42
02ORD100789,2025-11-09,Men,East,Jeans,Credit Card,4,7395.06,7,27509.62
02ORD100641,2025-05-26,Kids,Central,Shirt,UPI,2,3483.73,25,5225.6
02ORD100890,2024-09-09,Women,South,Footwear,Cash on Delivery,2,6448.14,13,11219.76
02ORD100551,2025-07-29,Men,West,Dress,Debit Card,2,5071.67,15,8621.84
02ORD100887,2025-12-13,Men,South,Accessories,Credit Card,2,7907.44,8,14549.69
02ORD100489,2025-03-14,Kids,West,Shirt,Debit Card,1,2970.26,34,1960.37
02ORD100148,2024-10-14,Men,Central,Jeans,UPI,1,4415.77,2,4327.45
02ORD100147,2024-07-05,Unisex,Central,Accessories,Cash on Delivery,5,3739.0,22,14582.1
02ORD100721,2024-07-14,Men,East,Jeans,Wallet,1,1149.74,18,942.79
02ORD100932,2024-03-22,Kids,South,Footwear,Wallet,2,2568.05,13,4468.41
02ORD100740,2025-09-06,Unisex,West,Dress,Debit Card,1,7170.44,21,5664.65
02ORD100660,2024-07-31,Kids,South,Dress,UPI,4,4376.07,10,15753.85
02ORD100349,2024-05-26,Women,East,Footwear,Cash on Delivery,1,5819.81,27,4248.46
02ORD100464,2025-02-18,Men,West,Jeans,Debit Card,3,772.79,34,1530.12
02ORD100326,2024-12-31,Kids,North,Dress,Debit Card,3,1695.61,12,4476.41
02ORD100187,2024-05-02,Women,East,Accessories,Cash on Delivery,2,5585.8,44,6256.1
02ORD100124,2024-07-16,Unisex,South,Shirt,Credit Card,2,5302.04,41,6256.41
02ORD100854,2024-05-13,Unisex,Central,Shirt,Cash on Delivery,2,3702.16,35,4812.81
02ORD100609,2024-02-15,Men,North,Jeans,Credit Card,2,5874.12,43,6696.5
02ORD100144,2025-12-03,Kids,West,Dress,Debit Card,1,1736.43,12,1528.06
02ORD100959,2024-10-21,Unisex,Central,Footwear,Debit Card,4,2526.92,21,7985.07
02ORD100198,2025-01-29,Women,South,Shirt,Debit Card,5,2181.35,6,10252.34
02ORD100610,2024-07-10,Unisex,South,Jeans,Wallet,1,3721.78,24,2828.55
02ORD100280,2025-04-10,Kids,North,Dress,Wallet,3,6915.69,35,13485.6
02ORD100294,2024-11-23,Men,West,Jeans,Credit Card,1,4931.18,6,4635.31
02ORD100401,2025-08-18,Women,East,Jeans,Credit Card,1,3696.58,21,2920.3
02ORD100123,2024-04-10,Unisex,West,Footwear,Credit Card,1,2293.3,38,1421.85
02ORD100184,2025-08-24,Men,Central,Dress,Wallet,1,5549.99,42,3218.99
02ORD100203,2025-02-15,Men,South,Jeans,UPI,2,1617.11,42,1875.85
02ORD100439,2024-08-26,Men,North,Footwear,Credit Card,1,6535.08,43,3725.0
02ORD100247,2025-03-03,Women,South,Accessories,Credit Card,2,3063.77,34,4044.18
02ORD100416,2024-05-15,Kids,West,Jeans,Credit Card,2,4010.12,36,5132.95
02ORD100933,2025-10-02,Unisex,West,Footwear,Credit Card,2,7383.34,4,14176.01
02ORD100766,2024-02-21,Kids,South,Jeans,Credit Card,4,1761.65,40,4227.96
02ORD100907,2024-03-11,Unisex,East,Shirt,Credit Card,2,5104.46,15,8677.58
02ORD100836,2024-06-25,Men,West,Shirt,Wallet,3,1192.03,1,3540.33
02ORD100888,2024-05-07,Unisex,West,Dress,Wallet,1,3232.04,45,1777.62
02ORD100130,2025-05-20,Women,South,Accessories,UPI,4,4197.09,0,16788.36
02ORD100638,2024-05-07,Men,West,Shirt,Credit Card,2,6363.03,31,8780.98
02ORD100403,2024-11-18,Kids,East,Jeans,Wallet,5,6005.47,38,18616.96
02ORD100785,2024-04-27,Kids,North,Shirt,Credit Card,1,1013.95,47,537.39
02ORD100771,2025-02-04,Kids,West,Accessories,Debit Card,5,6298.61,21,24879.51
02ORD100736,2025-12-15,Women,Central,Accessories,Credit Card,2,7610.65,49,7762.86
02ORD100914,2024-02-12,Women,North,Jeans,UPI,1,6964.37,1,6894.73
02ORD100220,2025-06-04,Women,West,Footwear,Cash on Delivery,1,378.77,36,242.41
02ORD100642,2024-02-14,Women,Central,Accessories,Credit Card,3,3401.08,38,6326.01
02ORD100916,2025-08-28,Women,West,Footwear,UPI,2,6270.3,46,6771.92
02ORD100753,2025-03-30,Unisex,West,Dress,Credit Card,2,454.84,9,827.81
02ORD100807,2024-03-06,Unisex,North,Accessories,UPI,1,6765.11,43,3856.11
02ORD100920,2024-10-16,Unisex,West,Shirt,Cash on Delivery,5,5514.39,28,19851.8
02ORD100625,2024-08-29,Kids,West,Dress,Wallet,3,6977.97,11,18631.18
02ORD100875,2024-06-18,Unisex,Central,Jeans,Debit Card,4,7096.11,8,26113.68
02ORD100761,2024-05-18,Women,Central,Dress,UPI,4,1398.24,19,4530.3
02ORD100387,2025-05-24,Women,East,Footwear,Cash on Delivery,1,1577.12,15,1340.55
02ORD100973,2025-01-19,Unisex,Central,Jeans,Cash on Delivery,1,7500.78,32,5100.53
02ORD100510,2025-12-13,Unisex,North,Footwear,Debit Card,4,7242.8,39,17672.43
02ORD100268,2025-10-29,Kids,South,Accessories,Wallet,3,3626.83,50,5440.24
02ORD100820,2025-02-14,Unisex,East,Footwear,Debit Card,1,6395.2,7,5947.54
02ORD100442,2025-06-05,Men,West,Footwear,Debit Card,2,5786.34,30,8100.88
02ORD100497,2024-05-20,Kids,Central,Shirt,Debit Card,4,3059.67,13,10647.65
02ORD100113,2024-10-09,Women,North,Accessories,Credit Card,2,5956.58,23,9173.13
02ORD100692,2024-11-22,Unisex,West,Shirt,Cash on Delivery,4,1215.74,1,4814.33
02ORD100233,2024-08-01,Men,West,Jeans,Cash on Delivery,2,2195.97,0,4391.94
02ORD100870,2024-11-11,Men,West,Jeans,Credit Card,5,5526.94,0,27634.7
02ORD100608,2025-03-13,Unisex,North,Footwear,Debit Card,5,3411.45,7,15863.24
02ORD100672,2025-11-22,Unisex,East,Jeans,Wallet,2,1837.37,36,2351.83
02ORD100374,2025-12-12,Women,South,Accessories,Credit Card,5,4269.53,15,18145.5
02ORD100982,2024-03-31,Unisex,North,Footwear,Cash on Delivery,2,5481.97,39,6688.0
02ORD100843,2024-07-20,Men,North,Jeans,Cash on Delivery,1,2027.98,46,1095.11
02ORD100234,2025-12-18,Men,West,Footwear,Debit Card,4,5275.46,28,15193.32
02ORD100786,2025-04-29,Kids,Central,Jeans,Cash on Delivery,1,5817.09,34,3839.28
02ORD100677,2025-01-30,Men,West,Footwear,Wallet,4,4126.85,20,13205.92
02ORD100318,2025-01-01,Men,South,Footwear,Debit Card,1,1950.74,31,1346.01
02ORD100649,2025-12-03,Men,North,Dress,Debit Card,2,5091.62,32,6924.6
02ORD100411,2024-08-22,Men,South,Footwear,UPI,2,5273.73,14,9070.82
02ORD100899,2024-07-21,Unisex,East,Jeans,Credit Card,1,5373.23,7,4997.1
02ORD100710,2024-10-16,Men,North,Dress,Debit Card,4,7534.1,27,21999.57
02ORD100359,2025-04-03,Men,East,Jeans,Cash on Delivery,1,6020.25,13,5237.62
02ORD100259,2024-02-16,Unisex,West,Accessories,UPI,1,4198.45,29,2980.9
02ORD100745,2025-12-06,Men,South,Shirt,Credit Card,1,500.01,32,340.01
02ORD100628,2024-01-23,Men,Central,Footwear,Debit Card,5,723.48,28,2604.53
02ORD100633,2025-10-04,Men,South,Footwear,Debit Card,1,4052.29,27,2958.17
02ORD100283,2025-09-09,Kids,South,Accessories,UPI,1,6831.48,28,4918.67
02ORD100377,2024-01-06,Men,South,Shirt,Credit Card,4,6750.99,22,21063.09
02ORD100385,2025-05-14,Women,South,Jeans,Debit Card,1,2391.38,26,1769.62
02ORD100225,2025-10-22,Men,North,Footwear,Debit Card,1,1192.78,37,751.45
02ORD100954,2024-06-11,Kids,West,Dress,Cash on Delivery,1,3601.47,47,1908.78
02ORD100815,2024-03-31,Kids,East,Footwear,Credit Card,2,6486.55,26,9600.09
02ORD100473,2024-04-02,Men,North,Shirt,Debit Card,5,2630.29,5,12493.88
02ORD100348,2024-11-19,Kids,South,Dress,UPI,1,1083.42,40,650.05
02ORD100506,2024-10-02,Kids,West,Accessories,Wallet,2,4520.66,37,5696.03
02ORD100640,2025-01-28,Unisex,South,Jeans,Cash on Delivery,1,4065.1,24,3089.48
02ORD100988,2025-08-07,Kids,West,Shirt,Debit Card,2,7507.2,35,9759.36
02ORD100929,2024-11-19,Unisex,North,Shirt,Debit Card,1,3115.72,7,2897.62
02ORD100906,2025-07-15,Kids,South,Shirt,Credit Card,3,2460.9,4,7087.39
02ORD100620,2024-04-13,Women,East,Dress,UPI,4,1433.63,1,5677.17
02ORD100856,2025-01-24,Men,West,Dress,Debit Card,4,3596.6,24,10933.66
02ORD100804,2025-04-17,Kids,West,Dress,Cash on Delivery,4,3758.34,32,10222.68
02ORD100646,2024-11-10,Women,North,Jeans,UPI,5,630.59,41,1860.24
02ORD100847,2024-12-21,Kids,South,Shirt,Wallet,4,2204.52,36,5643.57
02ORD100557,2025-06-11,Unisex,North,Footwear,Wallet,3,5727.37,2,16838.47
02ORD100958,2025-07-19,Women,East,Accessories,Wallet,5,3992.85,23,15372.47
02ORD100578,2025-02-05,Kids,South,Shirt,Debit Card,1,3544.32,33,2374.69
02ORD100796,2024-02-15,Men,North,Footwear,Credit Card,1,6746.38,24,5127.25
02ORD100086,2025-06-14,Unisex,North,Accessories,Wallet,1,1205.48,30,843.84
02ORD100243,2025-10-08,Men,North,Shirt,Credit Card,4,3355.71,41,7919.48
02ORD100699,2025-03-27,Men,East,Jeans,Credit Card,5,583.54,13,2538.4
02ORD100160,2024-08-22,Kids,West,Footwear,Cash on Delivery,4,1142.49,29,3244.67
02ORD100525,2024-04-08,Kids,South,Footwear,Debit Card,1,812.85,42,471.45
02ORD100036,2024-06-20,Unisex,Central,Accessories,UPI,1,6855.49,49,3496.3
02ORD100541,2024-12-02,Women,West,Jeans,UPI,4,6036.33,42,14004.29
02ORD100171,2025-04-07,Women,Central,Footwear,Debit Card,2,2737.26,4,5255.54
02ORD100655,2025-11-17,Kids,West,Shirt,Debit Card,5,264.92,2,1298.11
02ORD100891,2025-11-30,Men,East,Dress,Debit Card,1,4913.17,43,2800.51
02ORD100858,2024-01-22,Unisex,Central,Shirt,UPI,1,5914.24,47,3134.55
02ORD100848,2024-08-03,Women,Central,Accessories,Wallet,1,7598.5,16,6382.74
02ORD100945,2025-10-25,Women,Central,Jeans,Cash on Delivery,1,6308.66,43,3595.94
02ORD100734,2024-10-23,Kids,North,Shirt,Wallet,2,7467.92,14,12844.82
02ORD100096,2025-06-06,Men,South,Jeans,Wallet,2,7740.55,15,13158.94
02ORD100564,2025-07-03,Unisex,West,Shirt,Wallet,1,7197.93,4,6910.01
02ORD100241,2025-02-10,Men,West,Footwear,Wallet,1,7990.46,29,5673.23
02ORD100743,2025-10-30,Kids,Central,Shirt,UPI,5,6685.28,38,20724.37
02ORD100575,2025-01-30,Women,North,Jeans,Debit Card,1,4734.11,48,2461.74
02ORD100691,2024-04-03,Kids,Central,Shirt,Credit Card,5,7937.32,44,22224.5
02ORD100461,2024-04-27,Kids,West,Shirt,UPI,1,4706.44,47,2494.41
02ORD100554,2025-04-21,Unisex,North,Accessories,Cash on Delivery,1,1001.98,3,971.92
02ORD100889,2024-10-13,Kids,Central,Footwear,UPI,2,568.84,39,693.98
02ORD100207,2024-06-19,Kids,Central,Accessories,Credit Card,1,5581.59,11,4967.62
02ORD100393,2024-05-16,Women,West,Shirt,Credit Card,2,5072.4,15,8623.08
02ORD100795,2024-05-28,Women,West,Jeans,Credit Card,1,508.75,47,269.64
02ORD100398,2025-04-07,Women,East,Shirt,Debit Card,2,7233.95,28,10416.89
02ORD100767,2025-12-07,Unisex,North,Jeans,Credit Card,3,1844.85,9,5036.44
02ORD100849,2025-07-08,Men,North,Dress,UPI,2,1523.12,13,2650.23
02ORD100218,2024-03-09,Women,South,Accessories,Wallet,3,1707.89,15,4355.12
02ORD100005,2024-11-18,Kids,West,Shirt,Wallet,3,7314.59,46,11849.64
02ORD100769,2025-12-18,Women,South,Footwear,Cash on Delivery,1,1912.84,37,1205.09
02ORD100643,2024-04-17,Men,Central,Jeans,Cash on Delivery,1,2003.52,7,1863.27
02ORD100930,2025-01-30,Unisex,West,Jeans,Wallet,2,7616.34,23,11729.16
02ORD100613,2025-11-21,Women,Central,Jeans,Cash on Delivery,1,2819.38,40,1691.63
02ORD100739,2025-08-05,Men,Central,Shirt,Wallet,2,644.64,3,1250.6
02ORD100547,2025-02-10,Men,West,Jeans,Debit Card,5,883.2,4,4239.36
02ORD100726,2025-08-11,Unisex,North,Shirt,Cash on Delivery,1,3034.41,36,1942.02
02ORD100684,2025-06-19,Kids,South,Jeans,Debit Card,1,2209.03,33,1480.05
02ORD100099,2025-03-20,Kids,West,Dress,Credit Card,1,3027.15,5,2875.79
02ORD100805,2024-10-01,Kids,North,Dress,Cash on Delivery,1,7172.91,29,5092.77
02ORD100728,2025-02-08,Kids,West,Jeans,Wallet,1,7228.82,19,5855.34
02ORD100574,2025-11-18,Kids,South,Accessories,Debit Card,1,389.25,30,272.47
02ORD100407,2024-10-04,Women,South,Jeans,Debit Card,5,4612.73,44,12915.64
02ORD100503,2024-08-10,Unisex,West,Dress,Cash on Delivery,3,7393.0,23,17077.83
02ORD100048,2024-07-26,Kids,South,Dress,Debit Card,5,5424.64,22,21156.1
02ORD100033,2025-08-23,Kids,East,Footwear,Debit Card,1,6928.61,34,4572.88
02ORD100780,2025-11-06,Unisex,East,Jeans,Debit Card,4,1110.07,39,2708.57
02ORD100840,2024-07-21,Women,Central,Accessories,Debit Card,3,6449.7,2,18962.12
02ORD100201,2025-11-23,Unisex,North,Accessories,Cash on Delivery,2,4437.57,13,7721.37
02ORD100135,2024-11-10,Unisex,North,Footwear,Credit Card,1,7535.99,18,6179.51
02ORD100028,2024-01-16,Unisex,Central,Shirt,UPI,1,1133.13,31,781.86
02ORD100881,2024-05-20,Men,Central,Footwear,Wallet,3,7260.51,21,17207.41
02ORD100231,2024-08-13,Men,Central,Shirt,Credit Card,5,5720.99,21,22597.91
02ORD100490,2025-01-09,Men,West,Footwear,Cash on Delivery,1,582.45,48,302.87
02ORD100773,2025-08-27,Women,Central,Accessories,Credit Card,2,3734.44,36,4780.08
02ORD100379,2024-05-06,Women,West,Jeans,Wallet,1,7178.14,30,5024.7
02ORD100289,2024-04-09,Unisex,Central,Jeans,Wallet,5,1211.31,25,4542.41
02ORD100419,2024-12-13,Kids,East,Shirt,Cash on Delivery,2,7871.06,36,10074.96
02ORD100675,2025-05-26,Men,West,Shirt,UPI,1,3320.21,0,3320.21
02ORD100392,2025-09-01,Women,Central,Dress,UPI,2,1664.65,17,2763.32
02ORD100593,2025-01-26,Kids,East,Footwear,Wallet,1,6864.64,44,3844.2
02ORD100499,2024-04-02,Unisex,West,Shirt,Credit Card,4,3687.73,19,11948.25
02ORD100139,2025-02-23,Kids,West,Shirt,Credit Card,2,4445.8,2,8713.77
02ORD100063,2025-10-24,Women,West,Accessories,Wallet,2,936.54,47,992.73
02ORD100472,2025-07-23,Men,West,Footwear,Debit Card,1,6027.35,36,3857.5
02ORD100648,2024-08-15,Men,South,Jeans,Cash on Delivery,4,270.77,28,779.82
02ORD100129,2024-04-30,Unisex,North,Footwear,Debit Card,1,4015.72,11,3573.99
02ORD100977,2024-04-15,Women,Central,Dress,UPI,3,3279.92,37,6199.05
02ORD100521,2025-10-14,Kids,East,Shirt,Cash on Delivery,1,5143.03,47,2725.81
02ORD100839,2025-03-23,Women,North,Dress,Wallet,5,5605.72,35,18218.59
02ORD100963,2024-05-17,Unisex,South,Jeans,Wallet,1,5897.01,39,3597.18
02ORD100065,2025-03-08,Men,South,Footwear,Credit Card,2,4925.91,43,5615.54
02ORD100813,2025-07-11,Unisex,South,Dress,Debit Card,2,1974.53,10,3554.15
02ORD100015,2025-11-27,Kids,East,Jeans,Wallet,1,3501.19,25,2625.89
02ORD100157,2024-03-26,Kids,Central,Jeans,Cash on Delivery,1,5138.5,8,4727.42
02ORD100041,2025-11-20,Kids,North,Accessories,Debit Card,2,4507.24,4,8653.9
02ORD100493,2025-10-25,Unisex,South,Dress,Credit Card,1,6142.86,36,3931.43
02ORD100380,2024-04-13,Men,South,Jeans,Debit Card,2,1115.95,39,1361.46
02ORD100188,2025-10-09,Kids,Central,Shirt,Wallet,2,4663.78,26,6902.39
02ORD100764,2024-11-28,Unisex,East,Dress,Wallet,2,5906.3,16,9922.58
02ORD100217,2024-05-20,Women,North,Footwear,Credit Card,3,3787.8,15,9658.89
02ORD100792,2024-09-26,Kids,East,Dress,Wallet,2,6100.0,43,6954.0
02ORD100053,2024-05-25,Kids,East,Footwear,Credit Card,1,3211.64,32,2183.92
02ORD100879,2024-10-18,Unisex,South,Dress,UPI,5,7812.41,30,27343.44
02ORD100338,2025-09-11,Kids,East,Footwear,Debit Card,3,5362.36,13,13995.76
02ORD100749,2025-09-16,Women,North,Shirt,Credit Card,1,3853.0,32,2620.04
02ORD100720,2025-06-29,Women,South,Shirt,Cash on Delivery,2,2246.57,9,4088.76
02ORD100725,2025-02-26,Men,North,Accessories,Debit Card,5,3906.8,18,16017.88
02ORD100296,2024-03-03,Unisex,South,Shirt,Cash on Delivery,4,6727.04,17,22333.77
02ORD100702,2025-10-14,Kids,West,Dress,Credit Card,4,5507.55,37,13879.03
02ORD100252,2024-12-09,Unisex,South,Shirt,Credit Card,1,6724.64,12,5917.68
02ORD100727,2025-08-15,Kids,West,Shirt,Credit Card,1,5198.85,22,4055.1
02ORD100462,2024-09-09,Women,North,Shirt,Wallet,5,6043.66,20,24174.64
02ORD100456,2024-08-05,Kids,South,Jeans,Cash on Delivery,5,6203.22,6,29155.13
02ORD100997,2024-05-25,Men,West,Accessories,Credit Card,5,6132.92,17,25451.62
02ORD100816,2024-05-20,Kids,East,Jeans,Wallet,3,2956.12,7,8247.57
02ORD100863,2024-02-20,Women,South,Footwear,UPI,5,4763.52,29,16910.5
02ORD100270,2025-12-11,Unisex,North,Jeans,Cash on Delivery,2,3347.44,6,6293.19
02ORD100202,2024-03-18,Women,West,Dress,UPI,1,2576.14,15,2189.72
02ORD100162,2025-05-10,Men,North,Jeans,Debit Card,2,4312.02,15,7330.43
02ORD100556,2024-01-20,Women,North,Dress,Cash on Delivery,1,4129.33,45,2271.13
02ORD100730,2025-06-14,Kids,North,Accessories,Cash on Delivery,4,3173.99,12,11172.44
02ORD100402,2024-10-07,Unisex,Central,Footwear,UPI,2,2699.18,32,3670.88
02ORD100703,2025-06-18,Kids,West,Accessories,Credit Card,1,1144.87,28,824.31
02ORD100477,2024-01-07,Unisex,West,Accessories,Cash on Delivery,1,7071.62,47,3747.96
02ORD100822,2025-01-18,Men,West,Dress,Credit Card,1,2315.77,6,2176.82
02ORD100772,2025-03-14,Unisex,West,Jeans,Debit Card,2,6313.83,43,7197.77
02ORD100106,2025-02-27,Unisex,Central,Dress,Credit Card,2,2117.8,11,3769.68
02ORD100566,2025-09-08,Women,West,Footwear,Cash on Delivery,1,3751.91,19,3039.05
02ORD100390,2025-07-22,Men,North,Footwear,UPI,3,2696.41,32,5500.68
02ORD100002,2024-01-26,Men,South,Dress,Debit Card,3,4611.83,25,10376.62
02ORD100938,2025-03-28,Men,West,Footwear,Debit Card,2,1003.54,44,1123.96
02ORD100983,2025-01-27,Men,West,Footwear,Debit Card,4,2457.75,29,6980.01
02ORD100562,2025-05-18,Unisex,North,Footwear,Wallet,4,2859.17,17,9492.44
02ORD100081,2025-05-02,Unisex,East,Accessories,Wallet,1,7829.47,8,7203.11
02ORD100206,2024-01-21,Women,East,Shirt,UPI,1,1729.63,16,1452.89
02ORD100035,2025-12-28,Kids,South,Footwear,Wallet,1,6535.83,49,3333.27
02ORD100776,2025-05-23,Unisex,South,Accessories,Wallet,4,5306.25,14,18253.5
02ORD100509,2024-12-22,Women,North,Footwear,Credit Card,4,6035.26,42,14001.8
02ORD100428,2025-03-19,Unisex,East,Accessories,UPI,5,3617.73,26,13385.6
02ORD100455,2024-02-22,Kids,Central,Footwear,UPI,2,2869.21,10,5164.58
02ORD100367,2025-12-13,Men,North,Accessories,Wallet,5,3274.86,50,8187.15
02ORD100092,2025-08-18,Kids,Central,Accessories,Wallet,1,6696.35,44,3749.96
02ORD100340,2024-02-08,Women,East,Dress,Debit Card,4,5117.59,2,20060.95
02ORD100898,2024-02-25,Unisex,East,Accessories,UPI,1,7794.19,46,4208.86
02ORD100565,2024-06-29,Kids,North,Dress,UPI,1,4241.1,8,3901.81
02ORD100346,2024-03-14,Unisex,Central,Dress,UPI,1,5936.06,26,4392.68
02ORD100777,2024-06-01,Unisex,Central,Dress,Debit Card,1,1980.72,21,1564.77
02ORD100242,2025-04-24,Unisex,East,Dress,Debit Card,1,4939.55,33,3309.5
02ORD100014,2024-07-23,Men,South,Accessories,Debit Card,4,7588.94,0,30355.76
02ORD100316,2025-10-29,Men,East,Footwear,UPI,5,859.26,19,3480.0
02ORD100601,2025-08-26,Men,East,Dress,UPI,2,4223.38,46,4561.25
02ORD100388,2025-07-05,Unisex,East,Dress,UPI,1,4724.78,50,2362.39
02ORD100274,2024-04-25,Kids,East,Shirt,Cash on Delivery,4,4873.36,18,15984.62
02ORD100167,2025-06-10,Kids,Central,Accessories,Wallet,1,1562.34,39,953.03
02ORD100841,2025-11-27,Women,West,Footwear,Credit Card,1,3300.55,4,3168.53
02ORD100993,2025-07-10,Unisex,North,Jeans,Wallet,1,655.59,17,544.14
02ORD100647,2024-06-25,Kids,West,Jeans,Wallet,2,1744.42,21,2756.18
02ORD100819,2025-08-11,Women,North,Shirt,Credit Card,1,1051.38,19,851.62
02ORD100485,2025-04-01,Women,Central,Footwear,Wallet,2,2361.62,39,2881.18
02ORD100981,2024-11-03,Unisex,East,Shirt,Wallet,3,2669.14,12,7046.53
02ORD100505,2025-06-28,Kids,West,Footwear,Cash on Delivery,1,7886.09,4,7570.65
02ORD100832,2024-06-04,Kids,Central,Shirt,Credit Card,1,5717.68,34,3773.67
02ORD100244,2024-08-09,Kids,East,Footwear,UPI,3,1955.62,10,5280.17
02ORD100567,2025-09-03,Unisex,North,Jeans,Credit Card,1,439.43,27,320.78
02ORD100876,2025-07-04,Unisex,Central,Accessories,UPI,2,6927.87,16,11638.82
02ORD100563,2024-06-14,Men,West,Jeans,Wallet,1,6464.78,43,3684.92
02ORD100687,2025-09-30,Unisex,South,Jeans,Wallet,1,1923.95,3,1866.23
02ORD100190,2024-05-18,Men,East,Dress,Cash on Delivery,1,3035.17,25,2276.38
02ORD100783,2025-10-22,Men,East,Footwear,Debit Card,1,3750.56,43,2137.82
02ORD100700,2024-08-07,Women,South,Shirt,UPI,4,217.31,9,791.01
02ORD100476,2025-01-30,Unisex,West,Dress,UPI,2,763.39,41,900.8
02ORD100682,2024-10-19,Unisex,West,Accessories,Credit Card,5,5706.25,43,16262.81
02ORD100511,2024-01-23,Women,North,Shirt,Cash on Delivery,2,1288.82,6,2422.98
02ORD100059,2025-06-11,Men,South,Shirt,Credit Card,2,381.78,6,717.75
02ORD100475,2024-04-12,Men,West,Jeans,UPI,5,6734.16,25,25253.1
02ORD100561,2025-01-10,Men,Central,Footwear,Cash on Delivery,1,399.79,42,231.88
02ORD100857,2025-03-09,Kids,Central,Jeans,UPI,2,3434.81,21,5427.0
02ORD100748,2024-11-21,Unisex,South,Dress,Wallet,1,1205.04,39,735.07
02ORD100253,2024-09-18,Unisex,West,Shirt,Wallet,1,5275.15,44,2954.08
02ORD100022,2024-04-13,Kids,South,Shirt,Wallet,3,4981.73,14,12852.86
02ORD100314,2025-02-12,Men,South,Shirt,Debit Card,4,5194.77,31,14337.57
02ORD100460,2024-02-25,Men,West,Accessories,Credit Card,1,4236.51,43,2414.81
02ORD100161,2025-03-08,Unisex,South,Jeans,Debit Card,1,812.84,18,666.53
02ORD100277,2025-01-13,Women,West,Shirt,Credit Card,2,3297.87,50,3297.87
02ORD100956,2024-06-13,Women,South,Accessories,Cash on Delivery,1,6564.06,38,4069.72
02ORD100192,2024-09-30,Kids,South,Accessories,Wallet,3,5421.97,30,11386.14
02ORD100386,2024-10-15,Women,West,Shirt,Credit Card,3,5409.55,46,8763.47
02ORD100806,2024-12-18,Kids,North,Accessories,Wallet,4,4082.38,11,14533.27
02ORD100414,2024-10-28,Unisex,West,Dress,Debit Card,1,7228.19,26,5348.86
02ORD100492,2024-12-10,Unisex,Central,Footwear,Wallet,3,4521.61,40,8138.9
02ORD100344,2025-06-22,Unisex,Central,Accessories,Cash on Delivery,2,4321.96,46,4667.72
02ORD100770,2025-04-19,Unisex,South,Dress,UPI,3,3620.64,32,7386.11
02ORD100309,2025-04-30,Women,Central,Jeans,Credit Card,2,5882.2,7,10940.89
02ORD100662,2024-11-18,Men,Central,Shirt,UPI,1,5298.47,25,3973.85
02ORD100131,2024-06-30,Kids,South,Shirt,Cash on Delivery,1,2287.64,43,1303.95
02ORD100664,2024-06-29,Men,West,Dress,Debit Card,5,5247.33,12,23088.25
02ORD100872,2025-07-01,Men,Central,Shirt,Wallet,1,7613.73,12,6700.08
02ORD100100,2024-08-09,Unisex,East,Footwear,UPI,3,716.96,49,1096.95
02ORD100373,2024-07-01,Unisex,West,Accessories,Cash on Delivery,1,5898.3,32,4010.84
02ORD100088,2024-11-21,Unisex,North,Dress,Cash on Delivery,1,2341.7,8,2154.36
02ORD100459,2025-01-19,Men,East,Footwear,UPI,5,4315.93,4,20716.46
02ORD100331,2024-10-30,Kids,North,Accessories,Wallet,1,563.14,10,506.83
02ORD100215,2025-04-24,Men,Central,Shirt,Credit Card,1,5392.12,23,4151.93
02ORD100467,2024-03-20,Men,South,Footwear,Debit Card,1,4332.03,4,4158.75
02ORD100122,2025-07-20,Kids,Central,Jeans,Cash on Delivery,3,587.29,44,986.65
02ORD100615,2024-02-08,Men,Central,Jeans,Wallet,4,940.44,19,3047.03
02ORD100021,2025-04-16,Kids,East,Footwear,Cash on Delivery,1,3891.79,5,3697.2
02ORD100701,2025-03-16,Kids,North,Shirt,Wallet,4,2108.44,2,8265.08
02ORD100072,2025-08-27,Unisex,North,Accessories,Debit Card,1,4449.08,47,2358.01
02ORD100107,2025-06-07,Unisex,West,Shirt,Cash on Delivery,4,4349.28,20,13917.7
02ORD100271,2025-11-04,Unisex,East,Dress,UPI,1,5492.55,44,3075.83
02ORD100861,2024-05-04,Men,North,Shirt,Credit Card,1,2148.68,29,1525.56
02ORD100436,2025-10-14,Unisex,West,Accessories,Wallet,1,762.39,0,762.39
02ORD100103,2024-01-07,Men,East,Footwear,Cash on Delivery,3,5307.28,11,14170.44
