order_id,customer_id,category,subcategory,region,payment_method,unit_price,quantity,discount_pct,order_date
ORD00001,CUST1343,Electronics,Mobile,East,Card,3903.69,5,10.0,2025-06-08
ORD00002,CUST1390,Fashion,Men,North,Wallet,3532.23,2,0.0,2025-07-12
ORD00003,CUST1051,Electronics,Accessory,West,UPI,3841.53,6,15.0,2025-07-07
ORD00004,CUST1370,Electronics,Mobile,South,Card,2334.37,4,5.0,2025-03-08
ORD00005,CUST1177,Sports,Indoor,North,,3272.75,3,20.0,2025-07-19
ORD00006,CUST1025,Fashion,Kids,West,Card,1252.11,1,10.0,2025-11-21
ORD00007,CUST1303,Beauty,Haircare,East,UPI,4164.01,2,15.0,2025-03-02
ORD00008,CUST1357,Fashion,Kids,West,Cash on Delivery,1869.45,1,20.0,2025-06-12
ORD00009,CUST1186,Home,Kitchen,South,Cash on Delivery,3925.16,6,0.0,2025-05-13
ORD00010,CUST1273,Electronics,Mobile,West,UPI,362.45,4,0.0,2025-09-29
ORD00011,CUST1130,Home,Furniture,East,UPI,3762.1,3,20.0,2025-05-30
ORD00012,CUST1075,Beauty,Haircare,North,Net Banking,1946.73,1,10.0,2025-10-18
ORD00013,CUST1090,Electronics,Accessory,East,Wallet,780.12,5,10.0,2025-05-01
ORD00014,CUST1333,Home,Decor,South,UPI,3398.6,7,10.0,2025-02-28
ORD00015,CUST1332,Electronics,Accessory,South,Cash on Delivery,3546.29,1,5.0,2025-10-08
ORD00016,CUST1115,Electronics,Mobile,North,Net Banking,4053.11,6,5.0,2025-11-24
ORD00017,CUST1079,Home,Furniture,East,Card,3460.1,5,0.0,2025-10-31
ORD00018,CUST1265,Home,Furniture,South,Cash on Delivery,185.71,6,15.0,2025-10-12
ORD00019,CUST1183,Electronics,Accessory,South,Wallet,3570.05,2,15.0,2025-07-22
ORD00020,CUST1045,Fashion,Men,West,Net Banking,2908.39,1,0.0,2025-03-31
ORD00021,CUST1226,Home,Decor,South,Cash on Delivery,3391.75,5,10.0,2025-11-09
ORD00022,CUST1221,Electronics,Mobile,North,Cash on Delivery,3860.24,5,15.0,2025-07-26
ORD00023,CUST1012,Beauty,Makeup,North,Card,2862.15,6,5.0,2025-08-09
ORD00024,CUST1163,Sports,Indoor,East,Card,2268.08,7,5.0,2025-04-11
ORD00025,CUST1023,Beauty,Makeup,West,Card,4289.0,1,5.0,2025-10-27
ORD00026,CUST1264,Home,Kitchen,South,Wallet,1514.71,7,5.0,2025-06-08
ORD00027,CUST1265,Sports,Outdoor,West,Wallet,2851.61,4,15.0,2025-12-30
ORD00028,CUST1066,Beauty,Makeup,South,Card,2120.98,3,20.0,2025-04-28
ORD00029,CUST1288,Sports,Outdoor,North,UPI,260.15,1,0.0,2025-10-09
ORD00030,CUST1200,Electronics,Mobile,South,Net Banking,2390.1,6,0.0,2025-11-25
ORD00031,CUST1178,Sports,Fitness,West,Net Banking,888.71,4,15.0,2025-06-30
ORD00032,CUST1252,Sports,Outdoor,East,Wallet,1997.95,2,5.0,2025-09-07
ORD00033,CUST1047,Electronics,Accessory,North,Wallet,1904.79,7,0.0,2025-05-06
ORD00034,CUST1279,Home,Decor,East,UPI,4815.2,3,20.0,2025-06-30
ORD00035,CUST1311,Home,Furniture,South,Net Banking,1439.47,6,20.0,2025-04-07
ORD00036,CUST1108,Electronics,Accessory,East,Wallet,3626.92,6,10.0,2025-09-26
ORD00037,CUST1182,Fashion,Kids,North,Cash on Delivery,617.5,4,20.0,2025-02-16
ORD00038,CUST1231,Sports,Indoor,South,Card,1131.46,6,5.0,2025-10-23
ORD00039,CUST1303,Home,Kitchen,North,Wallet,1007.35,4,20.0,2025-01-08
ORD00040,CUST1250,Home,Furniture,North,UPI,3639.4,5,10.0,2025-04-23
ORD00041,CUST1033,Home,Furniture,South,UPI,2982.88,1,15.0,2025-08-18
ORD00042,CUST1197,Fashion,Kids,North,UPI,2166.67,6,0.0,2025-03-07
ORD00043,CUST1041,Beauty,Skincare,South,Card,1749.83,5,0.0,2025-09-05
ORD00044,CUST1370,Beauty,Haircare,South,Cash on Delivery,3000.08,6,0.0,2025-04-20
ORD00045,CUST1236,Sports,Indoor,West,Card,2968.15,4,5.0,2025-08-12
ORD00046,CUST1192,Sports,Indoor,South,Cash on Delivery,260.6,2,20.0,2025-06-02
ORD00047,CUST1194,Beauty,Haircare,East,Net Banking,3946.27,1,0.0,2025-04-11
ORD00048,CUST1228,Sports,Outdoor,North,Card,2529.93,4,20.0,2025-02-28
ORD00049,CUST1132,Fashion,Men,East,UPI,2446.42,6,5.0,2025-12-15
ORD00050,CUST1008,Sports,Indoor,South,Wallet,2675.26,6,10.0,2025-04-14
ORD00051,CUST1056,Fashion,Men,North,UPI,4157.52,1,20.0,2025-07-18
ORD00052,CUST1268,Fashion,Men,North,Cash on Delivery,2837.08,3,0.0,2025-09-01
ORD00053,CUST1290,Electronics,Accessory,South,Cash on Delivery,1513.98,2,15.0,2025-09-24
ORD00054,CUST1366,Beauty,Skincare,South,Wallet,3877.94,3,0.0,2025-08-13
ORD00055,CUST1221,Sports,Outdoor,South,Net Banking,1266.54,2,0.0,2025-02-21
ORD00056,CUST1323,Beauty,Skincare,North,UPI,1948.97,3,20.0,2025-06-17
ORD00057,CUST1116,Beauty,Makeup,West,Net Banking,1688.12,2,20.0,2025-08-20
ORD00058,CUST1374,Beauty,Haircare,North,UPI,2648.03,7,5.0,2025-12-28
ORD00059,CUST1174,Electronics,Laptop,East,UPI,948.35,4,0.0,2025-04-20
ORD00060,CUST1299,Fashion,Men,South,Wallet,4963.02,2,20.0,2025-02-03
ORD00061,CUST1207,Beauty,Skincare,West,Card,4470.34,2,20.0,2025-02-12
ORD00062,CUST1264,Home,Furniture,South,UPI,1682.26,1,15.0,2025-05-03
ORD00063,CUST1298,Beauty,Haircare,North,UPI,1962.24,7,0.0,2025-09-26
ORD00064,CUST1096,Sports,Fitness,North,Card,1422.93,1,20.0,2025-12-12
ORD00065,CUST1061,Fashion,Women,West,Net Banking,745.38,1,20.0,2025-11-22
ORD00066,CUST1349,Fashion,Women,North,Card,1019.45,3,10.0,2025-09-20
ORD00067,CUST1310,Beauty,Skincare,West,Cash on Delivery,1102.71,2,5.0,2025-12-31
ORD00068,CUST1057,Beauty,Makeup,West,Wallet,4863.36,4,10.0,2025-06-08
ORD00069,CUST1052,Beauty,Skincare,South,Cash on Delivery,217.59,2,5.0,2025-04-12
ORD00070,CUST1202,Fashion,Men,,Cash on Delivery,3436.64,7,0.0,2025-04-19
ORD00071,CUST1079,Electronics,Mobile,West,Wallet,3517.17,6,10.0,2025-06-02
ORD00072,CUST1295,Sports,Fitness,North,Wallet,4050.0,1,15.0,2025-01-31
ORD00073,CUST1371,Electronics,Mobile,North,Wallet,785.63,4,0.0,2025-07-27
ORD00074,CUST1195,Electronics,Accessory,South,Net Banking,2078.25,7,5.0,2025-02-18
ORD00075,CUST1114,Electronics,Accessory,South,Wallet,3364.89,3,20.0,2025-07-10
ORD00076,CUST1222,Sports,Fitness,North,Net Banking,4635.32,4,0.0,2025-08-06
ORD00077,CUST1056,Sports,Indoor,East,Cash on Delivery,3224.78,6,0.0,2025-09-22
ORD00078,CUST1238,Fashion,Kids,East,Card,2182.7,1,20.0,2025-03-02
ORD00079,CUST1186,Home,Furniture,South,Cash on Delivery,4675.16,6,20.0,2025-06-07
ORD00080,CUST1043,Beauty,Makeup,,UPI,3956.1,6,0.0,2025-08-31
ORD00081,CUST1093,Beauty,Haircare,North,UPI,4172.73,2,15.0,2025-06-18
ORD00082,CUST1347,Sports,Fitness,East,Card,2724.23,6,15.0,2025-12-07
ORD00083,CUST1149,Home,Kitchen,South,Cash on Delivery,3075.07,3,10.0,2025-02-13
ORD00084,CUST1346,Home,Kitchen,,Wallet,2215.53,1,15.0,2025-12-18
ORD00085,CUST1094,Home,Decor,North,Wallet,2351.4,4,5.0,2025-04-09
ORD00086,CUST1042,Home,Decor,North,Card,3768.17,6,20.0,2025-12-17
ORD00087,CUST1058,Home,Kitchen,North,Wallet,472.81,4,10.0,2025-05-11
ORD00088,CUST1057,Fashion,Women,East,Wallet,4149.62,3,5.0,2025-12-04
ORD00089,CUST1113,Fashion,Kids,East,Card,4616.71,5,0.0,2025-02-26
ORD00090,CUST1008,Home,Decor,West,Cash on Delivery,895.02,4,0.0,2025-07-17
ORD00091,CUST1021,Electronics,Mobile,West,Cash on Delivery,418.67,2,0.0,2025-10-31
ORD00092,CUST1157,Electronics,Mobile,East,Card,3017.05,4,15.0,2025-10-21
ORD00093,CUST1350,Home,Kitchen,West,Wallet,1692.26,7,10.0,2025-09-26
ORD00094,CUST1072,Beauty,Haircare,North,UPI,4277.99,4,0.0,2025-06-29
ORD00095,CUST1228,Electronics,Accessory,South,Wallet,1298.21,2,5.0,2025-08-23
ORD00096,CUST1149,Electronics,Laptop,South,Net Banking,2168.87,2,0.0,2025-01-03
ORD00097,CUST1333,Fashion,Men,East,Cash on Delivery,2690.2,7,0.0,2025-02-04
ORD00098,CUST1039,Electronics,Laptop,South,Card,402.02,3,20.0,2025-09-09
ORD00099,CUST1391,Electronics,Laptop,West,Wallet,4241.34,6,20.0,2025-03-29
ORD00100,CUST1256,Fashion,Men,South,Card,4039.83,5,15.0,2025-08-18
ORD00101,CUST1214,Beauty,Skincare,South,Cash on Delivery,3928.13,6,0.0,2025-10-29
ORD00102,CUST1185,Beauty,Haircare,South,Cash on Delivery,2643.98,7,20.0,2025-11-01
ORD00103,CUST1106,Fashion,Kids,North,Net Banking,2017.68,5,15.0,2025-04-02
ORD00104,CUST1166,Electronics,Laptop,South,Card,827.88,4,10.0,2025-03-02
ORD00105,CUST1146,Beauty,Makeup,East,Card,1277.96,3,5.0,2025-07-04
ORD00106,CUST1274,Fashion,Men,South,Net Banking,1738.35,4,5.0,2025-03-08
ORD00107,CUST1366,Home,Furniture,North,Cash on Delivery,1589.85,6,20.0,2025-09-02
ORD00108,CUST1214,Home,Decor,West,Wallet,2482.42,6,5.0,2025-06-18
ORD00109,CUST1321,Home,Kitchen,North,Cash on Delivery,4265.52,4,15.0,2025-03-15
ORD00110,CUST1115,Fashion,Kids,East,UPI,2733.7,6,15.0,2025-01-27
ORD00111,CUST1277,Electronics,Accessory,,Cash on Delivery,3714.23,1,5.0,2025-08-07
ORD00112,CUST1245,Home,Furniture,North,,4324.49,7,0.0,2025-12-14
ORD00113,CUST1033,Sports,Fitness,East,UPI,611.21,5,15.0,2025-07-31
ORD00114,CUST1383,Beauty,Skincare,South,Cash on Delivery,4689.31,6,0.0,2025-12-17
ORD00115,CUST1313,Beauty,Skincare,East,Wallet,4034.29,3,10.0,2025-06-12
ORD00116,CUST1101,Home,Decor,North,Cash on Delivery,4006.31,7,20.0,2025-02-02
ORD00117,CUST1246,Sports,Outdoor,West,Cash on Delivery,3011.87,1,0.0,2025-07-09
ORD00118,CUST1228,Beauty,Haircare,East,Wallet,980.76,1,10.0,2025-01-03
ORD00119,CUST1305,Fashion,Men,West,Net Banking,2410.03,5,10.0,2025-09-23
ORD00120,CUST1239,Fashion,Kids,East,Net Banking,4026.34,4,10.0,2025-03-28
ORD00121,CUST1046,Sports,Fitness,East,Cash on Delivery,4666.5,6,0.0,2025-10-14
ORD00122,CUST1167,Fashion,Women,East,Net Banking,575.39,4,15.0,2025-09-24
ORD00123,CUST1133,Beauty,Makeup,South,Wallet,3905.46,2,15.0,2025-09-24
ORD00124,CUST1108,Beauty,Haircare,South,UPI,4507.08,6,15.0,2025-08-20
ORD00125,CUST1063,Home,Decor,East,UPI,1916.33,4,5.0,2025-04-25
ORD00126,CUST1175,Fashion,Kids,East,Card,866.75,1,20.0,2025-07-22
ORD00127,CUST1221,Fashion,Men,North,UPI,2009.1,1,15.0,2025-03-06
ORD00128,CUST1191,Fashion,Women,North,Net Banking,4690.28,3,15.0,2025-08-12
ORD00129,CUST1287,Beauty,Haircare,South,Net Banking,1975.34,5,20.0,2025-01-02
ORD00130,CUST1340,Beauty,Makeup,South,Card,4763.29,3,0.0,2025-04-09
ORD00131,CUST1235,Electronics,Mobile,West,Card,3239.81,1,0.0,2025-06-24
ORD00132,CUST1181,Fashion,Kids,West,UPI,3477.57,4,0.0,2025-02-04
ORD00133,CUST1183,Sports,Fitness,North,Net Banking,4153.19,4,5.0,2025-12-20
ORD00134,CUST1367,Fashion,Women,East,Net Banking,2295.22,1,5.0,2025-07-08
ORD00135,CUST1398,Sports,Indoor,West,Wallet,3939.28,4,0.0,2025-05-23
ORD00136,CUST1334,Beauty,Skincare,West,Net Banking,4414.12,5,5.0,2025-10-11
ORD00137,CUST1266,Home,Kitchen,East,Wallet,666.13,5,20.0,2025-01-09
ORD00138,CUST1358,Beauty,Haircare,South,Cash on Delivery,3303.11,5,0.0,2025-09-06
ORD00139,CUST1057,Beauty,Skincare,East,Card,290.65,2,5.0,2025-06-15
ORD00140,CUST1364,Home,Furniture,East,Wallet,3917.32,6,0.0,2025-01-06
ORD00141,CUST1002,Electronics,Mobile,South,,3332.9,7,0.0,2025-01-02
ORD00142,CUST1320,Beauty,Haircare,South,Card,400.54,6,15.0,2025-12-24
ORD00143,CUST1022,Electronics,Laptop,West,Cash on Delivery,1306.98,3,20.0,2025-03-31
ORD00144,CUST1308,Sports,Outdoor,West,UPI,4034.67,7,20.0,2025-02-13
ORD00145,CUST1016,Fashion,Women,West,Wallet,3535.89,6,20.0,2025-06-12
ORD00146,CUST1201,Electronics,Accessory,West,Net Banking,1128.64,1,0.0,2025-09-12
ORD00147,CUST1340,Electronics,Laptop,East,Net Banking,3764.16,4,15.0,2025-02-01
ORD00148,CUST1077,Beauty,Haircare,South,Net Banking,902.78,6,15.0,2025-01-20
ORD00149,CUST1392,Fashion,Women,West,Net Banking,1463.18,1,15.0,2025-07-10
ORD00150,CUST1246,Electronics,Laptop,East,Net Banking,3115.99,4,0.0,2025-01-26
ORD00151,CUST1283,Fashion,,South,Wallet,355.4,2,20.0,2025-06-17
ORD00152,CUST1073,Sports,Fitness,West,Wallet,989.67,3,0.0,2025-10-09
ORD00153,CUST1313,Sports,Indoor,North,UPI,4903.13,5,10.0,2025-07-18
ORD00154,CUST1058,Beauty,Skincare,West,Card,3236.58,7,10.0,2025-06-12
ORD00155,CUST1231,Electronics,Laptop,West,Cash on Delivery,4738.22,4,5.0,2025-06-02
ORD00156,CUST1376,Fashion,Women,East,Cash on Delivery,3543.91,2,15.0,2025-06-11
ORD00157,CUST1161,Beauty,Makeup,West,Cash on Delivery,869.93,4,10.0,2025-09-10
ORD00158,CUST1053,Electronics,Laptop,North,Wallet,2449.72,1,0.0,2025-12-22
ORD00159,CUST1171,Electronics,Laptop,South,UPI,1498.67,1,5.0,2025-08-13
ORD00160,CUST1164,Electronics,Mobile,South,Card,3113.29,3,15.0,2025-12-21
ORD00161,CUST1235,Electronics,Accessory,South,Card,2132.6,6,5.0,2025-12-13
ORD00162,CUST1167,Fashion,Women,North,Wallet,1687.65,7,0.0,2025-04-20
ORD00163,CUST1228,Fashion,Women,East,Cash on Delivery,2449.54,2,5.0,2025-02-04
ORD00164,CUST1259,Fashion,Kids,North,Card,2893.99,5,15.0,2025-07-19
ORD00165,CUST1314,Home,Kitchen,North,Cash on Delivery,3314.3,5,5.0,2025-03-31
ORD00166,CUST1250,Sports,Indoor,West,Net Banking,2813.35,2,10.0,2025-07-13
ORD00167,CUST1294,Fashion,Men,South,UPI,1899.19,7,10.0,2025-10-23
ORD00168,CUST1201,Home,Decor,North,Wallet,4449.05,1,20.0,2025-11-07
ORD00169,CUST1125,Electronics,Laptop,West,Cash on Delivery,2673.33,2,15.0,2025-03-31
ORD00170,CUST1046,Electronics,Accessory,East,UPI,4211.3,3,10.0,2025-01-16
ORD00171,CUST1022,Beauty,Makeup,North,Net Banking,499.49,7,20.0,2025-10-27
ORD00172,CUST1069,Home,Decor,West,Card,1510.97,4,5.0,2025-06-27
ORD00173,CUST1005,Beauty,Skincare,East,Wallet,1672.38,1,15.0,2025-11-26
ORD00174,CUST1148,Sports,Outdoor,West,,4161.79,5,20.0,2025-06-01
ORD00175,CUST1047,Sports,Outdoor,East,Card,895.02,2,15.0,2025-09-01
ORD00176,CUST1398,Electronics,Laptop,West,Card,1919.86,4,,2025-01-28
ORD00177,CUST1275,Beauty,Haircare,West,Cash on Delivery,3894.71,3,5.0,2025-10-09
ORD00178,CUST1256,Electronics,Laptop,East,Card,3571.22,6,5.0,2025-12-04
ORD00179,CUST1210,Beauty,Skincare,East,Cash on Delivery,202.03,5,5.0,2025-10-04
ORD00180,CUST1334,Home,Furniture,East,Wallet,944.19,5,0.0,2025-06-02
ORD00181,CUST1335,Electronics,Accessory,South,UPI,4947.3,7,10.0,2025-03-15
ORD00182,CUST1179,Fashion,Kids,West,Net Banking,4953.06,5,0.0,2025-07-03
ORD00183,CUST1302,Sports,Fitness,West,Net Banking,2053.98,3,0.0,2025-11-01
ORD00184,CUST1060,Beauty,Skincare,North,Cash on Delivery,2253.83,4,10.0,2025-12-02
ORD00185,CUST1017,Fashion,Women,South,Cash on Delivery,1027.49,2,20.0,2025-12-10
ORD00186,CUST1196,Sports,Outdoor,West,Wallet,1279.33,2,5.0,2025-03-12
ORD00187,CUST1033,Sports,Outdoor,West,Wallet,2994.26,6,10.0,2025-01-06
ORD00188,CUST1255,Home,Furniture,West,Cash on Delivery,1331.79,6,20.0,2025-11-08
ORD00189,CUST1305,Home,Furniture,South,UPI,3298.37,3,15.0,2025-10-17
ORD00190,CUST1215,Fashion,Women,North,Wallet,431.83,6,5.0,2025-09-29
ORD00191,CUST1193,Fashion,Men,South,Net Banking,1791.51,7,20.0,2025-05-01
ORD00192,CUST1201,Home,Decor,East,UPI,3877.84,5,20.0,2025-05-16
ORD00193,CUST1340,Fashion,Women,South,Cash on Delivery,4561.33,3,10.0,2025-02-13
ORD00194,CUST1212,Fashion,Women,North,Wallet,1801.87,5,10.0,2025-11-06
ORD00195,CUST1366,Fashion,Women,North,UPI,659.15,1,5.0,2025-12-31
ORD00196,CUST1135,Sports,Outdoor,South,Net Banking,3209.54,3,0.0,2025-01-04
ORD00197,CUST1370,Electronics,,East,Net Banking,1079.27,2,0.0,2025-08-10
ORD00198,CUST1239,Beauty,Makeup,East,Card,2323.81,3,5.0,2025-02-21
ORD00199,CUST1281,Electronics,Laptop,West,UPI,185.48,3,5.0,2025-03-04
ORD00200,CUST1248,Electronics,Laptop,West,UPI,3223.78,5,20.0,2025-10-21
ORD00201,CUST1361,Sports,Indoor,North,Card,2465.9,7,15.0,2025-08-26
ORD00202,CUST1312,Fashion,Kids,East,UPI,3645.38,2,20.0,2025-08-16
ORD00203,CUST1292,Fashion,Men,West,Wallet,4353.99,1,0.0,2025-07-05
ORD00204,CUST1261,Sports,Indoor,South,Wallet,2284.43,5,10.0,2025-12-17
ORD00205,CUST1115,Beauty,Makeup,West,Cash on Delivery,4853.6,1,20.0,2025-02-26
ORD00206,CUST1138,Sports,Outdoor,East,Wallet,3708.7,7,15.0,2025-08-21
ORD00207,CUST1310,Sports,Fitness,North,Card,750.77,3,0.0,2025-07-05
ORD00208,CUST1185,Fashion,Women,North,Card,2525.04,7,20.0,2025-11-10
ORD00209,CUST1317,Fashion,Men,North,Card,4892.9,2,10.0,2025-01-28
ORD00210,CUST1320,Electronics,Laptop,West,Wallet,561.37,2,10.0,2025-07-17
ORD00211,CUST1014,Beauty,Makeup,North,Card,4634.8,4,,2025-03-29
ORD00212,CUST1043,Home,Decor,East,Net Banking,1957.61,7,0.0,2025-05-15
ORD00213,CUST1309,Electronics,Accessory,South,Cash on Delivery,3425.23,6,15.0,2025-08-28
ORD00214,CUST1320,Sports,Indoor,South,Net Banking,4347.46,6,15.0,2025-05-24
ORD00215,CUST1248,Electronics,,South,Card,387.47,7,5.0,2025-02-07
ORD00216,CUST1205,Home,Kitchen,North,UPI,4311.91,4,0.0,2025-12-14
ORD00217,CUST1160,Fashion,Women,East,Net Banking,3434.84,4,0.0,2025-10-05
ORD00218,CUST1095,Electronics,Laptop,East,Net Banking,4493.83,5,15.0,2025-04-03
ORD00219,CUST1341,Home,Decor,West,Net Banking,4285.99,4,5.0,2025-10-12
ORD00220,CUST1158,Electronics,Accessory,North,Net Banking,1599.88,5,10.0,2025-06-13
ORD00221,CUST1075,Home,Decor,East,UPI,1482.9,4,20.0,2025-11-13
ORD00222,CUST1287,Electronics,Mobile,North,Cash on Delivery,561.34,5,5.0,2025-06-14
ORD00223,CUST1118,Sports,Fitness,South,Net Banking,4066.04,4,20.0,2025-08-21
ORD00224,CUST1229,Sports,Indoor,West,Cash on Delivery,2128.52,4,0.0,2025-02-13
ORD00225,CUST1238,Fashion,Kids,West,Net Banking,4988.26,6,15.0,2025-09-26
ORD00226,CUST1198,Electronics,Laptop,East,Net Banking,2052.99,4,20.0,2025-03-22
ORD00227,CUST1026,Home,Furniture,North,Card,801.68,1,5.0,2025-01-31
ORD00228,CUST1181,Home,Furniture,West,Cash on Delivery,1129.6,4,0.0,2025-04-21
ORD00229,CUST1168,Beauty,Haircare,North,Net Banking,3227.52,7,5.0,2025-06-14
ORD00230,CUST1216,Electronics,Laptop,East,Cash on Delivery,4802.16,7,15.0,2025-07-03
ORD00231,CUST1094,Electronics,,North,,1530.02,3,20.0,2025-05-22
ORD00232,CUST1211,Beauty,Makeup,North,Card,1727.91,7,20.0,2025-04-22
ORD00233,CUST1261,Sports,Outdoor,West,Net Banking,3750.24,2,10.0,2025-08-15
ORD00234,CUST1128,Electronics,Mobile,East,Wallet,1602.01,6,,2025-04-20
ORD00235,CUST1113,Fashion,Women,West,Net Banking,903.89,3,20.0,2025-01-01
ORD00236,CUST1313,Electronics,Mobile,South,Card,2873.22,2,15.0,2025-08-02
ORD00237,CUST1397,Home,Decor,North,Wallet,2276.17,7,10.0,2025-12-13
ORD00238,CUST1361,Beauty,Skincare,South,UPI,3421.8,2,20.0,2025-09-03
ORD00239,CUST1224,Beauty,Skincare,South,Net Banking,3969.81,4,0.0,2025-03-04
ORD00240,CUST1382,Home,Decor,East,Net Banking,644.19,3,15.0,2025-04-27
ORD00241,CUST1014,Beauty,Makeup,South,Net Banking,2636.75,7,10.0,2025-02-20
ORD00242,CUST1016,Sports,Fitness,,Card,4804.91,6,0.0,2025-04-18
ORD00243,CUST1182,Sports,Indoor,South,UPI,1343.42,5,0.0,2025-12-26
ORD00244,CUST1020,Home,Furniture,East,Wallet,2653.03,6,5.0,2025-01-18
ORD00245,CUST1024,Home,Kitchen,East,Cash on Delivery,691.26,5,5.0,2025-10-11
ORD00246,CUST1120,Sports,Indoor,West,Card,3536.22,4,5.0,2025-12-23
ORD00247,CUST1000,Beauty,Haircare,West,Cash on Delivery,2061.51,2,10.0,2025-02-25
ORD00248,CUST1000,Home,Decor,West,Net Banking,693.54,3,20.0,2025-03-01
ORD00249,CUST1133,Home,Kitchen,South,Wallet,2614.61,2,10.0,2025-01-11
ORD00250,CUST1336,Beauty,Skincare,West,UPI,2241.94,4,15.0,2025-06-20
ORD00251,CUST1096,Home,Decor,West,Net Banking,1412.69,2,5.0,2025-08-07
ORD00252,CUST1091,Beauty,Haircare,South,Net Banking,2477.34,7,15.0,2025-05-02
ORD00253,CUST1019,Electronics,Mobile,East,UPI,1754.07,2,20.0,2025-06-26
ORD00254,CUST1060,Beauty,Skincare,West,UPI,2384.73,7,15.0,2025-03-11
ORD00255,CUST1367,Fashion,Women,South,UPI,379.76,3,0.0,2025-01-08
ORD00256,CUST1012,Beauty,Makeup,East,Wallet,194.91,7,0.0,2025-10-26
ORD00257,CUST1096,Beauty,Haircare,North,Cash on Delivery,686.55,5,15.0,2025-06-23
ORD00258,CUST1339,Sports,Outdoor,East,Net Banking,2910.68,2,10.0,2025-09-08
ORD00259,CUST1247,Sports,Fitness,North,Card,173.0,2,20.0,2025-07-14
ORD00260,CUST1342,Home,Kitchen,North,Net Banking,939.31,7,15.0,2025-12-30
ORD00261,CUST1181,Electronics,Accessory,North,Net Banking,1383.18,2,20.0,2025-07-23
ORD00262,CUST1144,Fashion,Kids,East,UPI,3076.61,7,20.0,2025-01-29
ORD00263,CUST1319,Electronics,Laptop,North,Cash on Delivery,4093.82,2,5.0,2025-07-20
ORD00264,CUST1165,Home,Furniture,West,Card,3063.56,3,5.0,2025-07-08
ORD00265,CUST1011,Fashion,Kids,West,Wallet,1690.53,6,0.0,2025-11-11
ORD00266,CUST1066,Fashion,Men,South,,1830.42,3,0.0,2025-09-14
ORD00267,CUST1295,Sports,Outdoor,South,Net Banking,3667.14,6,15.0,2025-04-21
ORD00268,CUST1237,Sports,Fitness,South,Net Banking,1688.19,1,20.0,2025-02-23
ORD00269,CUST1277,Home,Furniture,East,UPI,761.23,6,0.0,2025-09-02
ORD00270,CUST1396,Beauty,,South,UPI,988.78,6,10.0,2025-02-14
ORD00271,CUST1397,Beauty,Makeup,East,Net Banking,169.44,7,0.0,2025-07-21
ORD00272,CUST1358,Home,Furniture,East,Card,2985.5,3,0.0,2025-07-29
ORD00273,CUST1248,Beauty,Makeup,North,Card,4419.84,3,10.0,2025-03-02
ORD00274,CUST1237,Beauty,Haircare,East,Wallet,1474.96,6,0.0,2025-06-13
ORD00275,CUST1334,Home,Decor,East,UPI,1579.56,3,15.0,2025-12-23
ORD00276,CUST1092,Beauty,Makeup,North,Wallet,238.08,1,10.0,2025-02-27
ORD00277,CUST1244,Electronics,Accessory,West,Cash on Delivery,4388.36,6,5.0,2025-08-15
ORD00278,CUST1271,Fashion,Kids,,Card,2834.67,4,5.0,2025-10-02
ORD00279,CUST1303,Fashion,Kids,East,Card,3669.98,6,10.0,2025-04-08
ORD00280,CUST1205,Electronics,Accessory,North,Cash on Delivery,4919.57,2,10.0,2025-12-04
ORD00281,CUST1208,Beauty,Skincare,East,Card,210.48,1,15.0,2025-05-11
ORD00282,CUST1355,Electronics,Laptop,East,Net Banking,2128.61,7,0.0,2025-10-09
ORD00283,CUST1059,Fashion,Men,South,Wallet,2065.79,2,15.0,2025-06-21
ORD00284,CUST1079,Home,Decor,East,Card,4813.52,2,0.0,2025-09-06
ORD00285,CUST1084,Home,Furniture,East,Cash on Delivery,4316.07,7,20.0,2025-03-30
ORD00286,CUST1351,Electronics,Laptop,North,Card,2428.53,7,15.0,2025-08-24
ORD00287,CUST1296,Fashion,Kids,West,Wallet,1988.41,3,10.0,2025-02-02
ORD00288,CUST1227,Home,Kitchen,West,UPI,3696.01,4,15.0,2025-12-13
ORD00289,CUST1346,Home,Decor,North,Net Banking,657.38,6,20.0,2025-09-13
ORD00290,CUST1081,Home,Decor,East,Wallet,4020.77,4,0.0,2025-01-02
ORD00291,CUST1391,Beauty,Haircare,East,UPI,3756.46,4,0.0,2025-03-18
ORD00292,CUST1355,Fashion,Women,North,Wallet,1979.15,6,15.0,2025-12-06
ORD00293,CUST1243,Sports,Outdoor,South,UPI,2063.95,5,5.0,2025-05-08
ORD00294,CUST1240,Beauty,Haircare,East,Net Banking,2967.8,3,10.0,2025-01-04
ORD00295,CUST1078,Electronics,Mobile,North,UPI,4686.6,4,10.0,2025-01-25
ORD00296,CUST1052,Home,Furniture,North,UPI,1979.45,3,5.0,2025-10-08
ORD00297,CUST1135,Fashion,Kids,South,Net Banking,939.93,3,15.0,2025-01-18
ORD00298,CUST1039,Beauty,Makeup,West,Wallet,4781.26,6,5.0,2025-03-14
ORD00299,CUST1111,Fashion,Women,North,Net Banking,3804.5,5,20.0,2025-05-06
ORD00300,CUST1208,Sports,Outdoor,East,UPI,1130.13,7,0.0,2025-06-24
ORD00301,CUST1018,Home,Kitchen,West,Net Banking,2421.82,4,5.0,2025-02-16
ORD00302,CUST1261,Fashion,Women,North,Cash on Delivery,2485.23,1,20.0,2025-03-31
ORD00303,CUST1100,Sports,Indoor,East,UPI,2553.21,7,0.0,2025-03-27
ORD00304,CUST1350,Beauty,Makeup,South,UPI,1579.65,3,15.0,2025-04-21
ORD00305,CUST1392,Beauty,Skincare,South,Wallet,4522.96,1,20.0,2025-08-13
ORD00306,CUST1055,Electronics,Mobile,East,Card,4772.05,5,0.0,2025-05-30
ORD00307,CUST1038,Fashion,Kids,South,UPI,1626.66,2,10.0,2025-06-05
ORD00308,CUST1216,Sports,Fitness,South,Card,4252.12,6,15.0,2025-05-27
ORD00309,CUST1064,Home,Kitchen,North,Cash on Delivery,951.76,1,5.0,2025-06-15
ORD00310,CUST1294,Fashion,Men,East,Card,4281.88,3,10.0,2025-07-11
ORD00311,CUST1161,Electronics,Accessory,North,Card,1585.76,6,5.0,2025-11-01
ORD00312,CUST1082,Electronics,Laptop,South,,3836.07,1,15.0,2025-01-16
ORD00313,CUST1358,Home,Kitchen,South,Cash on Delivery,4716.46,3,0.0,2025-03-27
ORD00314,CUST1338,Electronics,Mobile,West,Wallet,636.92,3,5.0,2025-03-06
ORD00315,CUST1179,Electronics,Accessory,North,Net Banking,1020.54,5,10.0,2025-01-23
ORD00316,CUST1340,Beauty,Makeup,North,Net Banking,1339.51,7,15.0,2025-02-18
ORD00317,CUST1212,Sports,Fitness,North,Wallet,4391.69,6,5.0,2025-07-15
ORD00318,CUST1064,Home,Furniture,North,UPI,1354.77,3,5.0,2025-04-19
ORD00319,CUST1310,Beauty,Makeup,West,UPI,4709.09,1,20.0,2025-01-02
ORD00320,CUST1211,Beauty,Haircare,West,UPI,2660.66,2,10.0,2025-06-14
ORD00321,CUST1052,Electronics,Laptop,South,UPI,2752.35,6,10.0,2025-05-12
ORD00322,CUST1192,Fashion,Women,East,Net Banking,759.47,2,20.0,2025-02-02
ORD00323,CUST1221,Sports,Indoor,East,Net Banking,4773.05,2,0.0,2025-05-16
ORD00324,CUST1012,Sports,Indoor,West,UPI,1157.43,2,5.0,2025-11-16
ORD00325,CUST1128,Electronics,Accessory,South,Net Banking,726.92,2,20.0,2025-01-01
ORD00326,CUST1160,Beauty,Skincare,West,Cash on Delivery,3099.43,1,10.0,2025-12-21
ORD00327,CUST1395,Beauty,Makeup,West,UPI,2729.65,5,0.0,2025-11-03
ORD00328,CUST1187,Home,Furniture,East,Cash on Delivery,4118.79,6,15.0,2025-05-16
ORD00329,CUST1136,Home,Kitchen,West,UPI,891.45,6,20.0,2025-09-06
ORD00330,CUST1317,Electronics,Mobile,North,Net Banking,393.02,7,5.0,2025-01-21
ORD00331,CUST1317,Electronics,Accessory,,Card,3170.14,1,15.0,2025-08-21
ORD00332,CUST1175,Sports,Fitness,East,UPI,1177.98,2,20.0,2025-07-13
ORD00333,CUST1397,Beauty,Makeup,West,UPI,3249.22,6,0.0,2025-07-21
ORD00334,CUST1183,Home,Decor,East,Cash on Delivery,1512.35,7,0.0,2025-05-26
ORD00335,CUST1252,Electronics,Accessory,South,Card,775.8,4,0.0,2025-10-15
ORD00336,CUST1127,Beauty,Skincare,North,Cash on Delivery,2055.7,2,20.0,2025-08-25
ORD00337,CUST1263,Sports,Outdoor,North,Cash on Delivery,3671.97,6,10.0,2025-04-21
ORD00338,CUST1380,Sports,Fitness,West,Wallet,3058.52,1,10.0,2025-08-13
ORD00339,CUST1271,Sports,Indoor,North,Wallet,1812.16,4,0.0,2025-02-03
ORD00340,CUST1179,Home,Kitchen,South,Cash on Delivery,4253.14,5,0.0,2025-12-27
ORD00341,CUST1396,Home,Furniture,East,UPI,4478.57,6,15.0,2025-04-12
ORD00342,CUST1120,Fashion,Men,West,UPI,2727.36,6,15.0,2025-03-04
ORD00343,CUST1295,Fashion,Kids,North,UPI,4745.55,6,5.0,2025-09-26
ORD00344,CUST1287,Sports,Fitness,West,Net Banking,2105.23,7,10.0,2025-02-24
ORD00345,CUST1167,Beauty,Makeup,South,,2618.33,6,20.0,2025-05-01
ORD00346,CUST1163,Home,Decor,East,Wallet,3288.3,3,5.0,2025-09-12
ORD00347,CUST1036,Sports,Fitness,North,Card,2284.24,2,0.0,2025-10-29
ORD00348,CUST1265,Fashion,Kids,North,UPI,3387.33,1,15.0,2025-09-25
ORD00349,CUST1079,Home,Furniture,West,Net Banking,245.87,7,5.0,2025-10-21
ORD00350,CUST1098,Sports,Outdoor,West,Cash on Delivery,3924.03,7,20.0,2025-10-02
ORD00351,CUST1110,Fashion,Kids,North,Cash on Delivery,3389.07,2,0.0,2025-11-14
ORD00352,CUST1269,Beauty,Skincare,East,Wallet,822.47,2,5.0,2025-04-13
ORD00353,CUST1216,Beauty,Haircare,East,UPI,4565.09,6,5.0,2025-12-17
ORD00354,CUST1244,Fashion,Women,North,UPI,3551.75,6,20.0,2025-08-01
ORD00355,CUST1128,Fashion,Women,South,Card,1387.27,3,15.0,2025-01-24
ORD00356,CUST1274,Home,Furniture,East,UPI,4884.22,4,5.0,2025-06-10
ORD00357,CUST1350,Electronics,Laptop,West,Card,262.65,4,10.0,2025-09-13
ORD00358,CUST1374,Fashion,Women,South,Wallet,3109.6,3,10.0,2025-03-06
ORD00359,CUST1217,Sports,Indoor,East,UPI,4291.82,3,5.0,2025-11-09
ORD00360,CUST1133,Beauty,Haircare,North,Net Banking,2525.65,4,15.0,2025-10-24
ORD00361,CUST1369,Electronics,Laptop,North,Cash on Delivery,1334.39,3,20.0,2025-12-15
ORD00362,CUST1297,Sports,Outdoor,West,Net Banking,4240.12,7,20.0,2025-01-08
ORD00363,CUST1192,Home,Kitchen,West,UPI,3858.64,2,15.0,2025-02-08
ORD00364,CUST1257,Home,Kitchen,West,Cash on Delivery,2363.79,5,5.0,2025-08-10
ORD00365,CUST1234,Electronics,Laptop,North,Card,1553.2,3,5.0,2025-06-18
ORD00366,CUST1326,Beauty,Haircare,West,Wallet,2138.41,3,5.0,2025-08-28
ORD00367,CUST1003,Electronics,Laptop,East,Cash on Delivery,4323.76,4,0.0,2025-05-14
ORD00368,CUST1335,Fashion,Women,South,UPI,1780.23,4,15.0,2025-02-19
ORD00369,CUST1046,Sports,Indoor,North,Wallet,820.9,5,15.0,2025-08-09
ORD00370,CUST1077,Sports,Fitness,East,Cash on Delivery,2041.8,4,20.0,2025-04-15
ORD00371,CUST1247,Fashion,Men,North,Card,896.72,1,10.0,2025-05-27
ORD00372,CUST1027,Home,Kitchen,South,Wallet,4674.57,3,20.0,2025-08-19
ORD00373,CUST1108,Fashion,Kids,North,Card,819.29,5,15.0,2025-04-02
ORD00374,CUST1044,Beauty,Makeup,West,Wallet,4441.52,2,15.0,2025-06-15
ORD00375,CUST1169,Sports,Outdoor,East,Card,4187.77,5,0.0,2025-02-26
ORD00376,CUST1274,Beauty,Skincare,West,Net Banking,2828.1,2,,2025-04-18
ORD00377,CUST1399,Home,Furniture,North,Cash on Delivery,3315.53,1,20.0,2025-01-09
ORD00378,CUST1291,Sports,Fitness,East,Net Banking,2654.83,1,0.0,2025-09-07
ORD00379,CUST1184,Beauty,Skincare,North,Cash on Delivery,4886.82,3,5.0,2025-04-19
ORD00380,CUST1268,Home,Kitchen,North,Wallet,2210.17,2,0.0,2025-05-15
ORD00381,CUST1332,Sports,Indoor,West,Net Banking,1863.69,3,15.0,2025-09-06
ORD00382,CUST1128,Sports,Indoor,North,Net Banking,4132.97,7,10.0,2025-05-25
ORD00383,CUST1196,Sports,Indoor,South,Cash on Delivery,3781.78,6,20.0,2025-03-03
ORD00384,CUST1351,Sports,Outdoor,South,UPI,4481.2,2,0.0,2025-07-28
ORD00385,CUST1213,Beauty,Skincare,East,UPI,616.06,3,0.0,2025-04-23
ORD00386,CUST1000,Sports,Indoor,South,UPI,477.46,4,0.0,2025-03-24
ORD00387,CUST1013,Fashion,Kids,West,,2266.14,6,15.0,2025-02-06
ORD00388,CUST1067,Sports,Indoor,South,,3313.45,6,,2025-05-05
ORD00389,CUST1329,Home,Furniture,West,Net Banking,862.29,1,20.0,2025-04-08
ORD00390,CUST1037,Home,Decor,North,Cash on Delivery,2763.87,4,20.0,2025-01-16
ORD00391,CUST1102,Electronics,Laptop,North,Wallet,2063.24,4,15.0,2025-08-03
ORD00392,CUST1300,Beauty,Makeup,East,,3798.8,2,10.0,2025-07-16
ORD00393,CUST1087,Fashion,Women,North,Wallet,2403.7,3,5.0,2025-05-31
ORD00394,CUST1047,Fashion,Women,,Net Banking,1160.64,5,15.0,2025-12-18
ORD00395,CUST1070,Fashion,Kids,North,Cash on Delivery,567.01,3,0.0,2025-03-01
ORD00396,CUST1396,Sports,Outdoor,East,Card,4142.07,1,5.0,2025-09-13
ORD00397,CUST1179,Sports,Fitness,West,Wallet,815.47,7,15.0,2025-03-07
ORD00398,CUST1390,Home,Kitchen,East,Cash on Delivery,2055.65,2,20.0,2025-12-14
ORD00399,CUST1088,Fashion,Men,East,Net Banking,4383.37,4,0.0,2025-08-14
ORD00400,CUST1293,Fashion,Men,South,Card,3331.96,7,5.0,2025-04-02
ORD00401,CUST1331,Electronics,Laptop,North,Wallet,2897.14,6,10.0,2025-05-21
ORD00402,CUST1019,Sports,Indoor,North,Cash on Delivery,3596.08,4,0.0,2025-07-13
ORD00403,CUST1104,Sports,Fitness,West,Card,3067.56,3,10.0,2025-08-15
ORD00404,CUST1330,Fashion,Men,South,Net Banking,2180.48,2,15.0,2025-02-07
ORD00405,CUST1108,Electronics,Laptop,East,Card,2871.93,2,5.0,2025-10-03
ORD00406,CUST1225,Beauty,Haircare,East,Net Banking,2681.3,2,5.0,2025-06-14
ORD00407,CUST1000,Fashion,Kids,South,Cash on Delivery,3431.76,6,0.0,2025-05-13
ORD00408,CUST1258,Beauty,Skincare,East,Wallet,1179.54,5,20.0,2025-10-10
ORD00409,CUST1187,Beauty,Makeup,East,Net Banking,984.01,6,20.0,2025-02-04
ORD00410,CUST1023,Sports,Indoor,West,Card,2459.05,6,20.0,2025-06-23
ORD00411,CUST1078,Fashion,Kids,South,Cash on Delivery,1193.61,4,10.0,2025-06-19
ORD00412,CUST1039,Electronics,Accessory,West,,3445.71,1,5.0,2025-11-22
ORD00413,CUST1070,Sports,Fitness,North,Cash on Delivery,1153.88,1,10.0,2025-07-10
ORD00414,CUST1128,Electronics,Mobile,East,Net Banking,803.26,5,20.0,2025-03-07
ORD00415,CUST1142,Sports,Fitness,West,UPI,1899.68,2,0.0,2025-07-11
ORD00416,CUST1082,Fashion,Women,East,UPI,1434.31,7,15.0,2025-06-02
ORD00417,CUST1039,Beauty,Skincare,West,Wallet,4458.57,1,20.0,2025-09-13
ORD00418,CUST1247,Home,Kitchen,West,UPI,670.9,1,0.0,2025-06-17
ORD00419,CUST1301,Home,Kitchen,North,Cash on Delivery,741.55,2,20.0,2025-12-18
ORD00420,CUST1398,Electronics,Accessory,East,Card,4126.07,5,10.0,2025-02-22
ORD00421,CUST1129,Fashion,Men,East,Net Banking,364.25,2,10.0,2025-01-23
ORD00422,CUST1322,Fashion,Kids,West,Net Banking,4750.93,1,10.0,2025-12-01
ORD00423,CUST1199,Sports,Fitness,North,UPI,976.15,6,20.0,2025-04-30
ORD00424,CUST1152,Home,Kitchen,South,Wallet,2544.31,3,20.0,2025-12-16
ORD00425,CUST1051,Sports,Indoor,West,UPI,2078.0,6,10.0,2025-06-21
ORD00426,CUST1041,Home,Kitchen,East,UPI,1707.27,2,0.0,2025-12-25
ORD00427,CUST1143,Electronics,Mobile,West,Wallet,4350.8,1,10.0,2025-07-30
ORD00428,CUST1253,Beauty,Skincare,North,Net Banking,2132.05,4,10.0,2025-10-20
ORD00429,CUST1156,Sports,Indoor,North,Wallet,4644.83,6,20.0,2025-09-24
ORD00430,CUST1227,Sports,Fitness,South,Cash on Delivery,1746.92,2,10.0,2025-12-20
ORD00431,CUST1221,Beauty,Skincare,East,Card,2389.82,3,15.0,2025-05-08
ORD00432,CUST1151,Sports,Outdoor,South,UPI,1705.47,7,5.0,2025-01-26
ORD00433,CUST1289,Sports,Outdoor,North,Wallet,609.0,3,0.0,2025-07-02
ORD00434,CUST1225,Sports,Indoor,North,Net Banking,2037.12,7,5.0,2025-10-12
ORD00435,CUST1330,Beauty,Skincare,West,Cash on Delivery,3814.37,4,5.0,2025-07-12
ORD00436,CUST1267,Home,Decor,North,Cash on Delivery,4648.4,2,10.0,2025-02-08
ORD00437,CUST1156,Electronics,Laptop,South,UPI,404.99,5,20.0,2025-11-06
ORD00438,CUST1001,Sports,Indoor,East,Card,4630.92,7,10.0,2025-12-24
ORD00439,CUST1225,Electronics,Laptop,East,Card,336.93,7,15.0,2025-11-30
ORD00440,CUST1340,Beauty,Haircare,West,Card,278.68,3,15.0,2025-02-25
ORD00441,CUST1002,Fashion,Men,West,UPI,2557.62,2,10.0,2025-06-15
ORD00442,CUST1351,Home,Kitchen,North,Card,3965.25,7,5.0,2025-11-18
ORD00443,CUST1108,Electronics,Laptop,East,Wallet,1959.34,6,,2025-01-22
ORD00444,CUST1198,Beauty,Haircare,West,Cash on Delivery,928.85,4,15.0,2025-02-24
ORD00445,CUST1385,Electronics,Accessory,South,Cash on Delivery,2751.97,2,20.0,2025-01-28
ORD00446,CUST1237,Home,Kitchen,East,Cash on Delivery,4299.86,6,,2025-12-06
ORD00447,CUST1040,Electronics,Laptop,West,Net Banking,4409.02,5,5.0,2025-02-12
ORD00448,CUST1225,Beauty,Makeup,East,Card,4083.17,4,10.0,2025-03-31
ORD00449,CUST1169,Beauty,Haircare,West,Cash on Delivery,4913.4,6,15.0,2025-11-29
ORD00450,CUST1047,Sports,Outdoor,North,Net Banking,1944.42,1,10.0,2025-02-16
ORD00451,CUST1113,Electronics,Laptop,South,Wallet,4004.54,2,20.0,2025-01-26
ORD00452,CUST1009,Home,Furniture,North,UPI,1623.41,6,20.0,2025-01-25
ORD00453,CUST1276,Home,Decor,East,Cash on Delivery,2674.22,4,10.0,2025-06-08
ORD00454,CUST1150,Beauty,Haircare,West,Card,942.45,5,15.0,2025-02-11
ORD00455,CUST1184,Beauty,Makeup,West,UPI,3150.77,1,0.0,2025-08-01
ORD00456,CUST1055,Home,Decor,West,Cash on Delivery,2682.92,7,5.0,2025-06-13
ORD00457,CUST1038,Electronics,Mobile,West,Cash on Delivery,1064.1,4,5.0,2025-03-09
ORD00458,CUST1323,Sports,,South,UPI,4744.5,2,10.0,2025-03-23
ORD00459,CUST1260,Fashion,Kids,West,UPI,4875.92,2,0.0,2025-08-01
ORD00460,CUST1171,Fashion,Men,South,Cash on Delivery,4376.33,7,15.0,2025-05-12
ORD00461,CUST1213,Home,Furniture,,Wallet,2240.72,3,0.0,2025-03-16
ORD00462,CUST1016,Fashion,Kids,West,Cash on Delivery,4968.68,4,20.0,2025-08-30
ORD00463,CUST1361,Home,Furniture,North,Wallet,3573.12,4,5.0,2025-07-10
ORD00464,CUST1334,Fashion,Kids,East,Net Banking,368.81,3,20.0,2025-10-06
ORD00465,CUST1333,Home,Decor,East,Card,719.9,2,0.0,2025-01-02
ORD00466,CUST1366,Electronics,Mobile,South,Net Banking,905.42,6,10.0,2025-01-26
ORD00467,CUST1178,Sports,Outdoor,North,Cash on Delivery,2902.12,5,5.0,2025-10-17
ORD00468,CUST1124,Home,Decor,West,Card,456.12,2,20.0,2025-04-16
ORD00469,CUST1385,Sports,Outdoor,West,,1068.41,4,5.0,2025-03-14
ORD00470,CUST1283,Electronics,Mobile,North,Net Banking,607.29,5,20.0,2025-02-16
ORD00471,CUST1336,Fashion,Kids,West,UPI,4175.59,1,20.0,2025-08-14
ORD00472,CUST1318,Home,Decor,East,UPI,4725.4,5,0.0,2025-12-03
ORD00473,CUST1359,Sports,Indoor,East,Cash on Delivery,2796.53,3,10.0,2025-12-19
ORD00474,CUST1193,Fashion,Kids,South,Cash on Delivery,4863.25,4,15.0,2025-10-06
ORD00475,CUST1144,Sports,Fitness,North,Card,2363.56,7,5.0,2025-04-13
ORD00476,CUST1030,Fashion,Men,West,UPI,2048.81,1,0.0,2025-09-22
ORD00477,CUST1372,Home,Decor,East,Net Banking,3932.37,6,10.0,2025-03-12
ORD00478,CUST1063,Sports,Fitness,North,UPI,3119.27,1,0.0,2025-04-26
ORD00479,CUST1087,Home,Furniture,West,Wallet,1148.23,2,20.0,2025-10-26
ORD00480,CUST1390,Beauty,Makeup,North,Card,2651.42,5,20.0,2025-11-14
ORD00481,CUST1061,Home,Decor,North,Net Banking,1296.35,4,0.0,2025-05-10
ORD00482,CUST1227,Beauty,Haircare,East,Card,457.14,2,0.0,2025-02-24
ORD00483,CUST1250,Sports,Indoor,South,Card,4575.38,2,10.0,2025-08-29
ORD00484,CUST1247,Beauty,Haircare,North,UPI,1129.06,4,20.0,2025-11-12
ORD00485,CUST1139,Sports,Fitness,East,Card,4341.06,5,20.0,2025-02-16
ORD00486,CUST1175,Fashion,Women,South,Cash on Delivery,589.31,4,5.0,2025-05-29
ORD00487,CUST1308,Sports,Outdoor,North,Cash on Delivery,4736.61,6,5.0,2025-04-29
ORD00488,CUST1128,Fashion,Kids,East,Card,2771.31,3,0.0,2025-08-14
ORD00489,CUST1173,Home,Decor,North,Wallet,3317.98,2,15.0,2025-03-01
ORD00490,CUST1067,Fashion,Kids,South,Card,1258.93,6,15.0,2025-11-26
ORD00491,CUST1042,Sports,,East,Wallet,4692.85,6,0.0,2025-10-28
ORD00492,CUST1203,Electronics,Mobile,North,UPI,2563.59,4,10.0,2025-01-12
ORD00493,CUST1194,Sports,Outdoor,South,Wallet,2267.84,2,20.0,2025-02-06
ORD00494,CUST1026,Beauty,Haircare,North,Net Banking,2468.04,7,10.0,2025-12-22
ORD00495,CUST1255,Sports,Outdoor,East,Net Banking,3025.84,2,5.0,2025-09-20
ORD00496,CUST1187,Fashion,Kids,West,Cash on Delivery,396.54,5,20.0,2025-01-07
ORD00497,CUST1024,Beauty,Skincare,North,Card,4499.26,2,10.0,2025-09-19
ORD00498,CUST1312,Beauty,Makeup,West,Net Banking,4137.74,6,15.0,2025-09-30
ORD00499,CUST1342,Fashion,Women,South,Cash on Delivery,2226.62,4,15.0,2025-03-12
ORD00500,CUST1265,Home,Decor,East,Net Banking,3210.67,3,5.0,2025-06-08
ORD00501,CUST1148,Fashion,Women,North,Cash on Delivery,3408.49,7,20.0,2025-09-15
ORD00502,CUST1202,Fashion,Women,North,Cash on Delivery,2211.65,5,20.0,2025-05-15
ORD00503,CUST1086,Beauty,,South,UPI,3722.38,4,10.0,2025-07-14
ORD00504,CUST1079,Electronics,Laptop,West,Wallet,3764.24,3,0.0,2025-05-22
ORD00505,CUST1357,Beauty,Skincare,South,Cash on Delivery,3190.1,1,15.0,2025-03-23
ORD00506,CUST1382,Sports,Indoor,East,Card,1472.04,4,0.0,2025-02-06
ORD00507,CUST1116,Fashion,Women,West,Net Banking,898.95,2,0.0,2025-05-25
ORD00508,CUST1304,Home,Furniture,North,UPI,2717.55,2,20.0,2025-09-23
ORD00509,CUST1143,Beauty,Haircare,West,Card,3584.56,6,0.0,2025-10-02
ORD00510,CUST1109,Fashion,Kids,East,UPI,2470.26,6,0.0,2025-05-23
ORD00511,CUST1220,Electronics,Laptop,West,Wallet,1645.42,3,0.0,2025-09-16
ORD00512,CUST1192,Beauty,Makeup,North,UPI,3569.39,2,0.0,2025-06-04
ORD00513,CUST1326,Beauty,Skincare,East,Cash on Delivery,3943.72,5,15.0,2025-02-09
ORD00514,CUST1096,Beauty,Makeup,North,Net Banking,2323.97,4,20.0,2025-04-12
ORD00515,CUST1186,Electronics,Accessory,South,Cash on Delivery,1899.93,2,0.0,2025-03-26
ORD00516,CUST1300,Sports,Outdoor,North,Net Banking,2051.49,6,5.0,2025-11-29
ORD00517,CUST1052,Sports,Outdoor,East,Wallet,1672.16,2,5.0,2025-05-14
ORD00518,CUST1147,Sports,Fitness,South,UPI,2278.29,5,5.0,2025-11-11
ORD00519,CUST1372,Beauty,Makeup,East,Wallet,1294.59,4,15.0,2025-01-22
ORD00520,CUST1346,Home,Kitchen,South,Wallet,2564.97,5,15.0,2025-01-09
ORD00521,CUST1355,Sports,Outdoor,North,UPI,4994.32,4,15.0,2025-06-10
ORD00522,CUST1184,Electronics,Mobile,East,Net Banking,4556.75,4,15.0,2025-05-11
ORD00523,CUST1190,Sports,Outdoor,South,Wallet,543.6,5,0.0,2025-07-31
ORD00524,CUST1227,Sports,Fitness,East,Wallet,2547.43,4,10.0,2025-06-14
ORD00525,CUST1043,Home,Kitchen,West,Wallet,2827.99,5,20.0,2025-12-28
ORD00526,CUST1339,Home,Decor,East,Wallet,1242.11,2,15.0,2025-01-26
ORD00527,CUST1355,Sports,Indoor,West,Wallet,4974.9,5,20.0,2025-02-13
ORD00528,CUST1107,Home,Furniture,North,Cash on Delivery,1674.59,1,10.0,2025-10-01
ORD00529,CUST1137,Home,Decor,North,Net Banking,3090.55,5,20.0,2025-06-07
ORD00530,CUST1067,Sports,Outdoor,North,Wallet,2851.46,5,5.0,2025-03-20
ORD00531,CUST1379,Beauty,Makeup,South,UPI,1096.65,6,0.0,2025-08-18
ORD00532,CUST1272,Sports,Outdoor,,Wallet,2103.97,1,20.0,2025-01-02
ORD00533,CUST1324,Sports,Outdoor,South,Card,1080.82,6,0.0,2025-03-24
ORD00534,CUST1056,Electronics,Accessory,North,Card,1433.85,7,20.0,2025-10-08
ORD00535,CUST1094,Electronics,Laptop,East,Net Banking,3436.89,7,20.0,2025-06-03
ORD00536,CUST1105,Fashion,Women,South,Net Banking,1489.61,3,20.0,2025-07-25
ORD00537,CUST1101,Sports,Indoor,West,UPI,2235.29,7,10.0,2025-09-13
ORD00538,CUST1151,Fashion,Kids,South,Wallet,3912.59,5,15.0,2025-07-31
ORD00539,CUST1001,Home,Decor,West,Wallet,4200.36,6,5.0,2025-09-04
ORD00540,CUST1015,Beauty,Makeup,South,Net Banking,2920.16,3,20.0,2025-11-19
ORD00541,CUST1323,Sports,Outdoor,East,Cash on Delivery,1158.79,7,10.0,2025-09-24
ORD00542,CUST1298,Sports,Outdoor,South,Card,581.85,1,5.0,2025-05-04
ORD00543,CUST1078,Home,Decor,East,Card,1951.98,2,0.0,2025-03-05
ORD00544,CUST1344,Home,Furniture,South,Net Banking,2138.74,4,10.0,2025-09-28
ORD00545,CUST1393,Home,Furniture,East,Wallet,3264.92,6,15.0,2025-02-19
ORD00546,CUST1369,Home,Furniture,North,Wallet,2147.44,5,10.0,2025-03-30
ORD00547,CUST1301,Sports,Outdoor,West,Cash on Delivery,1342.5,7,15.0,2025-02-01
ORD00548,CUST1080,Fashion,Women,North,Cash on Delivery,624.27,3,10.0,2025-02-17
ORD00549,CUST1115,Electronics,Laptop,West,Cash on Delivery,1049.07,3,10.0,2025-03-28
ORD00550,CUST1321,Beauty,Skincare,South,Wallet,4010.89,2,20.0,2025-07-16
ORD00551,CUST1101,Home,Decor,East,Card,1440.25,5,5.0,2025-02-13
ORD00552,CUST1160,Electronics,Accessory,South,Card,804.93,1,20.0,2025-07-07
ORD00553,CUST1159,Electronics,Accessory,South,Card,1239.74,3,20.0,2025-08-19
ORD00554,CUST1255,Electronics,Mobile,West,Cash on Delivery,320.32,1,0.0,2025-10-15
ORD00555,CUST1366,Beauty,Skincare,South,UPI,3947.09,2,5.0,2025-05-24
ORD00556,CUST1091,Sports,Fitness,West,Net Banking,4277.34,2,20.0,2025-01-27
ORD00557,CUST1122,Beauty,Haircare,South,Cash on Delivery,395.1,7,20.0,2025-07-17
ORD00558,CUST1051,Home,Furniture,North,UPI,3151.74,4,15.0,2025-08-08
ORD00559,CUST1291,Sports,Fitness,North,Card,3937.07,2,20.0,2025-02-08
ORD00560,CUST1210,Beauty,Skincare,North,Net Banking,2289.93,1,20.0,2025-03-10
ORD00561,CUST1299,Beauty,Skincare,East,UPI,3762.14,1,20.0,2025-02-28
ORD00562,CUST1095,Electronics,Laptop,North,Cash on Delivery,1546.1,3,0.0,2025-12-27
ORD00563,CUST1233,Home,Furniture,West,Card,2588.94,5,10.0,2025-07-04
ORD00564,CUST1365,Sports,Outdoor,East,Card,2066.24,6,15.0,2025-12-17
ORD00565,CUST1271,Electronics,Laptop,South,,1346.62,6,15.0,2025-04-16
ORD00566,CUST1318,Home,Decor,South,UPI,2686.99,6,0.0,2025-05-03
ORD00567,CUST1367,Home,Furniture,South,Card,4809.04,1,15.0,2025-10-25
ORD00568,CUST1255,Sports,Indoor,West,Net Banking,4923.3,3,5.0,2025-05-10
ORD00569,CUST1037,Sports,Outdoor,North,Net Banking,2448.57,1,,2025-03-23
ORD00570,CUST1113,Electronics,Mobile,South,Net Banking,2150.02,5,20.0,2025-02-05
ORD00571,CUST1391,Home,Kitchen,North,Cash on Delivery,3970.8,5,5.0,2025-08-11
ORD00572,CUST1308,Beauty,Skincare,West,Cash on Delivery,4435.12,6,5.0,2025-04-02
ORD00573,CUST1263,Home,Furniture,North,Cash on Delivery,1783.75,2,15.0,2025-04-18
ORD00574,CUST1088,Home,Decor,South,UPI,4173.54,7,0.0,2025-06-16
ORD00575,CUST1198,Electronics,Laptop,East,Card,3602.8,3,10.0,2025-08-09
ORD00576,CUST1346,Beauty,Haircare,East,UPI,417.77,4,5.0,2025-10-26
ORD00577,CUST1378,Home,Furniture,South,Card,299.83,6,5.0,2025-06-01
ORD00578,CUST1103,Fashion,Women,South,Net Banking,396.77,3,15.0,2025-07-16
ORD00579,CUST1354,Sports,Outdoor,West,Wallet,4353.05,2,15.0,2025-09-26
ORD00580,CUST1311,Beauty,Haircare,South,Card,1197.24,4,10.0,2025-05-30
ORD00581,CUST1010,Sports,Fitness,West,Wallet,1341.64,6,5.0,2025-05-29
ORD00582,CUST1254,Home,Kitchen,North,UPI,4798.8,4,15.0,2025-02-09
ORD00583,CUST1190,Sports,Indoor,South,Wallet,3758.37,7,10.0,2025-02-07
ORD00584,CUST1080,Sports,Fitness,South,Cash on Delivery,2330.23,1,15.0,2025-04-24
ORD00585,CUST1139,Sports,Outdoor,,,4457.08,6,20.0,2025-01-22
ORD00586,CUST1388,Sports,Outdoor,North,Wallet,2956.26,1,0.0,2025-04-07
ORD00587,CUST1132,Beauty,Skincare,,Card,4529.03,5,20.0,2025-10-29
ORD00588,CUST1036,Sports,Outdoor,West,Wallet,970.3,3,5.0,2025-02-18
ORD00589,CUST1395,Electronics,Accessory,West,Cash on Delivery,732.54,3,0.0,2025-01-23
ORD00590,CUST1330,Electronics,Laptop,East,UPI,509.18,1,0.0,2025-07-12
ORD00591,CUST1252,Fashion,Kids,North,UPI,2964.17,1,15.0,2025-01-14
ORD00592,CUST1208,Beauty,Makeup,North,Wallet,4428.55,3,15.0,2025-06-10
ORD00593,CUST1138,Electronics,Mobile,West,UPI,3606.84,3,10.0,2025-09-15
ORD00594,CUST1318,Home,Furniture,South,Card,2418.11,1,0.0,2025-06-03
ORD00595,CUST1098,Beauty,Makeup,West,Net Banking,1414.41,3,0.0,2025-10-03
ORD00596,CUST1274,Beauty,Makeup,North,Wallet,4234.04,5,5.0,2025-12-14
ORD00597,CUST1306,Fashion,Kids,East,UPI,4303.59,7,0.0,2025-11-18
ORD00598,CUST1275,Fashion,,West,Wallet,1642.18,6,5.0,2025-06-15
ORD00599,CUST1227,Fashion,Kids,South,UPI,4562.51,1,5.0,2025-12-26
ORD00600,CUST1248,Electronics,,West,Wallet,1555.7,3,10.0,2025-04-14
ORD00601,CUST1054,Beauty,Haircare,West,Card,3110.13,2,15.0,2025-12-04
ORD00602,CUST1273,Fashion,Women,East,,3513.67,5,15.0,2025-07-24
ORD00603,CUST1163,Home,Kitchen,North,UPI,509.24,6,10.0,2025-01-19
ORD00604,CUST1176,Beauty,Haircare,North,Card,570.55,7,5.0,2025-05-01
ORD00605,CUST1331,Fashion,Men,North,Wallet,3753.1,6,5.0,2025-11-05
ORD00606,CUST1189,Electronics,Laptop,North,Card,2797.12,1,15.0,2025-12-17
ORD00607,CUST1371,Electronics,Laptop,West,Card,2571.09,1,15.0,2025-09-21
ORD00608,CUST1240,Sports,,,Card,2535.29,7,10.0,2025-08-23
ORD00609,CUST1206,Sports,Outdoor,South,Wallet,3726.95,1,0.0,2025-05-30
ORD00610,CUST1197,Home,Decor,East,Card,2485.72,4,20.0,2025-05-03
ORD00611,CUST1180,Home,Kitchen,South,Net Banking,2421.35,7,20.0,2025-07-07
ORD00612,CUST1038,Home,Furniture,North,Wallet,1027.29,3,5.0,2025-02-22
ORD00613,CUST1307,Sports,,South,Net Banking,152.76,5,10.0,2025-05-14
ORD00614,CUST1227,Sports,Outdoor,North,Cash on Delivery,3707.31,5,0.0,2025-03-20
ORD00615,CUST1066,Beauty,Haircare,East,Net Banking,898.27,1,20.0,2025-12-19
ORD00616,CUST1256,Beauty,Skincare,East,Net Banking,3189.2,2,5.0,2025-05-25
ORD00617,CUST1092,Fashion,Kids,West,Card,2149.45,3,15.0,2025-02-25
ORD00618,CUST1302,Fashion,Women,South,Net Banking,4543.09,7,10.0,2025-02-27
ORD00619,CUST1089,Electronics,Accessory,West,Net Banking,4271.19,3,20.0,2025-10-22
ORD00620,CUST1105,Sports,Indoor,South,Net Banking,1541.43,3,5.0,2025-09-07
ORD00621,CUST1396,Fashion,Women,South,Cash on Delivery,2974.86,6,20.0,2025-01-04
ORD00622,CUST1343,Electronics,Laptop,East,UPI,2704.85,3,15.0,2025-09-21
ORD00623,CUST1211,Sports,Indoor,South,UPI,4674.73,3,5.0,2025-05-19
ORD00624,CUST1175,Home,Furniture,North,UPI,4189.26,2,5.0,2025-12-09
ORD00625,CUST1362,Fashion,Kids,South,Net Banking,4930.26,4,20.0,2025-12-02
ORD00626,CUST1128,Fashion,Women,East,UPI,4022.47,7,5.0,2025-01-14
ORD00627,CUST1202,Fashion,Men,North,Net Banking,2804.32,1,10.0,2025-03-05
ORD00628,CUST1299,Fashion,Kids,South,Net Banking,3237.85,3,,2025-09-05
ORD00629,CUST1050,Fashion,Kids,East,Cash on Delivery,1767.72,3,5.0,2025-07-12
ORD00630,CUST1178,Beauty,Makeup,,Cash on Delivery,1065.25,4,20.0,2025-12-26
ORD00631,CUST1221,Home,Furniture,West,Net Banking,1255.16,1,15.0,2025-12-26
ORD00632,CUST1070,Electronics,Accessory,West,Cash on Delivery,252.61,7,5.0,2025-02-10
ORD00633,CUST1025,Fashion,Women,East,Net Banking,3330.98,7,5.0,2025-09-08
ORD00634,CUST1008,Electronics,Accessory,South,Card,416.43,7,10.0,2025-10-21
ORD00635,CUST1242,Electronics,Laptop,West,Cash on Delivery,4266.64,1,0.0,2025-07-09
ORD00636,CUST1028,Fashion,Men,East,Card,2306.74,5,10.0,2025-05-20
ORD00637,CUST1004,Beauty,Haircare,South,Net Banking,4043.35,5,20.0,2025-02-16
ORD00638,CUST1219,Sports,Indoor,East,Cash on Delivery,1016.23,5,20.0,2025-05-04
ORD00639,CUST1263,Beauty,Haircare,West,Net Banking,877.69,7,5.0,2025-10-23
ORD00640,CUST1381,Fashion,Kids,East,Card,3665.36,2,10.0,2025-12-17
ORD00641,CUST1190,Fashion,Kids,West,,2546.21,4,5.0,2025-12-03
ORD00642,CUST1018,Sports,Indoor,North,Wallet,1894.38,6,5.0,2025-09-25
ORD00643,CUST1007,Electronics,Mobile,North,UPI,1858.23,4,15.0,2025-05-12
ORD00644,CUST1244,Beauty,Skincare,South,UPI,2280.02,4,15.0,2025-04-01
ORD00645,CUST1284,Fashion,Men,South,Wallet,3916.74,4,20.0,2025-03-22
ORD00646,CUST1241,Beauty,Makeup,North,Wallet,648.57,7,10.0,2025-08-15
ORD00647,CUST1089,Sports,Outdoor,West,UPI,1341.0,2,0.0,2025-11-12
ORD00648,CUST1070,Electronics,Accessory,West,UPI,2356.24,2,10.0,2025-01-31
ORD00649,CUST1080,Electronics,Accessory,East,Wallet,4148.42,4,20.0,2025-06-09
ORD00650,CUST1369,Home,Kitchen,West,Card,4658.43,4,0.0,2025-04-21
ORD00651,CUST1305,Electronics,Mobile,South,Card,4766.85,4,0.0,2025-11-15
ORD00652,CUST1388,Fashion,Kids,East,Cash on Delivery,4855.48,2,20.0,2025-03-26
ORD00653,CUST1339,Home,Furniture,,Cash on Delivery,2819.07,6,0.0,2025-01-25
ORD00654,CUST1166,Beauty,Makeup,South,Card,3127.07,7,15.0,2025-06-25
ORD00655,CUST1295,Home,Decor,North,UPI,2923.43,4,0.0,2025-08-30
ORD00656,CUST1339,Electronics,Laptop,West,Net Banking,513.83,5,15.0,2025-03-08
ORD00657,CUST1124,Sports,Outdoor,North,UPI,2441.47,6,10.0,2025-07-18
ORD00658,CUST1147,Fashion,Men,West,Net Banking,4851.87,1,15.0,2025-01-09
ORD00659,CUST1185,Home,Decor,North,Wallet,997.82,3,5.0,2025-09-23
ORD00660,CUST1086,Electronics,Mobile,South,Wallet,4721.46,4,15.0,2025-02-05
ORD00661,CUST1340,Beauty,Makeup,North,UPI,4318.87,5,5.0,2025-03-14
ORD00662,CUST1370,Home,Decor,North,Card,1322.24,5,15.0,2025-06-24
ORD00663,CUST1394,Home,Kitchen,South,Wallet,1400.79,1,15.0,2025-08-24
ORD00664,CUST1269,Fashion,Kids,West,UPI,880.4,4,0.0,2025-09-02
ORD00665,CUST1190,Home,Kitchen,South,Wallet,1797.72,3,0.0,2025-06-01
ORD00666,CUST1134,Beauty,Haircare,East,Net Banking,3805.79,1,5.0,2025-07-06
ORD00667,CUST1337,Fashion,Kids,North,Wallet,4251.64,6,10.0,2025-04-26
ORD00668,CUST1260,Home,Kitchen,North,Net Banking,2314.99,6,,2025-04-02
ORD00669,CUST1195,Fashion,Men,East,Wallet,712.11,3,20.0,2025-09-09
ORD00670,CUST1275,Sports,Indoor,West,Cash on Delivery,836.95,2,0.0,2025-03-10
ORD00671,CUST1055,Electronics,Accessory,East,Net Banking,379.76,4,5.0,2025-06-15
ORD00672,CUST1208,Beauty,Skincare,East,Wallet,2289.23,5,10.0,2025-07-17
ORD00673,CUST1245,Beauty,Makeup,South,Wallet,1506.24,3,0.0,2025-09-08
ORD00674,CUST1043,Beauty,Skincare,East,Card,1962.53,3,15.0,2025-10-05
ORD00675,CUST1182,Electronics,Mobile,East,Card,216.82,4,5.0,2025-05-03
ORD00676,CUST1151,Beauty,Haircare,South,Net Banking,2061.25,6,20.0,2025-01-03
ORD00677,CUST1008,Home,Furniture,North,UPI,2722.64,2,10.0,2025-02-22
ORD00678,CUST1168,Electronics,Laptop,West,Cash on Delivery,2648.4,6,5.0,2025-11-08
ORD00679,CUST1376,Home,Kitchen,South,UPI,636.39,1,15.0,2025-11-01
ORD00680,CUST1305,Fashion,Women,West,Wallet,258.0,7,15.0,2025-04-01
ORD00681,CUST1252,Sports,Indoor,West,UPI,1531.32,6,15.0,2025-07-03
ORD00682,CUST1016,Electronics,Mobile,East,Wallet,4656.44,7,20.0,2025-09-27
ORD00683,CUST1058,Electronics,Accessory,East,Net Banking,2307.95,7,10.0,2025-07-15
ORD00684,CUST1006,Electronics,Laptop,West,Net Banking,1780.99,1,20.0,2025-03-11
ORD00685,CUST1129,Electronics,Accessory,South,Wallet,2344.66,1,20.0,2025-07-07
ORD00686,CUST1189,Sports,Fitness,West,Card,2477.02,2,20.0,2025-04-17
ORD00687,CUST1378,Fashion,Women,East,Cash on Delivery,784.97,2,0.0,2025-09-22
ORD00688,CUST1036,Beauty,Skincare,North,Card,1439.18,6,10.0,2025-01-17
ORD00689,CUST1200,Beauty,Makeup,West,Cash on Delivery,2204.73,1,20.0,2025-09-24
ORD00690,CUST1201,Beauty,Skincare,East,Cash on Delivery,4860.01,7,5.0,2025-11-18
ORD00691,CUST1111,Fashion,Kids,West,Wallet,4318.72,2,10.0,2025-02-17
ORD00692,CUST1212,Sports,Fitness,West,UPI,4299.06,7,5.0,2025-05-01
ORD00693,CUST1120,Fashion,Women,North,Net Banking,4886.16,2,0.0,2025-09-15
ORD00694,CUST1080,Home,Decor,West,Cash on Delivery,300.69,3,5.0,2025-07-25
ORD00695,CUST1269,Beauty,Makeup,West,Wallet,3448.17,4,0.0,2025-07-05
ORD00696,CUST1139,Fashion,Women,East,Wallet,1427.86,4,5.0,2025-05-27
ORD00697,CUST1144,Fashion,Women,East,Card,3626.25,4,10.0,2025-08-27
ORD00698,CUST1085,Beauty,Makeup,East,Net Banking,4285.22,1,10.0,2025-04-08
ORD00699,CUST1015,Sports,Fitness,East,Net Banking,4515.44,4,5.0,2025-09-28
ORD00700,CUST1095,Home,Furniture,East,UPI,2548.81,4,0.0,2025-12-14
ORD00701,CUST1322,Sports,Fitness,South,Wallet,3773.49,3,0.0,2025-04-19
ORD00702,CUST1284,Electronics,Accessory,West,Card,4694.0,2,15.0,2025-02-25
ORD00703,CUST1136,Beauty,Makeup,North,Net Banking,3610.9,5,20.0,2025-06-28
ORD00704,CUST1213,Beauty,Skincare,East,Card,939.85,1,10.0,2025-10-29
ORD00705,CUST1005,Home,Decor,South,Net Banking,1012.88,4,15.0,2025-05-07
ORD00706,CUST1015,Beauty,Skincare,West,Wallet,4649.19,5,5.0,2025-04-05
ORD00707,CUST1109,Beauty,Haircare,West,Wallet,675.01,6,5.0,2025-05-03
ORD00708,CUST1077,Sports,Indoor,West,Wallet,309.13,3,5.0,2025-04-10
ORD00709,CUST1135,Electronics,Laptop,North,UPI,1986.31,3,5.0,2025-12-24
ORD00710,CUST1010,Fashion,Kids,East,Card,1740.43,3,0.0,2025-08-09
ORD00711,CUST1396,Sports,Fitness,West,Cash on Delivery,1130.25,3,15.0,2025-08-07
ORD00712,CUST1212,Beauty,Skincare,North,UPI,4653.35,1,10.0,2025-10-19
ORD00713,CUST1305,Home,Kitchen,South,Net Banking,1675.72,1,15.0,2025-01-25
ORD00714,CUST1173,Home,Furniture,West,Wallet,4244.72,4,20.0,2025-03-03
ORD00715,CUST1123,Sports,Fitness,East,UPI,3869.35,5,20.0,2025-10-06
ORD00716,CUST1397,Beauty,Skincare,East,Net Banking,4656.82,4,0.0,2025-12-05
ORD00717,CUST1262,Electronics,Mobile,South,Cash on Delivery,3884.94,1,0.0,2025-04-11
ORD00718,CUST1319,Home,Furniture,West,Card,315.77,5,15.0,2025-09-27
ORD00719,CUST1039,Sports,Outdoor,East,Net Banking,3071.69,4,20.0,2025-05-08
ORD00720,CUST1016,Electronics,Laptop,West,Cash on Delivery,1488.23,7,10.0,2025-11-07
ORD00721,CUST1157,Electronics,Laptop,North,UPI,2323.85,4,5.0,2025-12-21
ORD00722,CUST1108,Electronics,Laptop,North,Card,2211.75,1,20.0,2025-03-09
ORD00723,CUST1131,Fashion,Kids,South,Wallet,4484.65,7,10.0,2025-10-04
ORD00724,CUST1102,Fashion,Women,West,Net Banking,2587.18,1,10.0,2025-06-20
ORD00725,CUST1140,Fashion,Women,South,Card,2587.99,1,0.0,2025-10-07
ORD00726,CUST1329,Beauty,Makeup,North,Wallet,2894.08,4,10.0,2025-06-26
ORD00727,CUST1313,Fashion,Women,West,Net Banking,1395.1,5,20.0,2025-01-03
ORD00728,CUST1056,Electronics,Accessory,South,Card,4842.83,5,20.0,2025-03-02
ORD00729,CUST1327,Home,Decor,North,Wallet,2703.33,4,0.0,2025-03-24
ORD00730,CUST1371,Electronics,Accessory,South,Cash on Delivery,2983.19,3,5.0,2025-03-02
ORD00731,CUST1288,Home,Kitchen,West,UPI,708.65,3,10.0,2025-05-20
ORD00732,CUST1326,Home,Decor,West,,435.42,3,10.0,2025-03-07
ORD00733,CUST1103,Home,Decor,West,Wallet,477.51,4,10.0,2025-04-18
ORD00734,CUST1374,Beauty,Haircare,North,Cash on Delivery,3365.18,3,0.0,2025-05-26
ORD00735,CUST1129,Home,Furniture,South,Cash on Delivery,4489.43,2,0.0,2025-04-06
ORD00736,CUST1177,Sports,Indoor,North,Card,3000.03,3,15.0,2025-06-29
ORD00737,CUST1399,Home,Kitchen,,Cash on Delivery,908.01,5,0.0,2025-09-21
ORD00738,CUST1192,Electronics,Mobile,East,Card,2358.46,3,20.0,2025-04-04
ORD00739,CUST1045,Sports,Outdoor,West,Wallet,4623.43,7,0.0,2025-11-24
ORD00740,CUST1125,Fashion,Kids,West,Net Banking,4658.72,5,20.0,2025-05-06
ORD00741,CUST1166,Fashion,Women,South,Wallet,1872.55,5,10.0,2025-09-27
ORD00742,CUST1101,Fashion,Women,East,Card,1071.72,4,20.0,2025-11-10
ORD00743,CUST1015,Fashion,Women,West,Wallet,3570.57,5,0.0,2025-08-04
ORD00744,CUST1262,Electronics,Laptop,North,Net Banking,3320.59,1,5.0,2025-08-03
ORD00745,CUST1299,Fashion,Men,West,Wallet,606.0,6,20.0,2025-11-21
ORD00746,CUST1128,Sports,Indoor,West,Net Banking,4399.9,4,0.0,2025-11-07
ORD00747,CUST1118,Beauty,Makeup,West,Net Banking,1936.47,7,10.0,2025-06-20
ORD00748,CUST1101,Fashion,Men,North,Card,444.06,4,,2025-07-18
ORD00749,CUST1104,Home,Kitchen,East,Card,2021.72,2,0.0,2025-09-12
ORD00750,CUST1138,Sports,Outdoor,South,Net Banking,3190.72,3,5.0,2025-03-31
ORD00751,CUST1151,Sports,Indoor,,Wallet,2739.44,7,15.0,2025-01-07
ORD00752,CUST1208,Sports,Fitness,North,Cash on Delivery,2999.47,2,20.0,2025-04-20
ORD00753,CUST1023,Sports,Outdoor,North,Net Banking,4562.52,7,15.0,2025-05-09
ORD00754,CUST1394,Sports,Fitness,West,UPI,2231.13,7,15.0,2025-07-16
ORD00755,CUST1224,Fashion,Women,North,Net Banking,2373.13,1,0.0,2025-06-11
ORD00756,CUST1203,Home,Furniture,North,Net Banking,763.83,5,15.0,2025-01-11
ORD00757,CUST1251,Electronics,Mobile,South,Wallet,3658.64,6,20.0,2025-08-07
ORD00758,CUST1336,Home,Decor,,Card,3120.33,4,15.0,2025-08-04
ORD00759,CUST1222,Sports,Fitness,South,Card,4364.91,1,0.0,2025-02-06
ORD00760,CUST1259,Electronics,Accessory,East,Wallet,1198.91,2,,2025-10-01
ORD00761,CUST1135,Home,Decor,South,Cash on Delivery,2188.08,1,0.0,2025-11-24
ORD00762,CUST1037,Home,Furniture,East,Wallet,3563.32,3,5.0,2025-09-10
ORD00763,CUST1079,Electronics,Mobile,West,UPI,4456.94,5,15.0,2025-01-31
ORD00764,CUST1283,Home,Decor,South,Card,1567.71,2,20.0,2025-03-02
ORD00765,CUST1119,Fashion,Men,East,Card,3111.03,2,5.0,2025-08-10
ORD00766,CUST1017,Beauty,Makeup,South,Wallet,341.69,1,15.0,2025-08-14
ORD00767,CUST1379,Home,Decor,West,Net Banking,173.56,7,15.0,2025-12-27
ORD00768,CUST1194,Beauty,Skincare,North,Net Banking,3819.04,2,10.0,2025-03-29
ORD00769,CUST1208,Sports,Indoor,,Cash on Delivery,2265.26,1,5.0,2025-10-15
ORD00770,CUST1359,Beauty,Makeup,East,Wallet,2241.08,3,10.0,2025-08-20
ORD00771,CUST1153,Electronics,Accessory,North,Net Banking,4975.8,6,0.0,2025-05-24
ORD00772,CUST1114,Home,,West,Card,1026.43,6,5.0,2025-02-23
ORD00773,CUST1198,Beauty,Skincare,West,Cash on Delivery,996.51,1,15.0,2025-10-28
ORD00774,CUST1026,Home,Furniture,East,Wallet,4608.34,6,0.0,2025-12-14
ORD00775,CUST1105,Sports,Fitness,West,Cash on Delivery,2105.88,6,0.0,2025-04-17
ORD00776,CUST1079,Electronics,Mobile,North,Net Banking,4932.24,3,5.0,2025-02-14
ORD00777,CUST1232,Electronics,Mobile,South,Net Banking,2932.16,3,10.0,2025-10-31
ORD00778,CUST1055,Beauty,Skincare,West,Card,1977.17,3,20.0,2025-04-23
ORD00779,CUST1347,Fashion,Kids,East,Card,2227.7,1,15.0,2025-03-18
ORD00780,CUST1027,Home,Kitchen,East,Cash on Delivery,1942.42,4,10.0,2025-08-27
ORD00781,CUST1291,Electronics,Laptop,South,UPI,976.05,5,0.0,2025-07-08
ORD00782,CUST1026,Beauty,Haircare,East,Card,1547.09,1,15.0,2025-01-01
ORD00783,CUST1035,Beauty,Haircare,North,UPI,4333.36,5,20.0,2025-01-28
ORD00784,CUST1341,Electronics,Mobile,West,UPI,265.22,7,0.0,2025-07-18
ORD00785,CUST1170,Fashion,Kids,South,Wallet,1288.31,4,10.0,2025-10-08
ORD00786,CUST1200,Beauty,Skincare,North,Cash on Delivery,4008.3,7,10.0,2025-01-11
ORD00787,CUST1332,Electronics,Laptop,South,Net Banking,4947.1,3,0.0,2025-07-28
ORD00788,CUST1354,Electronics,Mobile,West,UPI,400.99,3,10.0,2025-02-05
ORD00789,CUST1105,Electronics,Mobile,East,Cash on Delivery,3376.29,7,15.0,2025-10-06
ORD00790,CUST1208,Home,Kitchen,West,Card,2180.09,1,5.0,2025-05-08
ORD00791,CUST1122,Fashion,Men,North,Wallet,2391.81,3,5.0,2025-09-12
ORD00792,CUST1059,Fashion,Women,East,Card,1366.64,7,5.0,2025-01-15
ORD00793,CUST1053,Fashion,Women,West,Card,4379.71,2,15.0,2025-07-29
ORD00794,CUST1095,Electronics,Mobile,South,UPI,3515.22,7,20.0,2025-02-05
ORD00795,CUST1018,Sports,Indoor,West,Cash on Delivery,880.41,4,0.0,2025-02-11
ORD00796,CUST1017,Beauty,Makeup,South,Card,3846.92,2,20.0,2025-04-09
ORD00797,CUST1236,Home,Decor,North,Card,3778.14,1,0.0,2025-11-07
ORD00798,CUST1004,Sports,Indoor,East,UPI,3816.97,6,5.0,2025-07-24
ORD00799,CUST1103,Home,Kitchen,South,Net Banking,3036.67,2,20.0,2025-12-21
ORD00800,CUST1222,Home,Decor,North,Card,1069.03,4,0.0,2025-05-23
ORD00801,CUST1301,Beauty,Makeup,North,Card,3042.76,2,15.0,2025-09-10
ORD00802,CUST1098,Beauty,Haircare,North,Wallet,4478.83,3,20.0,2025-03-16
ORD00803,CUST1131,Electronics,Laptop,East,Card,2846.01,6,5.0,2025-11-15
ORD00804,CUST1389,Beauty,Haircare,West,Cash on Delivery,4669.93,4,15.0,2025-11-28
ORD00805,CUST1194,Sports,Indoor,South,Net Banking,2172.03,2,10.0,2025-12-02
ORD00806,CUST1211,Electronics,Mobile,North,UPI,670.34,3,5.0,2025-12-23
ORD00807,CUST1049,Home,Kitchen,North,UPI,476.77,6,20.0,2025-10-06
ORD00808,CUST1038,Beauty,Haircare,East,Wallet,1110.21,6,15.0,2025-11-02
ORD00809,CUST1027,Beauty,Makeup,West,UPI,4516.35,7,15.0,2025-02-08
ORD00810,CUST1302,Sports,Indoor,South,Cash on Delivery,3505.46,6,15.0,2025-04-06
ORD00811,CUST1234,Electronics,Laptop,North,Wallet,4166.76,7,15.0,2025-11-17
ORD00812,CUST1382,Fashion,Men,East,Net Banking,1713.95,7,15.0,2025-03-11
ORD00813,CUST1174,Sports,Indoor,North,Cash on Delivery,2999.48,2,15.0,2025-05-31
ORD00814,CUST1064,Beauty,Haircare,South,UPI,3817.19,3,20.0,2025-07-01
ORD00815,CUST1192,Fashion,Men,,UPI,1131.67,5,10.0,2025-05-04
ORD00816,CUST1161,Beauty,Haircare,North,Cash on Delivery,2922.11,1,0.0,2025-06-25
ORD00817,CUST1262,Fashion,Men,North,Card,2977.44,6,10.0,2025-05-07
ORD00818,CUST1316,Electronics,Mobile,West,Cash on Delivery,3643.05,2,15.0,2025-04-15
ORD00819,CUST1242,Sports,Indoor,East,Card,3180.09,7,10.0,2025-01-10
ORD00820,CUST1210,Home,Kitchen,East,UPI,640.79,1,5.0,2025-11-05
ORD00821,CUST1036,Electronics,Laptop,West,Cash on Delivery,4383.99,4,15.0,2025-05-01
ORD00822,CUST1293,Sports,Fitness,East,Wallet,3022.53,2,5.0,2025-01-06
ORD00823,CUST1236,Electronics,Laptop,West,Wallet,4163.09,3,10.0,2025-12-17
ORD00824,CUST1345,Home,Kitchen,West,Wallet,1792.17,6,10.0,2025-11-02
ORD00825,CUST1147,Fashion,Women,South,Cash on Delivery,3658.1,3,10.0,2025-04-07
ORD00826,CUST1077,Electronics,Accessory,North,Card,394.34,6,0.0,2025-05-18
ORD00827,CUST1202,Sports,Fitness,North,UPI,1960.91,7,20.0,2025-05-20
ORD00828,CUST1135,Fashion,Men,West,Cash on Delivery,1288.97,7,0.0,2025-03-24
ORD00829,CUST1309,Beauty,Skincare,South,UPI,4106.29,6,5.0,2025-11-02
ORD00830,CUST1243,Sports,Indoor,West,Card,4043.12,5,0.0,2025-12-04
ORD00831,CUST1020,Home,Kitchen,West,Cash on Delivery,4801.62,2,10.0,2025-03-12
ORD00832,CUST1208,Home,Kitchen,East,UPI,4628.02,7,20.0,2025-08-25
ORD00833,CUST1327,Sports,Indoor,North,Card,2828.43,5,5.0,2025-09-30
ORD00834,CUST1273,Fashion,Kids,North,Net Banking,2568.21,2,0.0,2025-08-17
ORD00835,CUST1110,Electronics,Laptop,East,Cash on Delivery,4759.91,4,20.0,2025-09-19
ORD00836,CUST1374,Home,Kitchen,West,UPI,408.63,5,20.0,2025-08-29
ORD00837,CUST1185,Home,Kitchen,East,Wallet,2732.21,6,15.0,2025-11-18
ORD00838,CUST1038,Home,Decor,South,Net Banking,2185.86,7,0.0,2025-04-03
ORD00839,CUST1058,Home,Decor,West,Card,1278.75,3,20.0,2025-05-12
ORD00840,CUST1086,Sports,,South,UPI,1249.49,7,10.0,2025-12-30
ORD00841,CUST1147,Beauty,Skincare,South,Wallet,941.55,3,10.0,2025-10-22
ORD00842,CUST1060,Home,Decor,North,Cash on Delivery,3186.87,3,20.0,2025-06-08
ORD00843,CUST1331,Electronics,Accessory,West,Cash on Delivery,4580.15,1,20.0,2025-12-12
ORD00844,CUST1255,Electronics,Mobile,South,Net Banking,3211.74,4,15.0,2025-08-14
ORD00845,CUST1383,Beauty,Skincare,South,Cash on Delivery,3498.9,4,0.0,2025-01-13
ORD00846,CUST1150,Electronics,Mobile,South,Wallet,2990.18,2,15.0,2025-02-22
ORD00847,CUST1202,Beauty,Haircare,East,,210.13,6,10.0,2025-04-26
ORD00848,CUST1099,Electronics,Accessory,North,Wallet,2269.4,4,5.0,2025-10-31
ORD00849,CUST1387,Fashion,Kids,West,UPI,2708.59,7,5.0,2025-01-18
ORD00850,CUST1117,Sports,Indoor,North,Net Banking,988.7,5,5.0,2025-12-09
ORD00851,CUST1257,Fashion,Men,East,Cash on Delivery,2785.05,2,10.0,2025-02-09
ORD00852,CUST1277,Home,Furniture,East,Cash on Delivery,4757.51,3,5.0,2025-07-20
ORD00853,CUST1185,Beauty,Makeup,South,UPI,271.44,2,5.0,2025-04-04
ORD00854,CUST1271,Fashion,Men,North,Card,300.32,6,15.0,2025-08-13
ORD00855,CUST1241,Electronics,Mobile,West,Net Banking,3771.65,2,10.0,2025-09-05
ORD00856,CUST1039,Home,,North,Wallet,2070.92,4,0.0,2025-09-23
ORD00857,CUST1006,Home,Kitchen,West,Cash on Delivery,3326.73,1,20.0,2025-05-18
ORD00858,CUST1330,Beauty,Makeup,North,,2854.28,5,15.0,2025-06-23
ORD00859,CUST1278,Fashion,Kids,East,Wallet,2794.24,2,15.0,2025-04-06
ORD00860,CUST1370,Electronics,Mobile,East,Card,4315.99,7,0.0,2025-02-20
ORD00861,CUST1030,Electronics,Accessory,South,Cash on Delivery,276.18,3,20.0,2025-05-10
ORD00862,CUST1178,Beauty,Haircare,North,Cash on Delivery,1093.95,3,0.0,2025-08-08
ORD00863,CUST1180,Home,Kitchen,North,Net Banking,1771.64,2,0.0,2025-03-15
ORD00864,CUST1357,Beauty,Haircare,South,UPI,2101.5,6,15.0,2025-08-21
ORD00865,CUST1118,Beauty,Skincare,South,UPI,3314.95,7,0.0,2025-10-26
ORD00866,CUST1162,Electronics,Mobile,South,Card,4579.59,4,0.0,2025-05-16
ORD00867,CUST1164,Fashion,Women,East,UPI,4721.15,4,20.0,2025-06-09
ORD00868,CUST1301,Sports,Indoor,East,UPI,3386.87,4,10.0,2025-09-15
ORD00869,CUST1245,Electronics,Mobile,South,Net Banking,303.17,1,0.0,2025-06-18
ORD00870,CUST1140,Fashion,Men,East,UPI,1277.88,6,15.0,2025-01-19
ORD00871,CUST1197,Electronics,Laptop,North,Card,4450.23,7,20.0,2025-07-12
ORD00872,CUST1197,Sports,Outdoor,West,Net Banking,3898.54,1,5.0,2025-02-19
ORD00873,CUST1329,Electronics,Laptop,West,Card,1107.79,3,20.0,2025-07-23
ORD00874,CUST1383,Home,Kitchen,South,Cash on Delivery,4525.43,3,20.0,2025-11-28
ORD00875,CUST1228,Home,Furniture,South,UPI,1257.43,5,20.0,2025-11-25
ORD00876,CUST1137,Sports,Indoor,South,Cash on Delivery,2199.1,5,10.0,2025-05-07
ORD00877,CUST1032,Beauty,Makeup,West,UPI,1549.48,5,5.0,2025-12-29
ORD00878,CUST1252,Electronics,Laptop,West,Card,2558.34,6,20.0,2025-07-18
ORD00879,CUST1185,Beauty,Skincare,South,Wallet,2676.73,2,10.0,2025-03-30
ORD00880,CUST1079,Electronics,Laptop,East,Net Banking,1165.0,2,20.0,2025-05-18
ORD00881,CUST1229,Sports,Outdoor,East,Wallet,3625.62,6,15.0,2025-12-29
ORD00882,CUST1352,Sports,Outdoor,West,Cash on Delivery,4335.19,2,5.0,2025-10-30
ORD00883,CUST1265,Fashion,Men,East,Wallet,3687.64,7,15.0,2025-01-02
ORD00884,CUST1168,Fashion,Men,East,UPI,4254.76,1,20.0,2025-03-06
ORD00885,CUST1181,Beauty,Haircare,East,Wallet,4097.49,3,15.0,2025-01-25
ORD00886,CUST1226,Fashion,Men,North,Card,4645.7,2,5.0,2025-05-30
ORD00887,CUST1336,Fashion,Women,North,Card,663.82,6,5.0,2025-04-25
ORD00888,CUST1098,Sports,Outdoor,East,Card,2073.28,7,,2025-07-26
ORD00889,CUST1358,Fashion,Men,East,Cash on Delivery,2534.31,4,20.0,2025-05-23
ORD00890,CUST1186,Sports,Fitness,East,Wallet,490.05,6,10.0,2025-05-23
ORD00891,CUST1159,Sports,Fitness,South,Net Banking,3129.27,4,10.0,2025-04-15
ORD00892,CUST1200,Sports,Outdoor,South,Net Banking,2438.62,3,10.0,2025-03-24
ORD00893,CUST1298,Electronics,Mobile,North,Card,2439.9,6,20.0,2025-09-11
ORD00894,CUST1341,Sports,Fitness,North,Wallet,1805.69,5,20.0,2025-08-01
ORD00895,CUST1114,Beauty,Skincare,East,Wallet,894.44,1,10.0,2025-08-31
ORD00896,CUST1268,Fashion,Men,East,Card,3734.99,3,5.0,2025-09-28
ORD00897,CUST1379,Home,Kitchen,North,Card,1387.35,4,10.0,2025-03-02
ORD00898,CUST1394,Sports,Indoor,South,UPI,1999.34,1,20.0,2025-03-27
ORD00899,CUST1327,Sports,Outdoor,North,Cash on Delivery,4393.03,2,0.0,2025-10-20
ORD00900,CUST1348,Beauty,Haircare,North,Cash on Delivery,305.92,7,5.0,2025-12-08
ORD00901,CUST1155,Home,Furniture,South,Card,3490.45,5,10.0,2025-01-10
ORD00902,CUST1187,Beauty,Haircare,West,Cash on Delivery,4089.64,4,15.0,2025-01-08
ORD00903,CUST1068,Fashion,Kids,East,Card,4478.55,3,5.0,2025-05-09
ORD00904,CUST1098,Sports,Fitness,West,Cash on Delivery,3267.6,6,20.0,2025-01-27
ORD00905,CUST1344,Home,Kitchen,South,UPI,1360.9,6,0.0,2025-01-11
ORD00906,CUST1396,Sports,Outdoor,North,Card,1248.03,3,10.0,2025-07-11
ORD00907,CUST1204,Sports,Outdoor,South,Wallet,208.88,3,10.0,2025-07-08
ORD00908,CUST1164,Electronics,Laptop,South,Cash on Delivery,4066.12,2,5.0,2025-09-01
ORD00909,CUST1313,Electronics,Mobile,East,Cash on Delivery,964.5,2,15.0,2025-11-04
ORD00910,CUST1357,Fashion,Kids,North,Cash on Delivery,812.82,2,5.0,2025-07-08
ORD00911,CUST1222,Beauty,Skincare,East,Card,163.13,5,5.0,2025-03-14
ORD00912,CUST1184,Fashion,Kids,North,Cash on Delivery,1770.36,4,5.0,2025-08-05
ORD00913,CUST1282,Home,Kitchen,North,UPI,1030.39,1,10.0,2025-04-04
ORD00914,CUST1337,Beauty,Makeup,West,Card,2940.18,7,0.0,2025-04-21
ORD00915,CUST1144,Beauty,Makeup,West,Cash on Delivery,998.64,2,15.0,2025-11-11
ORD00916,CUST1074,Sports,Outdoor,North,Net Banking,3946.39,2,,2025-10-10
ORD00917,CUST1090,Sports,Indoor,South,Card,2560.58,7,0.0,2025-12-12
ORD00918,CUST1032,Beauty,Skincare,North,Cash on Delivery,3661.46,4,20.0,2025-02-09
ORD00919,CUST1347,Electronics,Laptop,East,UPI,4428.08,3,15.0,2025-11-27
ORD00920,CUST1210,Electronics,Laptop,South,Net Banking,3537.38,4,15.0,2025-07-26
ORD00921,CUST1040,Fashion,Kids,North,Wallet,3316.02,6,20.0,2025-08-12
ORD00922,CUST1377,Electronics,Laptop,West,UPI,1681.46,1,0.0,2025-08-04
ORD00923,CUST1336,Beauty,Haircare,South,Wallet,2309.54,1,15.0,2025-01-21
ORD00924,CUST1319,Beauty,Skincare,North,UPI,4956.35,2,0.0,2025-04-20
ORD00925,CUST1301,Home,Kitchen,South,Net Banking,4454.0,2,0.0,2025-03-22
ORD00926,CUST1205,Sports,Indoor,East,Cash on Delivery,1870.42,5,15.0,2025-07-22
ORD00927,CUST1046,Home,Kitchen,North,UPI,1409.75,4,0.0,2025-06-23
ORD00928,CUST1140,Beauty,Haircare,West,Card,651.12,1,15.0,2025-03-22
ORD00929,CUST1274,Electronics,Laptop,North,Net Banking,1200.67,6,15.0,2025-03-29
ORD00930,CUST1154,Electronics,Laptop,West,Card,2764.97,5,20.0,2025-06-15
ORD00931,CUST1295,Electronics,Mobile,South,Card,4203.94,5,0.0,2025-06-17
ORD00932,CUST1231,Home,Kitchen,West,UPI,4943.97,6,20.0,2025-01-30
ORD00933,CUST1271,Home,Furniture,West,Net Banking,3189.82,6,5.0,2025-07-14
ORD00934,CUST1196,Home,Kitchen,West,Card,3886.42,3,20.0,2025-01-04
ORD00935,CUST1047,Home,Furniture,East,Card,447.32,4,10.0,2025-08-10
ORD00936,CUST1292,Beauty,Skincare,East,Net Banking,1337.11,5,5.0,2025-07-28
ORD00937,CUST1017,Beauty,Makeup,South,Cash on Delivery,1041.47,7,0.0,2025-01-08
ORD00938,CUST1015,Sports,Fitness,South,UPI,4385.21,2,15.0,2025-06-02
ORD00939,CUST1113,Electronics,Accessory,East,Wallet,287.22,4,10.0,2025-07-10
ORD00940,CUST1369,Beauty,Haircare,South,Wallet,3044.12,2,10.0,2025-02-09
ORD00941,CUST1021,Electronics,Laptop,West,Wallet,1545.87,5,15.0,2025-08-11
ORD00942,CUST1295,Beauty,Haircare,South,Net Banking,4785.92,7,20.0,2025-12-06
ORD00943,CUST1325,Home,Kitchen,West,UPI,2406.28,2,5.0,2025-10-31
ORD00944,CUST1180,Sports,Indoor,South,UPI,3721.32,1,5.0,2025-11-11
ORD00945,CUST1273,Beauty,Skincare,South,Card,2394.57,2,20.0,2025-10-04
ORD00946,CUST1108,Fashion,Men,North,Net Banking,3269.36,7,15.0,2025-06-30
ORD00947,CUST1314,Electronics,Accessory,West,Card,1952.8,5,0.0,2025-03-11
ORD00948,CUST1098,Fashion,Kids,East,Cash on Delivery,2250.04,4,10.0,2025-10-04
ORD00949,CUST1093,Electronics,Mobile,West,Wallet,1165.72,3,10.0,2025-11-20
ORD00950,CUST1150,Beauty,Haircare,East,Cash on Delivery,461.41,1,15.0,2025-09-20
ORD00951,CUST1326,Sports,Outdoor,North,Wallet,1994.14,2,10.0,2025-04-24
ORD00952,CUST1375,Sports,Indoor,West,UPI,1706.06,4,15.0,2025-04-10
ORD00953,CUST1299,Beauty,Skincare,South,Wallet,3355.21,7,10.0,2025-03-14
ORD00954,CUST1210,Sports,Indoor,North,UPI,2370.8,7,10.0,2025-09-07
ORD00955,CUST1165,Sports,Fitness,East,Wallet,1690.95,4,0.0,2025-06-01
ORD00956,CUST1222,Home,Furniture,East,Net Banking,750.71,6,10.0,2025-08-26
ORD00957,CUST1248,Beauty,Haircare,West,UPI,4663.95,2,0.0,2025-10-01
ORD00958,CUST1099,Fashion,Women,West,Card,2370.02,1,0.0,2025-06-08
ORD00959,CUST1109,Sports,Indoor,West,UPI,724.65,7,5.0,2025-02-13
ORD00960,CUST1000,Beauty,Makeup,South,UPI,2096.34,3,10.0,2025-07-16
ORD00961,CUST1219,Beauty,Makeup,East,UPI,935.07,2,0.0,2025-04-25
ORD00962,CUST1088,Home,Furniture,East,Cash on Delivery,1746.01,4,10.0,2025-05-01
ORD00963,CUST1043,Beauty,Haircare,North,Card,267.51,4,20.0,2025-05-26
ORD00964,CUST1392,Fashion,Women,West,Cash on Delivery,765.26,2,0.0,2025-11-19
ORD00965,CUST1394,Home,Decor,West,Wallet,3145.65,5,15.0,2025-07-18
ORD00966,CUST1081,Electronics,Mobile,West,Card,578.93,3,20.0,2025-05-28
ORD00967,CUST1153,Beauty,Haircare,West,Wallet,3171.9,4,10.0,2025-02-15
ORD00968,CUST1398,Home,Kitchen,South,UPI,4666.53,3,0.0,2025-06-06
ORD00969,CUST1387,Home,Decor,West,Card,1988.76,5,15.0,2025-04-20
ORD00970,CUST1227,Sports,Indoor,North,Card,429.37,3,20.0,2025-05-24
ORD00971,CUST1213,Fashion,Men,North,Card,3566.32,7,0.0,2025-07-08
ORD00972,CUST1061,Electronics,Laptop,North,Cash on Delivery,3416.54,1,10.0,2025-05-01
ORD00973,CUST1013,Fashion,Women,East,Net Banking,1333.98,2,20.0,2025-11-17
ORD00974,CUST1002,Sports,Outdoor,North,UPI,3587.98,6,20.0,2025-07-22
ORD00975,CUST1023,Fashion,Women,West,Wallet,931.07,1,,2025-08-09
ORD00976,CUST1235,Beauty,Skincare,West,Wallet,3010.48,2,15.0,2025-05-31
ORD00977,CUST1237,Sports,Outdoor,East,Card,1921.15,3,15.0,2025-07-07
ORD00978,CUST1352,Home,Decor,North,Cash on Delivery,1157.04,7,10.0,2025-09-20
ORD00979,CUST1128,Electronics,Laptop,North,Card,3384.14,6,10.0,2025-09-27
ORD00980,CUST1004,Sports,Fitness,South,Card,566.55,7,5.0,2025-08-28
ORD00981,CUST1325,Fashion,Women,West,Wallet,4935.14,6,5.0,2025-02-17
ORD00982,CUST1167,Electronics,Accessory,North,Net Banking,967.93,5,5.0,2025-09-29
ORD00983,CUST1383,Fashion,Kids,South,Wallet,1723.37,4,15.0,2025-01-08
ORD00984,CUST1310,Electronics,Mobile,East,Wallet,4395.18,7,0.0,2025-02-04
ORD00985,CUST1207,Home,Decor,East,Net Banking,867.54,4,20.0,2025-10-18
ORD00986,CUST1004,Beauty,Makeup,West,Cash on Delivery,1781.45,5,0.0,2025-07-11
ORD00987,CUST1318,Fashion,Women,East,Wallet,1352.54,5,20.0,2025-02-23
ORD00988,CUST1236,Sports,Outdoor,North,UPI,4853.5,7,0.0,2025-09-29
ORD00989,CUST1128,Sports,Indoor,East,Wallet,1397.18,7,10.0,2025-05-04
ORD00990,CUST1073,Sports,Indoor,East,Cash on Delivery,1524.81,2,10.0,2025-12-29
ORD00991,CUST1051,Electronics,Laptop,North,Cash on Delivery,2425.3,2,15.0,2025-04-03
ORD00992,CUST1327,Home,Decor,East,Cash on Delivery,4663.38,7,10.0,2025-05-27
ORD00993,CUST1286,Home,Decor,East,Card,3321.44,5,15.0,2025-03-21
ORD00994,CUST1111,Fashion,Kids,South,UPI,4394.23,2,15.0,2025-10-30
ORD00995,CUST1026,Sports,Outdoor,East,Card,632.62,6,15.0,2025-03-12
ORD00996,CUST1219,Electronics,Accessory,West,Cash on Delivery,1320.27,4,0.0,2025-12-18
ORD00997,CUST1316,Home,Furniture,West,Net Banking,927.64,2,15.0,2025-08-09
ORD00998,CUST1219,Electronics,Accessory,South,Cash on Delivery,4136.12,1,5.0,2025-11-30
ORD00999,CUST1262,Fashion,Kids,West,Cash on Delivery,2880.6,1,10.0,2025-10-29
ORD01000,CUST1039,Sports,Outdoor,South,Wallet,1168.92,6,20.0,2025-10-02
