order_id,product_category,customer_segment,payment_method,region,unit_price,quantity,discount_percent,customer_rating,returned
10001,Beauty,Loyal,Wallet,South,504.45,4,9.42,4.3,0
10002,Sports,Returning,Card,West,3168.36,4,6.95,3.2,0
10003,Home,Returning,Card,East,4908.71,4,27.42,3.3,0
10004,Sports,Loyal,Wallet,West,1072.02,2,31.82,2.8,0
10005,Sports,Returning,COD,West,3994.09,5,12.96,4.1,0
10006,Fashion,New,Wallet,North,4553.31,3,26.29,2.6,1
10007,Home,Returning,COD,South,4726.95,5,31.39,4.0,0
10008,Home,Returning,Card,East,4806.66,5,29.61,4.7,0
10009,Home,Returning,Card,North,2679.08,4,6.4,4.7,0
10010,Sports,Returning,COD,North,4889.94,2,33.47,3.6,1
10011,Beauty,Loyal,Card,North,3822.95,1,13.18,3.6,0
10012,Home,Loyal,COD,West,934.11,2,11.87,2.7,0
10013,Sports,Returning,UPI,South,2462.97,5,2.19,4.2,0
10014,Fashion,New,Wallet,South,3633.91,2,17.02,4.6,0
10015,Beauty,Loyal,UPI,East,1349.6,4,3.82,3.1,0
10016,Fashion,Loyal,COD,South,3256.98,1,8.7,3.6,0
10017,Beauty,New,Wallet,South,3383.01,4,11.09,4.6,0
10018,Sports,Loyal,COD,North,939.09,1,28.31,4.7,0
10019,Electronics,Loyal,Wallet,North,2890.66,5,30.64,3.1,0
10020,Beauty,Returning,Wallet,West,3892.39,1,10.59,3.9,0
10021,Fashion,Returning,Wallet,North,2569.64,1,30.05,3.0,1
10022,Sports,Returning,Wallet,North,208.7,1,30.0,2.8,0
10023,Beauty,New,COD,North,193.84,2,26.76,4.8,0
10024,Electronics,New,Wallet,North,1881.59,2,5.13,4.6,0
10025,Electronics,Loyal,Wallet,West,4642.04,5,24.16,4.4,0
10026,Home,New,UPI,North,1259.08,1,33.08,2.6,1
10027,Home,New,Card,East,3226.66,3,23.89,4.6,0
10028,Fashion,Returning,Card,East,1227.07,5,11.61,3.6,0
10029,Beauty,Returning,UPI,East,1710.1,1,17.52,3.4,0
10030,Beauty,Loyal,UPI,East,4263.0,1,22.6,3.9,0
10031,Home,New,COD,North,3684.98,2,17.87,2.7,1
10032,Beauty,New,COD,East,612.69,5,4.2,4.4,0
10033,Beauty,Returning,COD,North,2229.2,1,10.92,4.0,0
10034,Electronics,Returning,UPI,West,291.47,1,28.08,3.0,0
10035,Home,New,UPI,East,2482.32,5,30.15,3.0,1
10036,Sports,Returning,Wallet,South,3362.8,3,4.81,3.0,0
10037,Home,New,COD,East,724.74,5,33.33,2.6,1
10038,Sports,New,COD,East,1551.09,5,11.51,4.0,1
10039,Electronics,Returning,COD,North,2079.51,3,23.18,4.6,0
10040,Fashion,Returning,Card,East,4609.73,5,26.31,2.5,1
10041,Beauty,Loyal,Wallet,South,4967.29,1,28.42,2.6,0
10042,Electronics,Returning,COD,North,367.82,5,33.1,3.9,0
10043,Beauty,Returning,COD,North,3840.89,3,10.95,4.5,0
10044,Fashion,Returning,COD,West,1952.86,4,30.05,3.3,0
10045,Fashion,New,Card,West,2053.42,5,4.61,3.4,1
10046,Electronics,Returning,Card,East,3808.19,2,24.68,4.0,0
10047,Fashion,New,UPI,West,4604.37,1,25.97,3.2,0
10048,Sports,Loyal,Wallet,West,4762.0,1,23.72,2.6,1
10049,Fashion,New,UPI,West,2949.04,2,8.83,4.3,0
10050,Beauty,Returning,Wallet,North,1882.04,2,30.56,4.1,0
10051,Beauty,New,Card,North,3969.61,5,5.91,4.0,1
10052,Beauty,Loyal,COD,North,1367.36,2,1.88,4.4,0
10053,Beauty,Returning,UPI,West,2885.76,4,25.11,4.2,1
10054,Sports,Returning,COD,North,1889.11,3,16.64,3.0,0
10055,Home,New,UPI,West,3334.66,2,29.72,3.4,0
10056,Electronics,Returning,Card,North,1315.93,2,13.42,2.8,0
10057,Beauty,New,Card,North,1079.23,4,5.89,2.8,0
10058,Fashion,Loyal,Card,South,4603.46,1,29.28,4.2,0
10059,Beauty,New,UPI,East,643.75,1,19.21,4.6,0
10060,Fashion,New,Wallet,West,2603.9,5,6.62,4.9,0
10061,Fashion,New,UPI,South,1221.14,4,25.21,4.1,0
10062,Beauty,Returning,Wallet,North,338.81,3,17.89,3.0,0
10063,Sports,Returning,UPI,West,324.69,3,21.15,2.8,0
10064,Fashion,New,UPI,North,999.83,4,16.13,4.5,0
10065,Fashion,Loyal,Card,East,4353.84,3,29.0,3.9,0
10066,Beauty,Returning,COD,South,1520.02,1,29.03,4.0,1
10067,Fashion,Returning,COD,East,4759.73,3,24.83,4.5,1
10068,Fashion,Returning,Wallet,South,2970.87,3,3.69,4.3,0
10069,Beauty,Returning,COD,North,2267.58,4,29.36,4.6,1
10070,Beauty,Returning,UPI,East,2963.43,4,23.49,2.6,0
10071,Electronics,New,UPI,East,2655.99,3,24.4,4.4,0
10072,Sports,New,Card,North,3830.06,2,12.7,4.6,0
10073,Sports,Loyal,Card,East,1520.11,4,30.77,3.2,0
10074,Fashion,Loyal,COD,West,1862.29,5,25.39,4.1,0
10075,Sports,Returning,Wallet,South,4486.36,5,3.94,3.3,0
10076,Fashion,New,COD,South,4740.31,1,14.27,4.9,0
10077,Electronics,Returning,COD,South,4478.91,3,31.02,2.6,0
10078,Beauty,Returning,COD,West,2184.32,2,1.65,3.9,0
10079,Beauty,New,COD,South,3934.77,1,33.65,2.9,1
10080,Beauty,New,UPI,North,2460.23,3,23.77,4.3,0
10081,Sports,Returning,Wallet,East,2563.07,4,22.1,2.9,0
10082,Electronics,Returning,UPI,West,1142.7,5,9.47,3.1,0
10083,Sports,New,Wallet,South,3016.98,2,8.71,3.7,0
10084,Sports,New,Card,North,1052.76,5,32.97,4.8,1
10085,Electronics,New,COD,East,1758.09,4,10.44,3.0,1
10086,Electronics,Returning,UPI,East,4296.9,3,27.14,2.9,1
10087,Electronics,New,Wallet,West,1154.32,4,13.76,4.4,0
10088,Electronics,New,Card,West,495.12,4,4.87,3.8,0
10089,Beauty,Loyal,Card,West,484.69,5,0.38,4.8,0
10090,Home,New,COD,North,4712.8,2,19.05,2.9,1
10091,Home,Returning,Wallet,North,2608.56,4,34.15,4.1,0
10092,Electronics,New,UPI,West,2135.65,5,12.92,3.1,1
10093,Home,New,COD,South,4082.76,2,12.5,2.9,0
10094,Home,New,UPI,East,4203.76,3,12.04,4.2,0
10095,Electronics,Returning,Card,East,1761.13,3,18.22,4.0,0
10096,Home,Loyal,UPI,North,3514.05,1,15.42,4.4,0
10097,Sports,Loyal,UPI,East,3889.95,5,30.8,3.3,1
10098,Fashion,Returning,COD,South,3325.06,2,17.69,3.6,0
10099,Fashion,Returning,UPI,East,885.24,4,17.77,3.5,0
10100,Electronics,New,COD,North,4398.03,3,4.84,5.0,0
10101,Beauty,New,Card,North,2764.61,2,34.4,3.2,0
10102,Electronics,Loyal,COD,South,1519.99,5,8.75,3.2,0
10103,Beauty,New,COD,South,2212.36,1,2.57,3.4,0
10104,Fashion,New,Wallet,East,332.22,3,23.21,3.9,0
10105,Electronics,New,UPI,East,770.15,2,20.84,3.1,0
10106,Sports,New,Card,North,3862.9,2,14.53,4.8,0
10107,Home,New,COD,South,150.06,2,14.78,3.2,1
10108,Beauty,Returning,Card,South,2170.34,5,27.48,4.7,1
10109,Home,Returning,Wallet,South,2684.17,5,6.85,2.8,0
10110,Home,Loyal,UPI,East,414.98,5,28.71,4.1,0
10111,Electronics,Loyal,COD,South,4869.43,4,22.71,4.8,1
10112,Home,New,UPI,North,1246.71,2,14.66,2.9,0
10113,Sports,New,Wallet,North,1625.36,3,16.03,4.9,0
10114,Home,Returning,Wallet,East,1624.12,5,8.98,3.6,0
10115,Electronics,Returning,Card,West,1267.52,5,26.32,4.9,0
10116,Sports,New,COD,East,157.15,2,17.95,4.2,1
10117,Fashion,Returning,Card,West,3687.32,5,11.23,3.3,0
10118,Home,Returning,Wallet,South,4839.2,4,20.86,3.0,0
10119,Electronics,Returning,UPI,East,1237.82,4,34.85,3.3,1
10120,Fashion,Returning,Card,North,3365.78,5,15.23,2.7,0
10121,Fashion,New,Card,South,3748.2,2,32.22,2.9,0
10122,Beauty,Loyal,UPI,North,4264.86,2,12.08,2.8,0
10123,Sports,Loyal,Card,South,2199.75,2,1.92,3.6,0
10124,Home,New,UPI,East,1619.21,1,7.15,4.5,0
10125,Electronics,Loyal,COD,West,1727.68,5,14.65,2.9,0
10126,Beauty,Returning,UPI,South,3606.21,2,7.69,2.8,0
10127,Sports,Loyal,COD,West,4111.38,4,0.01,4.1,0
10128,Beauty,Loyal,UPI,South,1030.83,3,32.03,3.0,0
10129,Sports,Returning,Wallet,North,1949.06,3,29.54,2.7,0
10130,Sports,New,Wallet,North,4524.41,2,25.98,2.9,1
10131,Home,New,COD,South,4062.46,3,5.87,4.8,0
10132,Sports,Returning,COD,West,4926.56,3,4.21,4.6,0
10133,Beauty,Returning,Wallet,East,3808.1,1,2.37,3.4,0
10134,Sports,New,COD,East,2057.0,4,25.34,4.1,1
10135,Home,New,UPI,North,3014.59,4,32.51,3.8,0
10136,Home,Loyal,UPI,East,3355.92,1,15.07,4.2,0
10137,Beauty,Loyal,Wallet,North,530.51,1,4.17,4.2,0
10138,Fashion,Returning,Card,East,2790.81,3,17.93,4.1,1
10139,Fashion,New,UPI,South,3590.21,5,12.21,3.2,0
10140,Sports,New,COD,North,961.51,3,13.12,2.6,0
10141,Electronics,New,Card,North,3936.06,1,21.75,3.6,1
10142,Sports,Loyal,Card,South,2981.3,4,25.16,4.7,0
10143,Beauty,New,UPI,North,4768.28,3,3.87,3.9,0
10144,Beauty,Returning,UPI,East,355.75,5,1.25,4.6,0
10145,Beauty,New,Card,East,1436.83,3,34.8,5.0,1
10146,Beauty,Returning,Card,North,3067.54,2,8.15,2.9,0
10147,Beauty,Returning,Wallet,East,1588.32,3,1.88,4.2,1
10148,Home,Loyal,COD,West,3614.96,1,6.65,4.2,0
10149,Fashion,New,Wallet,North,3831.18,4,1.36,4.9,0
10150,Beauty,New,UPI,South,647.2,4,13.71,5.0,1
10151,Electronics,New,Wallet,West,2642.19,1,28.08,4.2,0
10152,Electronics,Loyal,Wallet,North,2618.12,2,11.94,3.1,0
10153,Electronics,Loyal,Wallet,South,1941.01,1,15.55,4.5,0
10154,Electronics,Returning,Wallet,East,4674.69,3,23.65,2.8,1
10155,Home,Returning,COD,South,4163.41,1,17.81,4.5,0
10156,Electronics,Returning,COD,West,3531.47,1,30.15,4.8,0
10157,Beauty,New,Card,East,3614.48,2,30.31,3.5,0
10158,Sports,Loyal,UPI,North,2389.32,3,0.35,4.1,0
10159,Electronics,Returning,Wallet,East,4616.82,5,27.23,3.6,0
10160,Home,Returning,Card,North,3518.79,5,16.13,3.6,1
10161,Home,Returning,Card,North,3685.56,4,34.61,3.3,0
10162,Electronics,New,Card,South,4329.2,1,16.91,4.4,0
10163,Sports,New,COD,South,1479.25,4,34.54,4.8,0
10164,Electronics,Returning,Wallet,South,4064.29,2,26.41,4.9,0
10165,Home,New,Wallet,West,1096.92,5,8.7,2.9,0
10166,Fashion,Returning,UPI,West,1824.91,1,18.84,4.7,0
10167,Beauty,New,Wallet,South,1777.71,2,34.72,4.3,1
10168,Home,Returning,Wallet,West,4895.85,2,30.01,3.1,1
10169,Electronics,New,Card,East,4304.21,1,3.41,2.7,0
10170,Beauty,Returning,UPI,East,3550.67,2,24.72,3.2,1
10171,Electronics,Returning,Wallet,West,3676.23,1,12.1,4.8,0
10172,Electronics,New,COD,West,2876.05,1,0.24,4.1,0
10173,Fashion,Returning,Wallet,East,4743.39,3,14.12,4.3,0
10174,Beauty,Returning,Card,North,2556.85,4,8.22,3.1,0
10175,Beauty,Returning,COD,East,1995.51,2,28.66,4.3,0
10176,Fashion,Loyal,Card,East,940.72,2,11.81,2.6,0
10177,Home,Returning,Wallet,West,3963.1,3,28.96,3.4,0
10178,Electronics,New,COD,East,3712.05,3,0.02,4.1,0
10179,Sports,New,UPI,West,2014.12,3,10.77,2.9,0
10180,Electronics,New,UPI,West,272.19,5,8.44,4.6,1
10181,Electronics,Returning,COD,South,4219.14,5,8.17,3.1,0
10182,Home,New,COD,East,205.38,5,2.39,4.1,0
10183,Electronics,Returning,Card,North,3562.94,1,6.55,3.5,0
10184,Fashion,Returning,COD,South,4855.75,2,19.44,4.0,0
10185,Fashion,New,Card,West,2272.66,4,10.2,2.8,0
10186,Beauty,Loyal,Wallet,West,1289.62,1,14.61,2.5,0
10187,Sports,New,Card,North,3568.62,2,13.19,4.8,0
10188,Electronics,New,COD,West,4113.07,2,30.66,3.2,0
10189,Electronics,Returning,COD,East,2800.19,3,31.69,4.5,1
10190,Home,Returning,Wallet,South,4840.12,3,17.25,5.0,0
10191,Fashion,Returning,COD,West,400.59,1,11.56,3.0,0
10192,Sports,Returning,COD,West,2598.26,3,3.74,3.2,0
10193,Beauty,New,UPI,North,3634.5,2,33.37,4.2,0
10194,Fashion,Loyal,UPI,East,4333.81,3,2.11,4.9,0
10195,Beauty,Loyal,Wallet,West,1019.39,5,10.42,4.8,0
10196,Home,Returning,Card,North,4030.02,3,10.43,3.8,0
10197,Home,New,UPI,West,2830.63,2,11.21,4.5,0
10198,Electronics,Returning,Card,North,2073.29,1,5.75,2.8,1
10199,Sports,Returning,COD,North,788.82,4,27.41,4.9,0
10200,Beauty,New,UPI,East,4346.68,3,4.29,4.9,0
10201,Fashion,Loyal,Wallet,West,912.78,2,22.22,2.9,0
10202,Home,New,Wallet,East,1652.47,4,4.33,3.2,0
10203,Electronics,Loyal,Wallet,North,1556.72,4,2.47,2.8,0
10204,Electronics,Returning,UPI,South,4376.36,5,31.83,3.2,1
10205,Beauty,New,Card,West,3412.61,4,6.65,4.5,0
10206,Home,Returning,COD,South,4013.9,2,28.74,3.4,0
10207,Sports,Loyal,Card,West,1364.77,2,19.06,2.7,0
10208,Home,Returning,Card,East,3180.64,3,2.72,3.4,0
10209,Beauty,Loyal,COD,East,2922.97,3,33.44,5.0,0
10210,Beauty,Returning,COD,East,4189.23,3,8.64,4.1,0
10211,Home,Returning,UPI,East,4544.52,4,30.09,3.5,0
10212,Beauty,Loyal,UPI,East,208.96,4,5.91,2.9,0
10213,Home,New,UPI,South,3419.0,5,29.89,5.0,0
10214,Fashion,Returning,UPI,East,401.4,3,0.46,4.6,0
10215,Home,New,UPI,North,2811.96,1,17.91,3.2,0
10216,Home,Loyal,COD,North,1545.02,5,26.93,2.7,0
10217,Beauty,Loyal,Card,South,1637.87,1,32.72,2.6,0
10218,Beauty,New,UPI,West,1861.85,4,31.82,2.8,1
10219,Electronics,Returning,UPI,North,3163.27,5,28.69,4.0,1
10220,Electronics,Loyal,Card,West,1770.14,5,31.09,4.8,0
10221,Fashion,New,UPI,South,3703.59,2,6.97,3.7,0
10222,Electronics,Returning,Card,West,2111.96,4,9.95,4.6,0
10223,Home,Loyal,Card,West,481.51,4,10.11,3.6,0
10224,Beauty,New,COD,West,3951.24,5,13.2,4.3,1
10225,Electronics,Returning,Wallet,West,1535.93,4,13.77,4.3,1
10226,Electronics,New,COD,South,2248.92,5,19.06,2.9,1
10227,Fashion,Loyal,Wallet,North,3474.4,2,5.6,3.4,0
10228,Fashion,Loyal,Wallet,East,1762.41,5,24.19,4.1,0
10229,Home,Loyal,Wallet,West,424.44,4,5.86,2.7,0
10230,Beauty,Returning,UPI,North,1963.52,4,10.86,3.4,0
10231,Fashion,Loyal,COD,North,4730.58,5,17.62,3.8,0
10232,Electronics,Loyal,Wallet,South,3262.41,5,27.88,5.0,1
10233,Beauty,New,Card,North,3406.67,5,25.88,3.7,0
10234,Beauty,Loyal,UPI,South,3216.57,3,22.59,4.5,0
10235,Electronics,New,COD,West,1115.11,4,5.45,3.6,1
10236,Fashion,Returning,Wallet,West,2178.92,4,19.15,4.5,1
10237,Electronics,New,Card,East,3792.06,3,3.06,4.0,0
10238,Beauty,New,COD,East,641.66,5,13.21,4.7,0
10239,Sports,New,COD,East,1497.59,2,14.47,3.5,0
10240,Sports,Returning,UPI,North,1490.15,5,1.39,4.0,0
10241,Home,New,COD,West,2245.29,5,9.59,4.1,1
10242,Electronics,Returning,UPI,South,4904.79,3,33.45,3.5,1
10243,Electronics,New,Wallet,East,477.39,4,33.38,2.9,1
10244,Home,New,UPI,South,2665.7,5,12.33,2.7,0
10245,Home,Returning,Card,South,1019.92,4,1.51,2.5,0
10246,Home,Loyal,UPI,East,4857.78,1,6.27,4.7,0
10247,Beauty,New,Card,West,699.52,4,13.73,3.1,0
10248,Electronics,Returning,UPI,East,2107.46,2,33.17,3.0,0
10249,Beauty,Loyal,COD,South,3728.74,2,4.94,4.3,0
10250,Home,Returning,Wallet,East,3567.09,5,26.72,3.3,0
10251,Electronics,New,Card,South,2200.23,4,3.8,3.8,0
10252,Beauty,New,UPI,South,1830.64,5,34.34,2.9,1
10253,Beauty,Loyal,UPI,East,2078.42,3,13.36,4.9,0
10254,Home,New,UPI,North,1431.74,2,27.13,4.6,1
10255,Electronics,Loyal,COD,East,1145.86,5,11.99,4.7,0
10256,Home,Returning,COD,North,2492.74,3,21.97,3.5,0
10257,Electronics,Loyal,Card,South,1452.39,5,6.72,4.4,0
10258,Sports,Loyal,Card,South,1544.19,4,5.11,2.9,0
10259,Fashion,Loyal,COD,North,3335.27,4,32.83,2.5,1
10260,Fashion,Returning,Card,South,4847.41,4,32.12,2.5,0
10261,Fashion,Loyal,Wallet,North,3077.64,4,31.06,4.0,0
10262,Home,Returning,Wallet,North,523.35,1,21.89,3.6,0
10263,Sports,Returning,COD,South,516.58,3,28.29,3.8,1
10264,Electronics,Returning,Card,West,4764.4,3,2.42,2.5,1
10265,Beauty,Loyal,UPI,North,1591.86,4,11.72,3.6,0
10266,Electronics,Loyal,Wallet,East,596.52,1,10.98,4.3,0
10267,Beauty,Loyal,COD,East,3055.37,4,22.25,3.6,0
10268,Electronics,Returning,Card,South,3174.7,1,12.46,4.3,0
10269,Sports,Returning,COD,West,3295.25,4,5.2,3.1,0
10270,Beauty,Returning,UPI,South,1446.9,2,20.88,4.5,0
10271,Home,New,Wallet,West,223.29,2,28.5,4.0,1
10272,Electronics,New,COD,North,4830.32,5,13.37,3.0,1
10273,Electronics,Returning,COD,North,1366.83,4,4.63,3.1,0
10274,Beauty,New,COD,North,3428.73,3,6.88,4.1,0
10275,Home,New,UPI,North,3577.15,5,8.31,4.6,0
10276,Home,New,COD,East,3108.54,2,10.5,3.5,1
10277,Sports,New,UPI,East,1667.6,4,22.5,3.1,0
10278,Home,New,UPI,South,1464.82,5,21.03,4.7,0
10279,Home,Loyal,UPI,West,3048.69,4,24.36,4.2,0
10280,Home,Returning,Wallet,North,4350.56,2,12.69,3.6,0
10281,Fashion,Returning,Wallet,North,4741.66,5,28.84,3.7,0
10282,Sports,Returning,COD,West,663.64,2,7.14,3.0,0
10283,Electronics,New,COD,West,900.92,1,16.42,4.1,0
10284,Beauty,Loyal,Wallet,South,4731.97,2,28.03,3.4,0
10285,Electronics,Loyal,Card,West,3722.2,4,6.31,5.0,0
10286,Sports,New,Wallet,North,4432.52,3,3.85,3.7,1
10287,Beauty,Returning,UPI,North,1132.77,2,30.93,3.7,1
10288,Sports,Loyal,Wallet,North,2999.79,3,12.0,3.9,0
10289,Home,Loyal,UPI,North,3550.53,1,23.94,4.8,0
10290,Beauty,Returning,COD,North,3448.54,5,0.89,4.5,0
10291,Home,Returning,Card,South,2129.54,5,24.15,3.6,0
10292,Electronics,New,COD,North,224.67,3,11.06,4.3,0
10293,Electronics,Loyal,UPI,South,2977.19,5,1.95,4.0,0
10294,Beauty,New,UPI,North,1377.54,2,21.34,3.7,1
10295,Beauty,Loyal,UPI,East,2333.73,3,8.43,3.0,0
10296,Sports,Returning,Card,East,4794.27,4,13.54,3.7,0
10297,Sports,Returning,Wallet,East,2085.32,2,2.82,3.1,0
10298,Home,Returning,COD,East,4223.04,2,5.15,4.8,0
10299,Beauty,New,COD,South,1064.42,2,10.43,3.3,0
10300,Electronics,New,Wallet,South,3411.43,4,3.14,4.9,0
10301,Sports,New,COD,West,4888.48,1,31.88,3.8,0
10302,Sports,New,Card,North,644.18,5,0.21,4.1,0
10303,Electronics,Loyal,COD,East,190.35,3,16.94,3.9,0
10304,Sports,Returning,UPI,South,2252.88,1,4.31,2.8,0
10305,Home,New,Wallet,North,599.23,3,10.77,3.4,0
10306,Beauty,Loyal,Card,North,3779.66,5,32.41,2.7,0
10307,Electronics,Loyal,Wallet,South,4585.56,4,5.66,4.1,0
10308,Beauty,Loyal,Card,East,2255.0,2,33.8,3.6,0
10309,Sports,Loyal,UPI,West,1404.75,2,7.2,4.4,0
10310,Sports,New,Wallet,North,2256.86,4,25.95,3.1,0
10311,Electronics,Returning,COD,West,3658.72,1,19.13,2.9,0
10312,Home,Loyal,Card,East,193.91,1,30.96,3.5,0
10313,Fashion,Returning,Wallet,East,3008.85,3,19.39,4.8,1
10314,Electronics,New,COD,West,3124.46,4,18.71,4.3,0
10315,Fashion,Loyal,Wallet,East,3242.79,1,6.84,3.5,0
10316,Fashion,New,Wallet,North,1323.81,4,5.82,3.8,0
10317,Home,New,Wallet,West,3613.16,5,32.08,2.7,1
10318,Fashion,Returning,Card,East,593.25,2,11.47,5.0,0
10319,Fashion,Returning,COD,West,1116.46,2,13.02,4.2,1
10320,Home,Returning,UPI,North,4405.73,2,26.59,3.2,0
10321,Fashion,New,Card,East,3732.81,4,11.86,4.0,0
10322,Fashion,Loyal,Card,North,216.67,4,33.32,2.8,1
10323,Fashion,New,Card,East,1354.62,3,25.83,4.9,0
10324,Electronics,New,UPI,South,1189.87,2,20.91,2.9,0
10325,Electronics,Loyal,COD,East,1463.41,3,30.83,4.1,0
10326,Electronics,Loyal,COD,West,1350.66,2,1.74,3.1,0
10327,Home,Loyal,COD,East,453.25,3,9.0,4.3,0
10328,Sports,Loyal,Wallet,North,2375.86,3,16.28,4.4,0
10329,Fashion,Returning,Wallet,North,3703.76,5,7.94,4.2,0
10330,Fashion,Returning,Wallet,East,3092.65,3,26.04,4.0,0
10331,Home,New,UPI,West,3413.43,4,32.17,4.7,0
10332,Fashion,Returning,Wallet,South,543.57,3,14.83,2.7,0
10333,Electronics,Returning,UPI,West,4764.73,2,11.97,3.3,0
10334,Sports,New,COD,South,4216.69,3,33.65,3.1,1
10335,Beauty,Returning,Wallet,North,4054.69,1,15.57,5.0,0
10336,Fashion,Returning,Wallet,West,4141.47,2,17.12,3.5,1
10337,Electronics,New,Card,South,4673.65,1,12.31,4.3,0
10338,Beauty,New,UPI,East,2789.63,2,31.83,4.2,0
10339,Sports,Returning,COD,North,1121.37,4,19.91,3.0,1
10340,Beauty,New,Card,East,3141.4,4,26.68,3.1,0
10341,Electronics,Loyal,Card,North,3752.98,4,28.41,3.2,0
10342,Beauty,Returning,COD,West,3728.9,1,11.96,3.5,0
10343,Home,Returning,Card,West,2679.03,5,15.18,3.1,1
10344,Beauty,Returning,UPI,North,482.02,2,29.7,2.5,1
10345,Fashion,Loyal,UPI,North,1949.9,4,12.71,4.7,0
10346,Fashion,New,Wallet,North,4615.72,2,27.79,4.9,0
10347,Home,Returning,Card,West,2984.58,1,32.93,3.4,0
10348,Electronics,Returning,Wallet,South,2760.91,5,21.81,3.3,0
10349,Fashion,New,Card,East,1453.94,1,25.96,2.5,0
10350,Sports,Loyal,UPI,East,1936.98,2,28.18,4.2,0
10351,Fashion,Loyal,UPI,West,4492.43,5,29.58,4.6,0
10352,Fashion,Returning,UPI,East,3382.35,5,13.83,2.9,1
10353,Electronics,Loyal,Card,North,3968.83,1,1.79,2.9,0
10354,Beauty,Loyal,UPI,South,2353.58,4,14.07,4.5,0
10355,Fashion,Returning,Card,East,3206.7,2,23.58,4.0,0
10356,Home,Loyal,Wallet,South,1354.66,3,15.76,2.6,0
10357,Beauty,Returning,Card,North,3571.49,3,26.21,4.1,0
10358,Sports,Returning,Wallet,East,2223.87,1,12.49,3.3,0
10359,Electronics,Returning,Card,West,2296.35,2,22.22,3.4,0
10360,Sports,Loyal,Wallet,South,3299.21,2,6.52,4.4,0
10361,Beauty,New,UPI,North,4690.96,1,26.23,4.5,1
10362,Beauty,Loyal,Wallet,South,460.43,2,19.1,3.5,0
10363,Beauty,Loyal,UPI,East,4150.0,4,7.14,4.9,0
10364,Sports,New,UPI,East,1568.06,1,10.22,3.5,1
10365,Beauty,Loyal,Wallet,West,2303.01,4,26.2,4.4,0
10366,Sports,New,Card,North,256.28,2,16.89,3.7,0
10367,Beauty,New,Card,North,1610.07,1,7.56,4.7,0
10368,Home,Returning,COD,West,2587.76,2,33.85,4.8,0
10369,Beauty,New,Card,West,422.45,1,25.03,2.7,0
10370,Sports,Loyal,COD,North,2531.81,2,33.5,4.8,0
10371,Fashion,Loyal,Card,South,4646.49,4,14.95,4.6,0
10372,Beauty,Returning,Card,South,661.16,4,16.63,4.5,0
10373,Fashion,New,UPI,West,3857.54,2,31.43,3.0,0
10374,Home,New,COD,South,2136.9,1,18.38,4.5,0
10375,Electronics,Returning,Card,North,3327.59,3,24.75,4.6,0
10376,Home,Loyal,COD,East,1412.15,4,8.83,3.2,0
10377,Beauty,Returning,UPI,East,923.54,4,15.64,4.9,0
10378,Fashion,New,UPI,South,928.24,3,4.32,2.6,0
10379,Fashion,Returning,COD,West,491.89,2,7.21,2.9,0
10380,Sports,Returning,UPI,West,1050.39,1,0.03,3.8,0
10381,Fashion,Loyal,Wallet,West,3371.46,2,1.37,3.9,0
10382,Sports,New,Wallet,West,4426.2,5,34.2,4.1,0
10383,Electronics,Loyal,UPI,West,4098.51,4,8.48,2.5,0
10384,Beauty,Returning,Wallet,South,3472.9,5,23.22,4.9,1
10385,Sports,Loyal,Card,East,685.59,4,29.37,2.6,1
10386,Electronics,New,COD,East,1552.56,4,19.27,2.9,0
10387,Fashion,Returning,Card,South,1652.56,5,5.36,2.5,0
10388,Fashion,Loyal,COD,West,1362.29,5,25.48,3.9,0
10389,Electronics,New,UPI,South,2647.78,2,21.01,4.8,0
10390,Fashion,Loyal,Card,East,2747.44,5,25.59,4.2,0
10391,Electronics,Returning,UPI,North,1880.9,2,26.94,4.6,0
10392,Sports,New,UPI,South,1865.88,2,34.14,2.5,0
10393,Sports,New,COD,West,4168.49,2,20.07,3.9,0
10394,Electronics,Returning,COD,East,3978.07,4,11.96,3.6,0
10395,Sports,New,COD,East,1642.81,4,22.7,3.7,0
10396,Sports,Returning,Card,East,4581.87,5,2.4,2.7,1
10397,Sports,New,Wallet,East,4771.15,4,31.41,4.2,0
10398,Home,Returning,COD,West,1734.7,5,4.18,3.8,0
10399,Beauty,New,COD,North,1868.96,4,11.47,4.4,1
10400,Fashion,Loyal,Card,East,2602.33,1,28.55,3.7,0
10401,Home,Loyal,COD,South,4714.44,1,20.91,2.9,0
10402,Sports,Loyal,Card,North,4400.15,5,13.78,4.1,0
10403,Electronics,Returning,UPI,East,647.45,4,16.57,2.9,0
10404,Sports,New,COD,North,2054.74,4,29.91,4.7,1
10405,Beauty,Loyal,COD,South,2833.85,2,11.9,4.0,0
10406,Sports,New,UPI,East,2590.19,3,30.44,2.9,0
10407,Electronics,New,UPI,South,1090.24,5,3.08,4.9,0
10408,Beauty,New,UPI,West,4315.26,3,27.19,3.8,0
10409,Sports,Returning,COD,East,3433.16,3,29.66,2.7,1
10410,Beauty,Loyal,Wallet,East,4213.86,5,6.36,4.1,0
10411,Fashion,Returning,Wallet,East,4315.01,4,15.06,3.1,0
10412,Fashion,Returning,Wallet,East,3779.53,5,5.79,4.5,0
10413,Sports,New,COD,West,2280.17,3,24.73,4.5,1
10414,Beauty,Loyal,UPI,East,3111.15,4,18.74,4.9,0
10415,Electronics,Returning,COD,North,927.77,1,22.24,3.8,0
10416,Sports,Returning,UPI,East,3417.18,5,6.88,3.6,0
10417,Fashion,New,COD,West,1019.38,5,7.41,4.4,1
10418,Fashion,Loyal,COD,East,3515.66,4,1.45,2.8,0
10419,Sports,Returning,UPI,North,1263.55,1,11.27,3.9,0
10420,Beauty,New,Wallet,West,720.12,1,19.59,3.9,0
10421,Fashion,New,UPI,West,951.63,4,30.03,2.7,0
10422,Beauty,Returning,Card,North,159.66,2,23.34,3.5,0
10423,Fashion,Returning,Card,North,3635.89,5,15.24,4.6,0
10424,Fashion,New,UPI,North,3702.15,5,33.36,4.6,1
10425,Home,Loyal,COD,North,2647.43,3,25.17,2.7,1
10426,Fashion,New,Card,North,932.61,4,32.56,2.7,1
10427,Electronics,Returning,Card,West,555.24,3,18.47,3.2,0
10428,Sports,Loyal,COD,West,242.78,3,9.06,4.7,0
10429,Sports,Returning,COD,East,953.88,1,1.85,2.8,1
10430,Beauty,Returning,Wallet,East,4470.65,5,25.41,4.3,0
10431,Fashion,Returning,COD,South,1321.45,3,4.25,2.8,0
10432,Electronics,New,UPI,East,1868.22,1,10.6,4.1,0
10433,Beauty,Loyal,UPI,East,660.93,4,18.64,3.4,0
10434,Home,Returning,Wallet,North,1228.45,3,19.75,4.5,0
10435,Beauty,Loyal,Card,North,2668.24,5,21.02,3.1,0
10436,Beauty,New,Card,East,3097.6,3,5.82,4.1,0
10437,Fashion,New,COD,South,1339.96,4,13.29,3.1,1
10438,Home,New,UPI,North,430.0,3,21.6,4.3,0
10439,Beauty,Returning,Card,East,2046.51,5,33.94,4.7,0
10440,Electronics,Returning,Wallet,East,1285.89,1,25.47,2.8,0
10441,Electronics,Loyal,Wallet,West,1214.84,5,32.29,4.7,0
10442,Sports,Returning,UPI,South,4805.33,1,26.68,4.0,0
10443,Home,Loyal,Wallet,West,3139.06,2,20.71,2.8,0
10444,Home,New,Wallet,South,2850.86,5,6.72,3.6,0
10445,Sports,Loyal,UPI,North,2166.51,5,23.33,2.9,0
10446,Beauty,Loyal,COD,South,2230.38,4,21.82,4.3,1
10447,Home,Loyal,COD,East,2773.39,3,21.09,4.4,0
10448,Electronics,Loyal,Wallet,East,3527.68,1,17.14,2.8,0
10449,Electronics,Loyal,COD,South,3555.41,1,18.5,3.8,0
10450,Fashion,Returning,COD,South,982.72,4,11.71,4.5,0
10451,Home,New,Wallet,South,2575.55,4,18.18,4.8,0
10452,Beauty,New,COD,West,2148.0,3,6.91,3.8,1
10453,Sports,Loyal,Wallet,South,4372.06,3,28.18,4.9,0
10454,Sports,Returning,Card,North,3212.38,5,6.5,3.8,1
10455,Beauty,Loyal,UPI,West,2732.64,2,2.97,3.5,0
10456,Fashion,Returning,UPI,West,709.66,3,15.27,4.6,0
10457,Sports,New,COD,South,3087.34,4,23.04,3.7,0
10458,Home,New,COD,North,718.44,3,15.32,3.7,1
10459,Fashion,Returning,COD,West,1785.45,1,9.69,3.7,0
10460,Home,Returning,UPI,East,842.78,2,19.54,4.6,0
10461,Electronics,New,Card,West,3506.56,5,12.15,4.6,1
10462,Fashion,Returning,Card,South,1150.32,1,32.65,3.5,1
10463,Sports,New,UPI,North,2050.52,1,32.29,3.3,0
10464,Fashion,Returning,Card,South,4494.02,2,17.58,3.7,0
10465,Fashion,New,UPI,East,1140.93,5,11.48,3.9,1
10466,Fashion,Loyal,Card,East,2612.85,4,25.8,3.1,0
10467,Fashion,New,Wallet,East,2183.47,5,1.28,4.5,0
10468,Home,Returning,Wallet,South,237.9,3,16.62,3.7,0
10469,Electronics,New,UPI,West,3994.88,1,11.77,3.3,0
10470,Beauty,New,Card,South,484.87,3,32.22,2.8,0
10471,Fashion,Returning,COD,North,2450.14,4,0.42,3.1,0
10472,Sports,Returning,Card,West,2869.29,3,19.35,4.9,0
10473,Fashion,Returning,Wallet,East,3197.87,5,25.92,3.3,0
10474,Sports,New,Wallet,South,3489.86,3,16.98,2.9,0
10475,Home,Returning,Card,East,1378.37,4,2.99,3.7,0
10476,Sports,Loyal,Card,East,198.4,4,34.04,3.3,0
10477,Beauty,Loyal,COD,North,3658.7,4,18.13,2.6,0
10478,Electronics,New,COD,West,2747.93,5,21.5,3.3,1
10479,Sports,Returning,Card,North,4205.17,4,8.28,3.9,0
10480,Sports,New,Card,North,4133.73,1,16.92,3.9,0
10481,Electronics,New,Card,North,4240.13,4,15.02,3.4,1
10482,Beauty,Loyal,Card,East,2502.71,3,2.62,3.6,0
10483,Fashion,New,UPI,North,1768.1,3,3.72,4.9,0
10484,Sports,Returning,Card,North,3989.06,3,29.31,3.4,0
10485,Electronics,Returning,COD,West,2338.78,5,8.39,3.1,0
10486,Home,Returning,Wallet,West,1039.69,3,6.82,3.1,0
10487,Electronics,Returning,UPI,North,4296.62,5,17.67,3.6,0
10488,Home,New,Card,West,4430.42,5,26.91,4.4,0
10489,Beauty,New,Wallet,West,2411.6,4,2.17,3.0,0
10490,Fashion,Returning,UPI,North,517.14,1,20.19,4.3,0
10491,Electronics,New,Wallet,East,2030.96,4,4.17,2.6,0
10492,Sports,Returning,Card,North,4047.16,4,1.28,3.5,0
10493,Beauty,New,Card,West,4523.6,5,1.85,4.4,1
10494,Electronics,New,COD,East,1136.84,5,29.2,3.3,1
10495,Sports,Returning,Card,South,474.82,3,4.13,3.9,0
10496,Electronics,New,Card,East,4405.15,3,1.58,3.0,0
10497,Home,Returning,UPI,West,2038.61,4,15.33,4.4,0
10498,Electronics,Returning,COD,East,2777.54,2,29.54,2.6,0
10499,Electronics,Loyal,UPI,North,4845.12,2,9.18,4.6,0
10500,Electronics,New,Wallet,South,472.84,3,14.76,3.0,0
10501,Beauty,New,Card,South,3294.34,2,1.4,4.7,0
10502,Electronics,New,Wallet,South,509.41,3,15.72,3.4,0
10503,Sports,Returning,UPI,West,1971.02,5,20.22,4.3,0
10504,Home,Returning,Card,West,4048.5,4,19.98,3.3,1
10505,Home,New,Card,South,2252.34,1,11.63,4.8,0
10506,Electronics,Loyal,UPI,East,4986.33,4,11.04,2.8,0
10507,Beauty,New,UPI,South,2861.44,3,3.73,2.9,0
10508,Beauty,Returning,UPI,East,1707.64,3,12.84,3.7,0
10509,Sports,Returning,UPI,East,1217.54,4,3.48,2.7,0
10510,Electronics,Loyal,UPI,West,1850.02,3,26.83,3.0,1
10511,Home,Returning,Card,East,1956.79,2,33.82,4.9,0
10512,Beauty,Loyal,UPI,South,483.26,2,33.95,4.9,0
10513,Electronics,New,Card,West,1942.43,3,30.28,3.4,0
10514,Beauty,Loyal,Card,North,2401.56,3,21.03,4.8,0
10515,Beauty,New,UPI,North,3655.28,2,24.53,3.9,0
10516,Home,Loyal,UPI,West,3335.14,3,9.98,3.2,0
10517,Fashion,Returning,COD,South,3587.51,3,22.08,4.3,1
10518,Sports,Loyal,Card,North,190.56,4,15.95,4.1,0
10519,Sports,Returning,UPI,North,1205.69,1,16.87,5.0,0
10520,Home,Returning,UPI,East,3359.17,2,26.52,3.2,0
10521,Beauty,Returning,UPI,East,2497.35,4,9.87,4.2,0
10522,Electronics,Returning,COD,South,175.77,1,11.13,2.6,1
10523,Beauty,New,COD,West,4051.8,3,32.36,2.8,1
10524,Home,New,Wallet,South,3898.13,3,1.97,2.5,0
10525,Sports,New,Card,West,2809.83,4,17.0,5.0,0
10526,Beauty,New,Wallet,North,472.35,3,31.95,4.5,0
10527,Sports,Loyal,UPI,East,3867.6,5,21.36,4.5,0
10528,Electronics,New,COD,South,2981.01,4,19.12,3.8,1
10529,Sports,Loyal,COD,South,3942.51,1,8.74,3.3,0
10530,Sports,New,Wallet,West,3795.97,4,12.01,2.9,0
10531,Fashion,New,COD,West,4044.56,2,29.82,3.2,0
10532,Fashion,Loyal,UPI,South,2662.34,4,19.57,3.4,0
10533,Fashion,Returning,COD,West,830.57,3,18.02,4.4,0
10534,Sports,Returning,Wallet,South,3405.11,3,3.49,3.8,0
10535,Home,Returning,UPI,South,3159.3,5,0.56,2.7,0
10536,Sports,Returning,Wallet,South,3749.93,5,33.73,2.5,1
10537,Home,New,COD,North,973.92,5,13.19,2.8,1
10538,Home,Loyal,Wallet,West,1095.63,1,21.11,3.5,0
10539,Fashion,Loyal,Wallet,East,4468.49,5,2.79,4.8,0
10540,Beauty,Returning,Card,East,3787.39,1,23.91,4.1,0
10541,Electronics,New,COD,West,4554.91,5,32.64,4.5,1
10542,Fashion,Returning,COD,South,3829.77,1,20.15,3.7,1
10543,Fashion,New,Wallet,East,3046.2,4,4.41,3.4,0
10544,Beauty,New,Card,East,3322.54,4,20.36,2.8,1
10545,Electronics,New,COD,West,4462.27,3,26.82,4.7,0
10546,Sports,Returning,UPI,East,2957.21,1,14.22,4.5,0
10547,Sports,Loyal,Wallet,South,3217.1,2,30.79,2.9,0
10548,Fashion,Returning,COD,West,908.91,3,22.7,3.8,0
10549,Electronics,Returning,UPI,South,2448.52,4,31.47,3.7,0
10550,Fashion,Returning,COD,East,3624.53,1,21.82,4.1,0
10551,Home,New,UPI,East,1464.07,5,4.6,4.9,0
10552,Fashion,Returning,Wallet,South,1130.93,2,10.84,3.9,0
10553,Fashion,Loyal,COD,North,1672.06,4,7.06,3.9,0
10554,Sports,New,COD,East,1321.28,3,31.81,2.6,0
10555,Sports,Loyal,Card,North,1192.33,1,26.61,2.7,1
10556,Sports,Returning,Wallet,East,2210.53,2,23.67,3.0,0
10557,Home,Returning,UPI,North,4553.02,1,10.53,2.6,0
10558,Sports,Returning,COD,North,2609.24,5,6.44,4.4,0
10559,Electronics,Returning,COD,North,1061.41,3,26.48,4.3,0
10560,Beauty,Loyal,UPI,South,523.31,1,16.6,2.8,0
10561,Electronics,Loyal,Wallet,North,3526.36,4,7.9,4.6,0
10562,Electronics,Returning,Card,North,2006.57,3,21.58,2.9,1
10563,Sports,New,Card,North,4135.88,4,1.41,3.3,0
10564,Beauty,Returning,COD,East,3348.63,1,11.42,3.1,0
10565,Beauty,Loyal,UPI,North,4011.77,3,16.4,3.4,0
10566,Beauty,New,COD,East,1468.94,4,5.18,3.1,1
10567,Home,Returning,UPI,North,3507.94,5,34.46,3.7,0
10568,Sports,Returning,Card,North,1430.7,5,7.32,3.5,0
10569,Beauty,Returning,Wallet,South,4704.48,1,4.56,5.0,0
10570,Home,New,UPI,East,3236.42,3,7.12,2.6,0
10571,Fashion,Returning,Card,North,1723.88,2,26.92,2.9,0
10572,Fashion,Loyal,COD,East,1457.13,3,14.89,2.6,0
10573,Home,New,UPI,East,1075.99,5,19.79,4.1,1
10574,Home,New,Wallet,West,3519.01,4,0.74,2.6,0
10575,Sports,Loyal,COD,South,1210.77,2,1.21,4.6,0
10576,Sports,New,COD,South,3037.22,1,15.6,3.8,0
10577,Fashion,Loyal,Card,South,1433.48,2,28.58,3.8,0
10578,Beauty,Returning,UPI,West,3360.55,1,30.98,3.9,1
10579,Fashion,New,COD,West,4102.46,2,3.03,2.9,1
10580,Beauty,Loyal,Wallet,South,3923.42,1,18.84,3.0,0
10581,Beauty,Returning,UPI,West,3840.13,1,31.96,3.3,0
10582,Sports,Returning,Wallet,West,1060.45,2,13.58,4.0,0
10583,Electronics,Returning,COD,West,578.67,2,29.03,3.0,0
10584,Electronics,Returning,Wallet,South,3539.9,1,4.68,2.8,0
10585,Home,New,Card,South,1936.48,5,32.74,4.9,0
10586,Sports,Returning,Wallet,South,2246.88,2,26.3,2.6,0
10587,Beauty,Loyal,UPI,West,301.07,3,32.95,4.5,0
10588,Electronics,New,Wallet,South,1408.95,4,23.68,4.5,0
10589,Beauty,Returning,Wallet,West,313.33,1,12.72,3.2,0
10590,Electronics,New,Card,North,4414.05,1,32.84,2.8,1
10591,Electronics,Loyal,Wallet,West,1330.47,4,9.64,2.9,0
10592,Electronics,New,Wallet,East,2853.09,5,11.63,4.2,0
10593,Sports,Loyal,COD,South,339.05,4,24.53,4.1,0
10594,Fashion,Returning,COD,South,3384.21,2,26.79,4.5,0
10595,Beauty,New,UPI,East,1716.68,4,32.53,4.8,0
10596,Sports,New,COD,West,4504.91,1,7.17,4.2,0
10597,Sports,New,COD,North,4457.37,4,27.93,2.9,1
10598,Sports,Returning,COD,East,1727.66,3,25.85,3.1,0
10599,Sports,New,COD,East,4519.66,2,2.23,4.6,0
10600,Sports,Loyal,Card,West,4981.36,4,13.55,3.0,1
10601,Home,Returning,COD,South,4153.27,1,9.9,2.7,1
10602,Beauty,New,Card,West,4247.63,2,10.66,4.3,0
10603,Sports,Returning,Card,East,1357.69,1,34.4,3.5,0
10604,Beauty,Returning,COD,East,2947.01,5,22.5,4.8,0
10605,Home,New,Wallet,South,476.19,3,25.12,4.1,0
10606,Home,New,Card,South,610.35,5,34.18,2.7,0
10607,Beauty,New,Wallet,South,4994.63,3,13.2,4.9,0
10608,Electronics,Returning,Wallet,West,1734.2,4,28.06,3.1,0
10609,Fashion,Returning,COD,South,3778.69,2,15.21,3.3,0
10610,Electronics,Returning,UPI,East,4062.33,4,30.43,3.5,0
10611,Electronics,Loyal,COD,East,4311.41,3,6.32,2.6,1
10612,Electronics,Loyal,UPI,North,4988.5,3,33.17,3.7,0
10613,Sports,Returning,UPI,West,1321.26,3,7.66,2.8,0
10614,Home,Loyal,COD,North,345.7,1,11.42,3.5,0
10615,Electronics,New,COD,East,2144.28,2,26.47,3.4,1
10616,Home,New,UPI,North,780.89,4,13.78,4.4,0
10617,Beauty,New,COD,East,258.77,4,21.29,4.5,0
10618,Fashion,New,UPI,North,1898.07,5,15.56,2.9,1
10619,Beauty,Returning,Wallet,South,3951.13,3,25.98,3.4,0
10620,Beauty,Loyal,COD,North,2895.98,3,7.99,3.4,1
10621,Sports,New,Wallet,South,1666.97,3,2.05,2.9,1
10622,Fashion,New,Card,South,3323.56,4,10.5,4.5,1
10623,Beauty,Returning,Wallet,West,1275.29,5,16.6,4.3,0
10624,Beauty,Loyal,Wallet,South,219.75,1,5.88,3.0,0
10625,Fashion,New,UPI,South,3857.11,2,12.42,3.4,0
10626,Fashion,Returning,Wallet,North,3175.15,1,14.0,2.8,1
10627,Beauty,New,COD,East,3847.17,4,2.01,4.1,1
10628,Fashion,New,UPI,West,338.85,3,20.42,2.8,1
10629,Beauty,Loyal,Card,South,4210.03,2,30.95,5.0,0
10630,Beauty,Loyal,COD,West,3154.7,4,5.31,4.5,0
10631,Sports,New,Card,North,2882.47,4,20.92,3.5,0
10632,Electronics,Loyal,Wallet,South,3179.38,4,23.27,3.9,0
10633,Beauty,Returning,COD,North,4342.5,2,14.68,4.8,0
10634,Home,Loyal,COD,West,2996.64,2,24.54,3.9,0
10635,Electronics,Returning,Card,North,2967.61,5,14.38,2.9,0
10636,Electronics,Returning,COD,West,4954.79,5,17.66,3.4,1
10637,Electronics,Returning,COD,North,3820.14,1,0.26,4.6,0
10638,Sports,Returning,COD,West,2295.12,2,24.21,4.1,0
10639,Beauty,New,Wallet,East,3580.88,2,23.15,4.1,1
10640,Sports,New,Card,North,2037.77,2,1.34,4.7,0
10641,Beauty,New,COD,North,1260.05,5,12.89,4.7,0
10642,Sports,Returning,UPI,East,3044.73,4,34.27,4.8,0
10643,Sports,New,UPI,East,4651.68,3,14.73,2.7,1
10644,Home,Returning,UPI,North,4656.33,5,17.57,3.9,0
10645,Sports,Loyal,UPI,East,1808.24,2,31.85,4.4,0
10646,Fashion,New,Wallet,South,2709.24,5,25.1,4.4,0
10647,Home,Returning,COD,West,1176.43,1,20.37,4.0,0
10648,Sports,Returning,Card,West,4978.81,2,27.92,2.9,0
10649,Electronics,Loyal,COD,West,4908.42,1,30.25,4.5,1
10650,Fashion,New,Wallet,South,3300.12,2,15.99,4.3,0
10651,Fashion,Returning,UPI,East,4051.41,5,16.63,2.7,1
10652,Fashion,Loyal,Wallet,East,3618.24,4,13.51,3.7,0
10653,Home,Loyal,COD,North,3026.82,3,33.83,2.9,1
10654,Sports,Returning,Card,East,408.74,1,24.4,3.3,0
10655,Sports,Returning,Wallet,North,2355.61,5,2.91,2.5,1
10656,Electronics,Returning,Card,South,3422.71,4,30.2,3.5,0
10657,Electronics,Loyal,Wallet,West,3436.03,5,16.82,3.9,0
10658,Fashion,Returning,Card,West,1959.64,1,2.41,4.0,0
10659,Electronics,New,Card,West,4717.21,3,19.24,4.2,0
10660,Home,Loyal,UPI,East,961.68,5,14.6,4.6,0
10661,Sports,Returning,Card,North,2576.74,2,30.72,3.0,0
10662,Fashion,Returning,UPI,North,3500.79,4,7.14,2.8,0
10663,Electronics,New,COD,South,3531.11,5,28.93,4.6,1
10664,Home,Returning,COD,East,3295.9,4,19.52,2.9,1
10665,Home,Returning,UPI,South,1485.15,2,1.91,4.9,0
10666,Electronics,Returning,UPI,North,907.6,3,34.01,4.6,1
10667,Sports,New,Wallet,North,3234.31,3,17.94,3.8,0
10668,Electronics,Returning,Wallet,West,3056.62,2,10.18,5.0,0
10669,Fashion,Loyal,Wallet,East,1019.88,4,16.43,2.7,0
10670,Electronics,New,COD,North,3569.92,5,30.03,3.3,1
10671,Home,Loyal,Wallet,West,2357.58,2,10.67,4.1,0
10672,Electronics,Returning,Card,East,3388.64,1,6.74,3.4,0
10673,Sports,Loyal,Card,South,4211.23,4,4.52,4.8,0
10674,Beauty,Loyal,Wallet,East,973.18,3,10.43,2.7,0
10675,Electronics,Returning,Card,East,242.85,2,27.3,3.9,0
10676,Sports,Returning,COD,North,3928.65,3,16.51,4.0,0
10677,Sports,Loyal,Card,North,3107.03,4,7.96,4.1,0
10678,Home,Returning,COD,East,3543.25,3,5.82,3.1,0
10679,Sports,New,UPI,North,4215.05,2,11.65,3.4,0
10680,Sports,Returning,UPI,North,4043.63,4,32.9,4.6,0
10681,Sports,Loyal,UPI,North,4810.46,1,12.01,3.0,0
10682,Sports,Loyal,UPI,West,2749.29,2,34.58,4.6,0
10683,Fashion,Loyal,Card,West,2519.2,5,16.98,3.9,0
10684,Fashion,Returning,Wallet,East,2099.15,2,6.27,4.4,0
10685,Home,Loyal,Card,North,895.4,4,31.19,4.3,0
10686,Electronics,New,COD,West,2927.15,2,16.11,3.0,1
10687,Sports,Returning,Card,East,1493.51,1,24.84,3.9,0
10688,Electronics,New,Card,North,4618.34,1,34.43,4.7,0
10689,Electronics,New,COD,South,2978.48,5,1.76,3.6,0
10690,Home,Returning,UPI,North,3025.27,3,3.38,4.9,0
10691,Sports,Returning,UPI,North,1871.38,4,25.22,3.6,1
10692,Sports,Returning,UPI,West,402.15,4,9.86,2.9,0
10693,Beauty,Returning,Wallet,East,303.96,3,6.45,3.5,0
10694,Electronics,Returning,COD,East,2203.18,1,1.38,4.9,0
10695,Electronics,New,COD,West,560.14,1,0.76,3.3,0
10696,Fashion,Returning,Card,North,3093.21,2,27.11,4.7,0
10697,Beauty,New,Wallet,South,4422.72,5,4.71,4.7,1
10698,Fashion,New,UPI,North,4432.14,5,16.37,3.4,0
10699,Fashion,Returning,Wallet,North,3346.37,5,21.21,2.7,0
10700,Fashion,Returning,COD,South,1174.47,2,14.99,4.3,0
10701,Home,Returning,COD,West,4335.53,5,0.95,3.3,0
10702,Home,Returning,Card,East,4447.55,3,27.42,4.5,0
10703,Fashion,Returning,Card,West,1103.77,2,0.37,3.6,0
10704,Beauty,Loyal,COD,West,3726.52,3,26.67,3.7,0
10705,Electronics,Returning,UPI,North,1539.62,2,31.27,4.4,1
10706,Beauty,Returning,UPI,East,4042.81,5,15.15,3.5,0
10707,Sports,New,Wallet,East,4986.6,3,18.74,3.6,1
10708,Home,New,COD,West,295.63,3,16.69,3.4,1
10709,Electronics,Returning,COD,South,4502.22,3,13.62,3.4,0
10710,Electronics,Returning,UPI,West,3169.76,2,31.06,3.8,1
10711,Sports,Returning,UPI,South,4870.91,4,31.29,4.5,0
10712,Sports,Returning,COD,East,2405.3,5,11.75,3.4,1
10713,Fashion,Returning,Card,West,4259.83,3,21.53,3.8,0
10714,Home,Loyal,COD,North,452.61,4,32.44,4.2,0
10715,Home,Loyal,COD,West,1776.1,5,33.67,3.2,0
10716,Beauty,Returning,UPI,East,475.03,5,17.81,3.2,0
10717,Fashion,Loyal,UPI,North,4880.41,3,15.85,4.8,1
10718,Fashion,New,Card,North,4112.32,3,9.75,4.3,0
10719,Fashion,New,Card,South,4284.85,2,33.56,3.9,0
10720,Fashion,New,Wallet,North,4699.13,4,5.0,4.1,0
10721,Home,Returning,COD,North,562.75,4,20.29,2.6,1
10722,Home,Loyal,UPI,West,2020.15,3,9.89,4.0,0
10723,Fashion,New,Card,East,494.52,5,9.77,3.8,0
10724,Beauty,Loyal,Wallet,South,1172.35,3,14.17,3.9,0
10725,Electronics,New,Wallet,West,1262.42,5,34.96,3.4,1
10726,Electronics,Loyal,UPI,North,2425.17,5,1.92,2.7,0
10727,Beauty,Returning,UPI,North,1452.53,3,20.25,3.0,0
10728,Fashion,New,Wallet,South,639.74,1,2.89,4.9,0
10729,Home,Returning,Card,East,962.33,4,5.41,3.5,0
10730,Electronics,New,Wallet,South,864.29,5,15.38,3.7,0
10731,Sports,New,COD,West,4869.42,5,17.87,2.6,1
10732,Sports,New,COD,South,3832.57,1,9.06,2.6,0
10733,Beauty,Loyal,UPI,North,4843.64,2,11.08,4.3,0
10734,Fashion,Returning,Card,West,2282.74,1,3.04,3.8,0
10735,Electronics,New,Card,North,1500.09,1,10.61,3.8,0
10736,Fashion,Returning,COD,East,4021.72,5,33.83,3.1,1
10737,Electronics,Returning,Wallet,North,1732.33,4,33.06,4.4,0
10738,Beauty,New,UPI,North,1602.01,1,11.72,2.9,0
10739,Beauty,Returning,Wallet,South,1277.65,2,19.98,3.0,0
10740,Sports,New,Wallet,North,778.94,3,31.84,3.7,1
10741,Fashion,New,Wallet,West,1393.85,1,0.22,3.2,0
10742,Sports,Returning,Card,West,1873.3,1,28.37,3.1,1
10743,Fashion,New,COD,East,3418.87,2,33.19,4.1,0
10744,Sports,Returning,Card,West,453.44,4,3.2,4.1,0
10745,Home,Returning,COD,South,1170.96,1,5.65,4.6,0
10746,Home,New,UPI,East,4073.76,1,33.63,3.5,0
10747,Home,Returning,UPI,West,862.57,4,18.81,2.7,0
10748,Home,New,Wallet,South,1811.83,2,0.5,3.2,0
10749,Electronics,Loyal,COD,West,4343.6,1,9.02,5.0,0
10750,Home,Returning,COD,West,901.39,4,15.75,4.0,0
10751,Beauty,Loyal,COD,North,551.27,1,24.25,4.3,1
10752,Beauty,Returning,Wallet,West,2500.01,3,25.66,2.5,0
10753,Electronics,New,Wallet,West,1616.73,5,34.84,3.8,1
10754,Home,Returning,UPI,South,2882.53,3,10.06,2.6,0
10755,Home,Loyal,Card,South,4048.45,1,18.84,3.9,0
10756,Home,Returning,COD,North,815.17,2,18.67,4.8,0
10757,Sports,Loyal,COD,West,2966.39,5,14.2,4.9,0
10758,Fashion,Loyal,Card,North,2601.72,3,5.92,3.9,1
10759,Sports,New,COD,West,848.78,4,34.21,3.6,0
10760,Fashion,New,Wallet,East,3176.39,2,29.87,4.9,0
10761,Home,Returning,Wallet,East,1477.16,3,17.44,4.2,0
10762,Home,Returning,COD,North,2516.0,4,21.11,2.7,1
10763,Sports,Loyal,Wallet,North,549.02,1,7.95,3.7,0
10764,Sports,Loyal,Wallet,North,2378.98,4,19.03,3.1,0
10765,Fashion,Returning,COD,South,1636.35,3,24.32,3.7,1
10766,Beauty,New,UPI,South,4138.55,3,18.03,3.6,0
10767,Fashion,Loyal,Card,South,426.35,1,34.66,4.0,0
10768,Sports,New,Wallet,North,2180.25,4,21.4,3.4,0
10769,Sports,Loyal,UPI,West,2373.39,4,12.98,2.9,0
10770,Electronics,Returning,Wallet,East,3666.28,1,27.03,3.8,0
10771,Sports,Returning,Wallet,North,2935.29,4,5.97,4.6,0
10772,Electronics,New,Card,South,3385.98,1,13.46,4.2,0
10773,Beauty,Returning,Wallet,South,3918.69,2,12.14,3.3,0
10774,Fashion,Returning,Card,North,4331.68,3,15.11,4.8,0
10775,Fashion,Returning,Card,North,1672.3,2,27.36,4.8,0
10776,Electronics,New,Card,South,2759.41,5,16.95,3.0,1
10777,Fashion,Returning,UPI,West,4224.52,5,27.79,2.6,1
10778,Sports,Loyal,COD,South,4948.84,5,20.18,4.4,0
10779,Home,New,UPI,South,4464.17,1,11.97,4.6,0
10780,Electronics,New,COD,North,1951.62,4,28.35,4.9,1
10781,Fashion,New,COD,West,1096.56,2,8.34,4.7,0
10782,Electronics,Returning,Card,South,2523.55,2,7.85,4.0,0
10783,Electronics,Returning,Wallet,South,3746.96,2,17.66,3.8,0
10784,Home,Returning,Card,East,2538.96,2,9.13,2.6,1
10785,Sports,New,Wallet,North,2493.43,5,0.32,3.1,0
10786,Electronics,Returning,COD,East,4215.42,2,22.69,3.6,1
10787,Fashion,Returning,Card,East,1902.81,4,17.89,4.1,0
10788,Beauty,Returning,Wallet,South,4320.0,5,15.59,3.9,0
10789,Electronics,Loyal,UPI,North,2123.0,2,33.84,4.4,1
10790,Electronics,New,Wallet,West,1741.93,1,19.99,3.2,0
10791,Home,Returning,Card,South,2351.85,3,30.22,3.9,0
10792,Sports,Returning,UPI,West,3847.87,3,4.88,2.7,0
10793,Beauty,Returning,Wallet,West,761.11,3,19.92,3.5,0
10794,Fashion,Returning,Wallet,North,1102.63,5,30.38,4.4,1
10795,Beauty,Returning,Wallet,East,4764.51,2,20.41,4.2,0
10796,Fashion,Loyal,Wallet,North,1001.13,5,25.13,5.0,0
10797,Sports,New,Wallet,West,2903.48,4,13.02,3.2,0
10798,Fashion,New,UPI,South,2959.68,1,3.24,3.7,0
10799,Home,Returning,COD,West,2524.68,1,16.03,3.3,1
10800,Home,Returning,UPI,South,3277.01,3,13.81,3.6,0
10801,Home,New,UPI,South,1264.66,3,30.35,4.6,0
10802,Home,New,UPI,North,2830.41,3,8.54,4.2,0
10803,Beauty,New,COD,West,1955.04,2,33.84,4.7,0
10804,Sports,Loyal,Card,East,3359.09,4,33.53,3.0,0
10805,Fashion,New,COD,West,834.93,4,8.67,4.7,0
10806,Fashion,New,UPI,West,2918.76,4,12.18,2.6,0
10807,Home,New,Wallet,East,1048.56,4,31.34,4.7,0
10808,Home,Returning,Wallet,North,1501.42,3,33.83,3.3,0
10809,Electronics,New,UPI,West,1210.74,1,15.52,3.3,1
10810,Sports,Returning,Wallet,West,1036.76,3,11.23,3.8,0
10811,Beauty,New,UPI,South,4154.7,4,18.41,4.9,0
10812,Fashion,Loyal,Wallet,West,1535.68,3,24.07,2.6,0
10813,Electronics,New,COD,East,4646.55,4,9.57,3.4,1
10814,Electronics,Returning,Card,South,4854.14,5,25.78,4.6,0
10815,Fashion,Loyal,Card,North,2920.61,1,1.81,3.5,0
10816,Beauty,Returning,COD,South,843.56,5,1.73,3.0,0
10817,Electronics,Returning,COD,East,1966.56,2,13.52,3.6,0
10818,Electronics,New,UPI,East,4019.0,3,12.37,3.5,0
10819,Sports,New,UPI,South,1931.85,2,11.05,4.8,0
10820,Beauty,Returning,UPI,North,572.03,3,17.19,4.4,0
10821,Electronics,Loyal,Wallet,South,2850.41,5,11.23,3.8,0
10822,Beauty,Returning,UPI,North,4248.84,4,6.73,5.0,0
10823,Fashion,Returning,COD,South,4010.24,4,10.83,3.7,0
10824,Home,Returning,Card,East,999.35,3,34.12,2.6,0
10825,Electronics,Returning,Wallet,West,3412.91,4,14.39,3.2,0
10826,Sports,New,UPI,West,1219.45,5,15.56,3.6,0
10827,Fashion,Returning,Wallet,North,1208.31,4,20.18,2.9,0
10828,Beauty,Loyal,Wallet,North,4389.25,5,34.42,4.9,0
10829,Fashion,New,UPI,North,1360.89,2,8.46,4.4,0
10830,Electronics,Returning,Wallet,East,1426.75,5,23.84,3.2,1
10831,Beauty,New,Card,South,153.17,1,25.06,4.0,0
10832,Home,Returning,COD,East,4372.74,1,21.26,4.3,0
10833,Fashion,New,COD,West,3994.08,1,3.1,4.9,0
10834,Electronics,Returning,Card,North,3192.55,3,23.69,4.7,0
10835,Sports,Loyal,Wallet,South,3788.79,3,2.24,3.8,0
10836,Beauty,New,UPI,West,887.44,3,20.86,4.4,0
10837,Fashion,Returning,Wallet,West,2372.87,5,25.89,3.9,1
10838,Fashion,Loyal,Card,West,1853.41,3,7.38,3.9,0
10839,Home,Loyal,Wallet,East,604.82,2,29.46,2.8,0
10840,Home,New,COD,North,2507.73,1,1.06,2.8,0
10841,Sports,Returning,Wallet,West,4615.59,5,29.53,3.8,0
10842,Sports,New,Card,North,344.29,1,16.11,3.2,0
10843,Electronics,Loyal,COD,East,1563.59,3,7.62,2.6,0
10844,Electronics,Loyal,Wallet,West,1156.57,5,4.68,4.3,0
10845,Sports,Returning,Wallet,East,1305.01,4,33.37,2.6,1
10846,Sports,Loyal,COD,East,4555.91,2,2.54,4.0,0
10847,Beauty,Returning,UPI,North,2420.13,3,6.97,3.8,0
10848,Home,Returning,COD,West,2411.55,3,12.17,4.9,0
10849,Electronics,New,UPI,East,3838.79,2,21.71,3.7,0
10850,Home,Loyal,Card,West,899.29,2,19.07,2.7,0
10851,Home,New,Card,North,2513.24,4,4.4,3.9,0
10852,Sports,Loyal,COD,East,2235.43,3,10.14,4.6,0
10853,Beauty,Loyal,COD,North,3045.02,3,8.36,5.0,0
10854,Fashion,Returning,Card,West,4997.85,1,7.47,3.6,0
10855,Beauty,New,UPI,West,3881.83,5,14.39,3.3,0
10856,Beauty,New,Card,North,2079.65,5,24.64,4.8,1
10857,Home,New,COD,South,4163.63,1,7.61,3.0,1
10858,Beauty,Returning,Card,East,977.94,5,12.83,4.0,0
10859,Electronics,New,COD,West,297.75,2,13.68,3.5,0
10860,Home,Loyal,COD,West,1141.57,5,34.18,2.6,0
10861,Electronics,Returning,Card,East,1801.0,5,33.41,3.4,1
10862,Fashion,New,UPI,North,2626.32,1,28.0,3.2,0
10863,Home,Returning,Wallet,North,3133.38,4,8.46,4.2,0
10864,Fashion,Returning,Card,North,4566.44,5,2.38,4.9,0
10865,Home,Returning,Wallet,South,2622.79,5,11.09,3.2,0
10866,Sports,Returning,Card,South,2581.19,4,9.34,4.5,0
10867,Beauty,Loyal,Wallet,West,393.68,1,17.71,2.6,0
10868,Sports,Returning,UPI,North,319.32,4,27.22,3.8,1
10869,Fashion,Loyal,UPI,East,2823.13,1,30.04,2.7,0
10870,Beauty,Loyal,Card,West,2275.17,2,29.57,4.8,0
10871,Home,New,COD,East,4220.02,1,12.59,4.4,0
10872,Beauty,Loyal,Wallet,West,929.3,2,24.05,4.1,0
10873,Electronics,New,COD,South,271.11,2,10.95,4.6,0
10874,Beauty,Loyal,COD,West,2327.84,1,2.13,4.1,0
10875,Electronics,Returning,COD,South,1301.77,3,24.55,4.9,0
10876,Beauty,Loyal,UPI,West,390.63,1,0.34,4.3,0
10877,Electronics,Loyal,Card,North,3664.3,5,14.32,4.8,0
10878,Fashion,Loyal,Card,East,691.23,5,11.53,3.8,0
10879,Sports,Loyal,UPI,North,3100.35,3,24.27,2.8,0
10880,Home,New,UPI,West,1513.09,2,26.82,3.8,1
10881,Beauty,New,Card,West,991.46,3,10.64,2.8,0
10882,Sports,Returning,COD,West,1991.79,5,28.41,4.0,0
10883,Home,New,Wallet,South,4037.01,3,10.29,3.7,0
10884,Home,Returning,Wallet,East,2051.65,1,15.62,4.1,0
10885,Electronics,New,Wallet,East,3791.23,3,25.45,2.5,1
10886,Fashion,Loyal,COD,West,758.61,2,24.25,3.0,0
10887,Fashion,Returning,Card,West,3897.94,1,34.56,3.7,0
10888,Sports,Loyal,UPI,South,1299.13,4,7.88,4.9,0
10889,Fashion,New,Card,North,3435.36,5,23.18,3.5,1
10890,Beauty,Loyal,COD,North,2894.04,5,21.34,3.6,0
10891,Fashion,Loyal,UPI,East,4656.35,3,32.03,4.3,0
10892,Sports,Returning,COD,South,2028.51,1,5.47,4.0,0
10893,Fashion,Returning,Wallet,West,470.9,4,26.31,3.2,0
10894,Beauty,Loyal,Wallet,East,242.9,1,19.89,3.5,0
10895,Electronics,New,COD,South,4160.26,5,9.61,3.0,1
10896,Sports,Returning,UPI,North,2694.97,1,16.61,4.9,0
10897,Electronics,Returning,UPI,South,3909.93,4,11.68,2.8,0
10898,Electronics,New,Card,North,1286.96,3,20.28,3.4,0
10899,Electronics,Returning,Wallet,South,1823.66,2,31.12,2.6,1
10900,Home,New,Card,East,296.0,1,19.93,3.1,0
10901,Home,New,Card,North,4813.24,2,22.11,4.5,0
10902,Electronics,New,COD,East,3389.16,5,18.16,3.0,1
10903,Sports,Loyal,COD,East,4676.04,3,1.79,2.7,0
10904,Beauty,Returning,Card,North,1437.66,3,8.15,3.7,0
10905,Beauty,Loyal,Wallet,North,3115.6,1,17.22,2.5,0
10906,Fashion,Returning,COD,West,3440.72,3,10.86,2.7,0
10907,Sports,New,Card,West,1690.12,1,6.36,4.5,0
10908,Home,Returning,Card,West,4263.33,1,17.64,4.4,0
10909,Electronics,Returning,Card,East,4743.73,2,11.3,4.8,0
10910,Fashion,New,Card,East,4441.55,3,9.03,4.6,0
10911,Beauty,Returning,Card,West,3734.47,1,16.24,4.2,0
10912,Home,New,Card,East,1495.7,2,4.66,2.6,0
10913,Home,Returning,COD,East,1515.84,4,32.47,4.5,1
10914,Electronics,Returning,Wallet,North,4822.3,2,30.37,4.6,0
10915,Beauty,New,Card,North,199.88,2,24.77,4.5,0
10916,Sports,New,UPI,East,3622.84,1,3.72,3.8,0
10917,Home,Loyal,COD,West,3575.29,5,27.16,3.1,1
10918,Electronics,Returning,COD,South,3170.04,5,28.28,4.6,0
10919,Sports,New,Card,West,4952.03,5,26.87,4.3,0
10920,Beauty,Loyal,COD,South,1662.62,2,3.99,5.0,0
10921,Home,New,Card,West,1798.86,1,22.54,2.9,0
10922,Sports,Returning,Wallet,North,532.86,3,29.2,3.1,0
10923,Sports,Loyal,Wallet,East,2297.57,2,20.21,3.0,0
10924,Sports,New,COD,East,1416.09,2,22.62,4.5,0
10925,Home,New,COD,North,1815.43,1,16.04,3.0,1
10926,Home,New,UPI,South,4197.67,4,18.5,2.7,0
10927,Fashion,New,COD,South,4687.1,2,1.2,5.0,0
10928,Beauty,New,UPI,South,1050.81,4,22.36,2.6,1
10929,Electronics,Returning,Wallet,North,1956.67,4,2.85,4.6,0
10930,Sports,New,Wallet,South,4653.86,5,15.23,3.4,0
10931,Fashion,Returning,Card,North,449.77,1,10.24,4.6,0
10932,Electronics,Loyal,Wallet,West,597.95,4,19.09,3.9,0
10933,Fashion,Loyal,UPI,West,939.54,1,4.67,4.8,0
10934,Home,Returning,COD,North,3036.78,5,24.21,4.8,0
10935,Sports,New,Card,East,879.79,1,27.83,2.5,0
10936,Electronics,Returning,UPI,West,4845.17,2,5.72,2.7,1
10937,Electronics,Returning,COD,South,2316.57,4,3.65,3.1,0
10938,Electronics,Returning,Card,North,2582.36,1,5.09,4.2,0
10939,Electronics,New,Wallet,South,1346.29,3,30.7,4.7,0
10940,Electronics,Loyal,UPI,South,2434.16,1,18.49,3.6,0
10941,Fashion,Returning,COD,East,3360.28,4,16.35,4.0,0
10942,Sports,New,Card,South,3793.21,5,3.73,3.0,0
10943,Home,Returning,Card,East,3806.26,5,22.73,4.5,0
10944,Home,Returning,Wallet,West,2952.77,4,30.38,4.9,0
10945,Home,Loyal,COD,North,4536.14,2,28.99,3.2,1
10946,Home,Returning,Wallet,South,4114.43,2,21.91,3.7,0
10947,Fashion,Loyal,Wallet,North,3821.68,5,2.63,2.7,0
10948,Beauty,New,COD,South,419.69,5,3.93,3.9,0
10949,Sports,Returning,COD,North,183.36,4,1.73,3.8,0
10950,Electronics,Returning,COD,South,1180.37,2,9.01,2.9,1
10951,Beauty,New,UPI,South,3368.09,5,4.75,3.6,0
10952,Home,New,COD,South,2144.31,2,9.1,3.3,1
10953,Beauty,Loyal,Card,South,2101.67,5,13.48,3.8,0
10954,Sports,New,Wallet,South,4440.25,1,33.0,4.0,0
10955,Electronics,Returning,UPI,South,4493.48,3,21.36,2.5,0
10956,Electronics,New,COD,South,4559.5,1,29.22,4.4,1
10957,Sports,New,UPI,South,1672.31,5,24.86,4.3,0
10958,Sports,New,COD,South,3501.62,3,3.94,3.4,0
10959,Home,Loyal,UPI,North,1467.42,3,25.76,2.6,0
10960,Electronics,Loyal,Wallet,East,1074.46,5,9.63,4.4,0
10961,Beauty,Loyal,Wallet,South,1045.47,5,22.37,4.9,0
10962,Fashion,Returning,Card,East,1809.22,2,11.93,3.1,0
10963,Fashion,New,Card,South,2235.29,5,34.92,3.3,0
10964,Sports,Returning,COD,South,4180.1,4,9.22,3.0,0
10965,Home,Returning,Wallet,North,731.47,5,9.77,3.9,0
10966,Fashion,Loyal,UPI,West,3714.39,4,32.57,2.9,0
10967,Electronics,New,UPI,West,2727.56,5,0.86,3.4,1
10968,Sports,Returning,UPI,North,1546.53,2,24.38,4.2,1
10969,Beauty,New,Card,East,2540.17,4,25.39,3.9,0
10970,Sports,New,UPI,West,1604.72,1,29.27,3.5,1
10971,Beauty,Returning,Card,North,3041.0,4,34.11,3.6,0
10972,Sports,Returning,Card,North,2254.14,2,34.15,3.9,0
10973,Sports,Returning,COD,West,947.37,4,2.28,2.5,0
10974,Sports,Returning,UPI,East,715.43,5,28.76,2.7,0
10975,Beauty,Returning,UPI,North,2801.47,5,22.62,4.7,0
10976,Beauty,Loyal,Wallet,South,4526.7,2,22.66,2.7,0
10977,Sports,Loyal,COD,East,1818.19,3,4.49,4.3,0
10978,Fashion,Loyal,Wallet,East,3705.05,5,22.76,4.8,0
10979,Home,Loyal,COD,West,3344.51,1,34.39,3.2,0
10980,Home,New,UPI,West,4668.04,2,31.91,3.4,1
10981,Home,Returning,Card,South,4131.76,4,15.37,3.9,0
10982,Beauty,Returning,Card,North,2898.04,4,1.4,4.7,0
10983,Beauty,New,Card,West,3336.6,1,12.68,4.9,0
10984,Fashion,Loyal,Card,West,4507.17,5,28.92,4.3,0
10985,Home,New,Card,East,2087.67,2,24.55,2.7,0
10986,Home,Loyal,Wallet,West,1734.95,1,16.08,4.2,0
10987,Sports,Returning,COD,West,202.43,5,1.93,3.5,0
10988,Beauty,Returning,UPI,West,4158.77,2,14.94,3.7,0
10989,Home,Returning,Wallet,West,4034.76,4,16.42,2.6,1
10990,Fashion,Loyal,COD,East,656.6,2,32.5,3.0,0
10991,Fashion,Returning,Card,South,2947.76,3,22.44,4.5,0
10992,Home,Returning,COD,South,2400.31,2,10.91,3.6,0
10993,Beauty,New,COD,North,725.74,3,18.39,3.3,1
10994,Fashion,Returning,Card,West,4905.76,2,2.31,3.5,0
10995,Sports,New,Card,East,1191.28,3,34.04,4.6,1
10996,Fashion,Returning,Card,North,476.09,4,12.6,4.4,0
10997,Electronics,Returning,UPI,North,3035.01,5,16.73,3.2,1
10998,Electronics,Returning,Card,South,3733.5,3,12.43,2.8,0
10999,Beauty,New,UPI,East,307.35,3,23.89,3.1,0
11000,Home,New,Card,East,3344.78,4,23.18,4.8,1
