product_category,customer_segment,payment_method,units_sold,discount_pct,ad_spend,customer_rating,returns_count,is_festival_season,sales_amount
Beauty,Regular,UPI,1,33,1832.03,4.1,0,1,1307.65
Electronics,Prime,Wallet,8,30,3331.92,3.9,2,1,2605.51
Home,Business,UPI,7,22,2531.15,4.5,2,0,2530.16
Electronics,Regular,UPI,5,36,2245.48,4.0,2,0,1719.26
Fashion,Regular,Card,5,5,2404.44,3.9,3,0,2131.67
Sports,Regular,NetBanking,9,37,2700.81,4.2,0,0,2348.08
Home,Regular,UPI,1,34,3055.13,4.9,1,0,1662.37
Sports,Business,UPI,7,20,1600.26,3.4,0,1,2153.73
Electronics,Regular,,3,30,1562.57,4.5,2,1,1350.68
Fashion,Regular,Card,1,21,3494.21,3.2,2,0,2067.02
,Regular,Card,6,11,2128.9,4.2,3,0,2050.61
Fashion,Business,Wallet,10,32,1224.84,4.9,1,0,2083.99
Sports,Regular,NetBanking,8,10,2899.43,4.3,0,0,2749.12
Electronics,Prime,NetBanking,8,12,2917.03,4.2,3,0,2739.81
Sports,Regular,Card,8,21,1122.36,3.8,2,0,1560.91
Sports,Regular,NetBanking,8,34,2706.53,4.1,3,0,2214.41
Home,Prime,UPI,6,15,3162.02,4.0,1,0,2482.95
Fashion,Regular,NetBanking,2,20,2836.95,3.7,1,1,1937.65
Home,Prime,Card,9,1,3068.78,4.0,1,0,3086.01
Fashion,Regular,NetBanking,5,4,1236.16,4.2,2,0,1773.73
Beauty,Prime,NetBanking,6,2,2797.94,3.7,0,0,2438.9
Fashion,Prime,UPI,4,2,2227.64,3.7,3,0,2076.41
Sports,Prime,Card,2,35,2065.49,3.4,0,0,1491.93
Home,Regular,Wallet,10,34,3283.5,4.3,1,1,2727.17
Home,Prime,NetBanking,8,33,3831.35,4.4,1,1,2882.2
Beauty,Business,NetBanking,7,2,4114.93,4.2,2,0,3323.76
Home,Regular,Wallet,5,3,3683.33,4.6,2,0,2853.88
Sports,Regular,NetBanking,9,11,2401.24,4.1,3,0,2380.36
Electronics,Prime,Card,6,23,2817.45,4.3,3,0,2330.47
Sports,Regular,UPI,5,13,3190.14,4.3,0,0,2675.65
Beauty,Prime,Wallet,5,19,2609.06,4.1,0,1,2211.16
Sports,Prime,UPI,3,7,2617.69,3.8,3,0,2096.49
Fashion,Regular,Wallet,1,29,3241.38,5.0,1,0,1713.58
,Regular,Card,6,12,2446.65,3.9,0,0,2376.06
Fashion,Regular,UPI,9,2,1843.64,3.8,3,0,2345.25
Beauty,Regular,UPI,1,30,2126.97,4.3,2,1,1321.8
Electronics,,NetBanking,9,37,3070.52,,0,0,2646.69
Fashion,Regular,Card,9,0,2502.69,3.4,3,0,2490.7
Fashion,Regular,Card,3,17,2806.19,4.7,2,0,1913.08
Fashion,Prime,NetBanking,7,33,3103.07,4.1,2,1,2237.57
Fashion,Regular,UPI,2,28,2162.64,3.5,3,0,1203.8
Beauty,Prime,Wallet,8,35,3180.62,4.7,1,0,2608.24
Electronics,Regular,Wallet,8,17,2840.96,4.4,1,0,2573.23
Beauty,Regular,UPI,4,15,1388.67,3.5,2,0,1516.69
Electronics,Regular,NetBanking,1,29,3798.07,5.0,0,1,2312.83
Beauty,Prime,UPI,10,6,2049.33,4.4,0,0,2787.86
Beauty,Prime,UPI,5,9,1010.41,4.1,3,0,1462.74
Fashion,Prime,NetBanking,9,24,1559.46,4.9,0,0,2129.18
Beauty,Business,UPI,7,27,1581.06,4.2,2,0,1796.39
Sports,Prime,Card,8,4,2546.96,4.1,1,0,3025.56
Beauty,Prime,UPI,8,20,2253.53,3.8,0,1,2505.13
Fashion,Regular,Wallet,2,14,2196.85,4.4,2,0,1643.53
Fashion,Business,UPI,4,20,3057.73,4.3,3,0,2311.95
Beauty,Prime,UPI,5,39,2805.89,4.1,1,0,2136.55
Fashion,Business,NetBanking,5,3,2784.44,3.7,0,0,2389.41
Beauty,Regular,Card,1,40,2868.85,4.2,0,0,1385.82
Fashion,Regular,UPI,6,18,3054.52,4.1,0,0,2408.97
Beauty,Prime,Card,2,31,602.84,3.4,3,0,624.14
Electronics,Regular,Wallet,8,17,2172.01,3.4,1,0,2255.31
Electronics,Regular,Wallet,7,12,537.81,4.4,1,1,1672.37
Sports,Business,Wallet,10,31,2532.45,2.8,0,0,2592.1
Sports,Regular,Card,8,28,2495.83,4.2,1,0,2060.54
Sports,Regular,NetBanking,4,5,3440.98,3.9,3,0,2532.69
Sports,Regular,NetBanking,10,28,3568.87,4.8,1,0,3048.43
Fashion,Regular,Wallet,5,30,2682.5,3.9,2,0,1869.53
Fashion,Prime,Card,4,15,2049.68,4.4,0,0,1857.34
Electronics,Business,NetBanking,10,37,2936.65,3.9,0,0,2487.05
Home,Business,Card,4,26,2024.87,4.2,2,1,1861.85
Electronics,Prime,NetBanking,1,13,2498.75,4.5,0,1,2092.13
Sports,Prime,Wallet,5,0,3387.52,3.9,1,0,2893.89
Electronics,Regular,Card,8,27,1998.01,4.6,1,1,2115.99
Electronics,Business,Card,2,8,3225.11,3.6,0,1,2744.11
Electronics,Regular,Wallet,5,31,3109.66,4.2,2,0,2193.92
Electronics,Regular,Card,2,21,1640.69,4.6,3,0,1474.87
Electronics,Business,NetBanking,7,19,3376.5,4.4,0,0,3088.06
Home,Business,NetBanking,5,6,,5.0,3,0,2643.52
Fashion,Regular,UPI,4,29,2591.73,3.7,2,0,1653.93
Home,Prime,Wallet,3,6,1813.91,3.4,2,0,1742.11
Sports,Regular,Wallet,6,17,1726.71,3.6,0,1,2022.12
Home,Regular,UPI,7,34,2016.1,4.4,3,0,1732.85
Home,Regular,Card,10,37,2988.34,4.3,0,1,2534.92
Fashion,Regular,Card,5,40,1639.94,4.2,3,0,998.0
Electronics,Regular,Card,2,39,2893.76,3.5,2,0,1533.57
Fashion,Regular,Wallet,9,22,1382.42,4.5,1,1,2125.3
Sports,Regular,NetBanking,7,8,2316.34,3.5,0,0,2417.71
Home,Regular,NetBanking,8,34,2598.68,4.7,2,0,2292.89
Electronics,Business,Card,1,32,4700.62,5.0,0,0,2952.92
Fashion,Prime,Wallet,4,40,1260.42,4.3,2,0,1196.0
Beauty,Business,NetBanking,8,26,3824.81,4.4,3,0,2988.32
Home,Regular,Wallet,9,5,2634.86,3.9,1,0,2845.15
Home,Prime,UPI,5,20,2870.05,3.2,0,0,2457.61
Sports,Prime,NetBanking,9,18,2606.51,3.8,0,0,2850.84
Home,Regular,NetBanking,9,34,2900.25,3.6,0,0,2471.24
Home,Regular,UPI,4,16,2361.68,3.4,0,0,2047.67
Electronics,Regular,NetBanking,9,13,3808.65,5.0,0,0,3301.01
Electronics,Regular,UPI,3,3,2089.18,4.2,2,0,2060.5
Sports,Regular,,3,34,3519.01,4.3,1,0,2045.94
Home,Regular,NetBanking,7,30,1920.07,3.9,3,0,1807.48
Fashion,Regular,NetBanking,7,1,2445.77,4.0,3,0,2367.78
Home,Prime,NetBanking,2,17,1535.23,4.6,3,0,1436.86
Electronics,Regular,UPI,9,19,2909.52,4.1,2,0,2400.88
Beauty,Regular,Wallet,2,19,3800.61,4.4,1,1,2675.03
Electronics,Prime,Card,9,37,,4.0,3,0,2153.3
Beauty,Regular,NetBanking,1,6,2322.8,3.9,0,0,1898.75
Home,Regular,Card,8,12,1496.84,3.4,1,0,2186.61
Electronics,Regular,UPI,8,7,2293.64,3.1,1,0,2536.86
Electronics,Regular,NetBanking,8,10,1066.49,4.0,2,0,2141.25
Beauty,Regular,UPI,7,37,1678.41,4.1,2,0,1373.42
Electronics,Regular,Wallet,5,38,2704.11,3.5,3,0,2071.91
Electronics,Regular,NetBanking,8,1,3687.11,4.1,3,0,3329.54
Beauty,Business,UPI,3,25,5028.29,4.1,1,0,2950.49
Fashion,Business,UPI,8,9,1972.07,3.0,3,1,2552.28
Fashion,Regular,NetBanking,6,7,3791.77,3.6,0,0,2762.31
Electronics,Regular,Wallet,5,11,2719.38,4.3,3,1,2450.01
Sports,Regular,UPI,6,7,2363.88,4.3,0,0,2585.64
Fashion,Prime,NetBanking,6,20,2889.34,3.5,3,1,2146.98
Electronics,Prime,NetBanking,1,40,2555.72,4.2,1,0,1582.66
Fashion,Regular,Card,2,24,2599.36,4.6,3,0,1744.59
Electronics,Regular,Wallet,3,29,2132.5,4.5,0,0,1957.46
Fashion,Regular,NetBanking,2,20,1241.7,4.1,1,0,1030.06
Electronics,Business,Card,5,0,1110.74,3.9,3,0,2146.17
Electronics,Business,NetBanking,7,3,3087.92,3.8,0,0,2963.79
Fashion,Regular,NetBanking,7,11,2250.97,4.3,1,0,2244.27
Sports,Regular,Wallet,5,9,1963.52,4.2,0,0,1958.04
Electronics,Regular,Card,9,34,,4.4,1,1,2319.67
Electronics,Prime,UPI,6,34,3215.44,4.2,1,0,2423.91
Sports,Business,Card,1,35,2662.33,4.5,2,0,1482.2
Sports,,NetBanking,8,26,1909.55,4.1,1,0,2101.35
Home,Regular,NetBanking,6,22,3603.66,4.5,0,0,2580.48
Electronics,Regular,UPI,7,26,3921.27,4.5,0,1,2900.87
Fashion,Regular,Wallet,6,16,2945.1,3.7,3,0,2210.1
Electronics,Prime,NetBanking,6,27,3376.3,3.2,3,0,2444.45
Electronics,Regular,UPI,1,32,3617.76,4.9,0,0,2101.68
Fashion,Business,Card,6,31,3517.09,4.2,0,0,2530.28
Home,Regular,UPI,8,25,3052.69,3.2,0,0,2537.67
Fashion,Regular,Wallet,4,2,3038.51,3.7,3,1,2644.56
Home,Regular,UPI,7,29,2967.69,4.5,2,0,2244.72
Fashion,Regular,Wallet,1,15,1512.4,4.0,3,0,1114.9
Fashion,Regular,NetBanking,4,30,3130.65,3.8,1,0,2007.0
Beauty,Prime,NetBanking,5,22,1279.77,4.8,2,0,1620.98
Sports,Regular,UPI,10,36,1784.86,3.6,0,1,1932.35
Fashion,Regular,NetBanking,3,13,3673.21,3.7,2,0,2281.38
Home,Regular,Card,3,38,3256.2,4.2,2,0,1749.3
Electronics,Regular,Card,5,34,3838.66,4.3,1,0,2455.8
Electronics,Business,UPI,10,13,2255.49,4.3,2,0,2657.48
Beauty,Business,NetBanking,9,19,1462.98,4.6,2,0,2193.3
Electronics,Regular,NetBanking,1,21,2283.61,4.2,1,0,1480.5
Fashion,Prime,UPI,3,31,2591.83,4.3,0,1,1761.5
Fashion,Prime,UPI,9,28,2571.09,4.0,0,0,2360.79
Electronics,Business,NetBanking,1,34,3520.31,4.1,3,0,1968.95
Electronics,Regular,NetBanking,9,15,2174.86,4.2,1,0,2320.88
Fashion,Regular,Card,3,20,2816.83,4.2,1,0,1912.26
Sports,Regular,UPI,10,17,1610.24,4.5,2,0,2184.68
Home,Business,NetBanking,3,37,2905.29,4.4,1,0,1836.03
Fashion,Prime,Wallet,5,12,2502.8,4.1,1,0,2266.9
Electronics,,UPI,7,24,1825.17,3.7,2,1,1974.68
Home,Regular,Wallet,2,4,2287.75,4.1,2,0,2114.7
Electronics,Prime,NetBanking,6,34,2334.24,4.1,2,0,2015.47
Home,Business,UPI,6,15,2256.86,4.2,0,0,2218.03
Beauty,Regular,NetBanking,8,13,4094.21,5.0,1,0,3191.91
Fashion,Prime,Wallet,10,23,2411.4,3.8,1,0,2476.67
Fashion,Regular,Card,7,20,2280.49,4.3,2,1,2394.07
Electronics,Regular,Card,5,34,612.29,4.6,0,0,1119.12
Electronics,Regular,UPI,5,21,1695.21,4.1,0,0,1929.57
Fashion,Prime,Card,5,21,2263.23,5.0,3,1,2127.58
Sports,Business,Wallet,9,4,1882.73,3.9,2,0,2734.23
Electronics,Regular,Wallet,4,0,3743.54,4.3,3,0,3032.69
Home,Regular,NetBanking,2,16,2351.56,3.7,1,0,1777.79
Home,Regular,Wallet,4,40,3659.6,3.9,3,0,1967.06
Electronics,Regular,Card,1,37,2555.53,4.2,1,0,1560.12
Electronics,Regular,NetBanking,2,25,2533.51,4.5,2,0,1764.92
Fashion,Regular,UPI,1,25,2420.08,4.3,0,0,1788.57
Home,Regular,UPI,8,16,,4.7,3,0,2402.35
Fashion,Regular,UPI,8,7,4046.92,4.1,1,0,3153.53
Beauty,Regular,NetBanking,7,0,412.35,3.9,3,1,1684.53
Sports,Prime,NetBanking,5,13,698.61,5.0,1,0,1453.85
Beauty,Regular,Card,8,12,2011.15,4.3,3,0,2250.97
Sports,Prime,NetBanking,2,7,2513.08,3.7,1,0,1975.59
Beauty,Business,Wallet,10,10,3121.09,,0,0,3205.64
Sports,Regular,Card,6,1,2925.78,3.6,0,0,2541.68
Beauty,Regular,Wallet,10,24,2154.18,4.6,2,0,2299.02
Beauty,Regular,NetBanking,2,38,3417.14,3.9,0,0,1960.73
Beauty,Regular,UPI,5,28,3427.18,4.2,1,0,2019.15
Sports,Regular,NetBanking,7,18,2665.65,4.1,2,0,2581.26
Fashion,Regular,NetBanking,5,17,3366.39,4.5,1,0,2434.35
Home,Regular,Wallet,5,12,2745.38,3.7,0,0,2333.49
Home,Regular,Card,2,5,1994.67,3.6,2,0,1822.34
Sports,Regular,Card,4,24,3128.04,4.2,2,0,2235.91
Fashion,Prime,NetBanking,3,23,2599.55,4.4,2,0,1919.68
Beauty,Regular,UPI,4,0,2501.21,4.3,3,0,2345.69
Beauty,Regular,Card,7,17,3825.66,3.7,0,0,2892.57
Sports,Prime,UPI,7,11,294.22,4.4,1,0,1815.88
Electronics,Regular,NetBanking,7,6,1224.08,3.7,0,0,2128.29
Beauty,Prime,Card,4,28,1431.64,3.8,3,0,1536.05
Beauty,Regular,Wallet,10,21,2173.07,3.6,2,0,2368.82
Sports,Regular,UPI,1,25,2270.85,4.8,0,1,1540.07
Sports,Business,Card,4,29,1143.41,4.4,2,0,1675.56
Home,Regular,Card,2,40,1613.36,,0,1,1182.69
Home,Regular,Wallet,4,32,1725.24,4.7,1,0,1657.57
Electronics,Business,Card,10,25,4711.68,5.0,2,0,3627.12
Sports,Prime,UPI,4,36,4121.57,3.2,2,0,2462.39
Electronics,Prime,NetBanking,10,19,2129.43,3.7,3,0,2364.24
Beauty,Regular,NetBanking,5,40,2172.78,3.8,2,0,1535.66
Beauty,Regular,UPI,7,31,1465.72,3.7,3,1,1576.72
Fashion,Prime,Card,5,26,782.68,3.6,2,0,1381.21
Electronics,Regular,NetBanking,3,37,2394.81,4.0,0,0,1697.46
Electronics,Regular,UPI,8,21,1601.93,3.5,0,0,2144.62
Sports,Prime,Card,10,29,2423.63,4.3,3,0,2111.74
Home,Regular,Card,3,11,1059.81,4.1,0,1,1600.35
Electronics,Regular,NetBanking,8,39,1814.22,4.3,1,0,1874.74
Beauty,Regular,Card,3,25,,4.4,0,0,1892.01
Electronics,Regular,UPI,8,32,2829.59,4.4,1,1,2641.77
Sports,Prime,Card,8,18,2875.72,3.9,2,1,2671.39
Fashion,Business,Wallet,5,35,1311.56,5.0,0,0,1506.71
Electronics,Regular,NetBanking,8,3,3269.22,4.2,1,0,3217.82
Electronics,Regular,Wallet,3,4,1779.81,3.2,3,1,1659.08
Home,Regular,Card,1,20,3069.57,3.6,0,0,1990.94
Fashion,Regular,UPI,1,30,2490.43,3.2,0,0,1392.91
Beauty,Regular,UPI,5,33,1261.25,4.1,1,0,1159.75
Fashion,Business,NetBanking,10,18,2215.42,4.0,3,1,2636.86
Fashion,Regular,Wallet,2,26,2828.83,3.9,1,1,2048.9
Electronics,Regular,Card,5,22,3051.67,5.0,2,0,2510.4
Electronics,Business,Wallet,8,39,2373.11,,0,0,2212.49
Sports,Regular,NetBanking,3,26,3878.6,4.5,2,0,2463.6
Electronics,Business,Wallet,8,17,3406.76,3.6,0,0,3095.01
Sports,Regular,Card,4,39,2269.01,,2,1,1596.5
Fashion,Regular,Wallet,9,4,3175.11,4.1,0,0,2941.88
Electronics,Business,UPI,6,40,4240.41,4.2,3,0,2591.74
Electronics,Regular,UPI,6,6,4264.44,3.2,1,0,3265.61
Electronics,Regular,Card,2,11,1394.8,4.0,0,0,1592.76
Beauty,Regular,Wallet,5,33,1666.12,4.1,1,1,1453.73
Home,Prime,Wallet,9,30,3836.43,4.0,0,0,2724.12
Fashion,Regular,Card,1,39,1547.55,3.7,0,1,1157.29
Home,Regular,UPI,8,30,1309.71,3.8,2,0,1537.46
Home,Prime,NetBanking,5,26,,4.0,1,0,1872.87
Sports,Prime,NetBanking,8,14,2878.2,4.1,1,0,2854.11
Sports,Regular,Card,7,0,2407.84,4.4,3,0,2383.22
Home,Regular,UPI,5,5,1914.49,4.6,0,0,2164.67
Beauty,Regular,UPI,4,12,1893.21,4.0,1,0,1788.66
Beauty,Regular,UPI,7,1,1858.9,3.9,0,0,2354.81
Fashion,Regular,Wallet,2,20,1708.44,4.3,1,0,1581.74
Beauty,Regular,Card,6,31,4553.47,4.4,1,0,2648.92
Electronics,Regular,,1,39,2767.76,3.9,0,0,1635.33
Beauty,Regular,Wallet,7,20,3298.08,4.5,0,0,2746.48
Sports,Prime,Wallet,7,35,2059.83,4.6,3,0,1828.76
Electronics,Regular,Wallet,1,40,2332.64,4.7,0,1,1557.72
Beauty,Business,Card,8,35,1857.8,5.0,3,0,1935.49
Sports,Business,Card,5,19,200.0,3.7,3,0,1182.88
Electronics,Regular,Wallet,8,13,1259.79,4.1,1,0,2113.49
Home,Business,NetBanking,1,40,870.44,4.1,1,1,966.44
Sports,Business,NetBanking,2,9,475.19,4.1,3,0,1068.24
Sports,Regular,UPI,5,16,1424.18,3.8,3,0,1716.99
Electronics,Prime,NetBanking,2,3,3692.46,3.4,0,1,3005.85
Fashion,Regular,Card,4,32,2460.01,4.1,3,0,1648.03
Home,Prime,UPI,7,26,3661.51,3.7,3,1,2550.04
Electronics,Regular,NetBanking,2,3,2869.88,4.1,0,0,2356.08
Fashion,Regular,Card,7,9,3204.3,3.7,0,1,2886.63
Electronics,Regular,Card,2,22,1689.19,3.6,2,1,1412.11
Electronics,Business,Card,2,22,2971.56,4.2,0,1,2295.84
Home,Regular,Card,6,32,3155.84,4.2,2,0,2017.33
Home,Regular,Wallet,8,10,1981.02,4.4,0,1,2588.9
Home,Regular,NetBanking,2,37,3003.59,5.0,2,1,1880.42
Beauty,Regular,Wallet,3,18,3009.57,4.2,0,0,1934.53
Fashion,Prime,UPI,10,33,2005.4,4.3,0,0,2235.94
Electronics,Prime,NetBanking,10,9,1489.51,3.6,0,1,2602.81
Electronics,Regular,Wallet,6,1,1434.28,3.5,0,0,2193.87
Electronics,Regular,UPI,5,2,2577.85,4.9,2,0,2491.21
Fashion,Regular,NetBanking,4,15,2794.31,3.6,0,0,2053.43
Electronics,Regular,NetBanking,7,39,1786.73,3.6,3,0,1486.93
Electronics,Prime,Wallet,6,1,2523.93,4.1,2,0,2565.97
Electronics,Prime,Wallet,3,15,3013.48,4.1,1,0,2341.42
Home,Regular,NetBanking,1,4,3056.37,3.6,3,0,2100.43
Home,Regular,NetBanking,2,38,3896.69,3.9,2,1,2101.22
Sports,Regular,Wallet,10,27,3649.28,4.7,2,0,2875.4
Beauty,Regular,NetBanking,5,31,1598.84,3.7,0,0,1410.84
Home,Regular,UPI,5,29,4015.23,3.4,2,0,2739.32
Electronics,Prime,NetBanking,5,26,2022.12,4.6,2,1,1964.8
Home,Regular,NetBanking,8,31,3440.39,4.3,3,1,2555.51
Electronics,Business,Card,1,0,2561.19,3.8,1,0,2648.96
Fashion,Regular,NetBanking,1,35,2129.07,3.3,2,0,1170.23
Fashion,Regular,NetBanking,3,30,873.07,3.7,1,0,780.59
Fashion,Regular,Wallet,5,30,2345.59,4.1,0,0,1929.77
Electronics,Regular,NetBanking,7,16,1096.56,4.7,0,0,1807.85
Home,Regular,Card,5,32,3370.57,3.6,3,0,2199.73
Beauty,Regular,Wallet,5,15,3865.11,4.1,2,0,2621.53
Beauty,Prime,NetBanking,10,2,1782.78,4.4,1,0,2563.99
Home,Regular,UPI,2,37,2771.77,2.9,2,0,1637.74
Home,Prime,Wallet,6,9,1847.15,4.6,0,1,2442.77
Electronics,Prime,UPI,6,4,1934.36,3.5,0,0,2474.69
Beauty,Regular,UPI,5,25,3197.05,4.3,2,0,2255.45
Home,Regular,Wallet,9,9,2465.32,4.2,2,0,2542.1
Electronics,Regular,Wallet,3,35,4065.68,4.6,3,1,2526.95
Fashion,Regular,NetBanking,10,18,2065.99,4.4,3,0,2452.82
Sports,Prime,UPI,4,0,3399.4,2.9,1,0,2710.42
Home,Business,Wallet,6,39,2587.67,3.7,3,0,2075.52
Fashion,Regular,Card,6,21,3216.2,4.2,1,0,2521.86
Home,Regular,NetBanking,9,10,2097.56,4.0,3,1,2531.41
Fashion,Prime,NetBanking,5,27,2455.4,4.3,0,0,2045.95
Fashion,Prime,Wallet,3,21,2396.05,4.5,0,0,1942.31
Fashion,Regular,UPI,1,1,1747.55,4.4,0,0,1594.82
Fashion,Prime,Wallet,4,31,3095.87,4.0,3,0,1961.46
Home,Regular,Card,9,16,3085.22,3.2,0,0,2751.33
Electronics,Regular,Wallet,1,28,3034.2,3.9,3,0,1706.93
Beauty,Regular,Card,9,36,3883.27,4.3,2,0,2713.99
,Regular,NetBanking,6,25,3804.41,3.6,0,0,2586.41
Home,Business,Card,2,27,2162.55,4.4,3,1,1809.11
Home,Regular,Wallet,4,10,2835.75,4.6,0,1,2591.59
Home,Regular,Wallet,6,9,1938.76,4.2,0,1,2329.34
Home,Regular,Card,4,17,2521.02,2.6,2,0,1699.76
Sports,Regular,Wallet,2,34,1960.23,3.5,1,0,1483.68
Home,Regular,UPI,7,21,3958.06,5.0,1,0,2907.36
Beauty,Regular,NetBanking,7,14,2827.33,3.8,0,1,2603.77
Beauty,Prime,Card,2,31,2303.77,3.1,2,0,1361.98
Electronics,Regular,Card,3,34,3574.26,4.7,0,0,2195.08
Fashion,Prime,Card,3,37,546.45,4.1,0,0,1012.3
Fashion,Regular,NetBanking,7,12,687.31,4.7,2,1,1923.5
Electronics,Prime,NetBanking,8,29,3216.25,4.2,1,1,2849.15
Fashion,Prime,Wallet,8,24,2554.42,4.3,2,1,2443.46
Fashion,Regular,Card,10,18,2725.4,4.3,0,0,2770.46
Home,Regular,NetBanking,8,16,1306.24,4.4,2,0,1913.48
Electronics,Business,Card,4,4,2479.09,5.0,3,0,2431.39
Beauty,Regular,UPI,2,11,4303.16,4.6,1,0,2740.9
Fashion,Prime,Card,7,22,3241.78,3.3,1,1,2588.11
Beauty,Regular,Card,10,36,2652.74,4.3,2,0,2281.92
Electronics,Regular,NetBanking,10,35,2104.85,4.7,2,0,2228.04
Fashion,Regular,Wallet,3,7,2144.88,4.7,0,0,2091.7
Electronics,Business,NetBanking,3,27,583.72,3.9,2,0,1021.37
Home,Regular,Wallet,1,3,2731.88,4.7,0,0,2263.11
Fashion,Prime,NetBanking,2,27,3260.93,4.6,2,0,1905.83
Sports,Prime,Card,6,14,1081.94,5.0,3,1,1828.71
Fashion,Regular,UPI,6,18,1904.72,3.7,2,0,1777.01
Home,Regular,Wallet,4,29,1458.28,3.8,3,0,1134.83
Electronics,Regular,Card,4,17,1631.18,3.9,1,0,1852.48
Home,Regular,Card,9,33,2548.13,3.9,3,0,2016.43
Fashion,Prime,Wallet,5,21,624.04,3.7,3,0,1099.73
Fashion,Regular,Card,9,40,3052.84,2.7,3,1,2377.34
Electronics,Regular,Wallet,10,26,3178.47,3.9,2,0,2679.99
Electronics,Prime,Wallet,4,12,2274.01,4.3,2,1,2272.01
Electronics,Regular,NetBanking,3,31,267.36,3.9,2,0,649.35
Sports,Regular,NetBanking,10,16,1603.22,5.0,3,0,2350.31
Fashion,Regular,Card,7,21,3609.61,4.1,3,0,2693.14
Electronics,Regular,UPI,3,5,200.0,4.7,1,0,1407.17
Sports,Prime,Wallet,7,4,2187.23,4.2,0,1,2753.14
Electronics,Regular,Wallet,6,23,1438.0,4.5,0,0,1831.29
Fashion,Regular,UPI,10,7,3224.11,4.2,0,0,3032.2
Beauty,Regular,Wallet,3,40,1892.4,,0,0,1220.01
Sports,Regular,Wallet,10,35,2863.56,4.1,0,1,2775.98
Beauty,Prime,Card,10,28,3008.91,4.3,0,0,2787.02
Fashion,Regular,NetBanking,2,30,4152.6,4.3,3,1,2256.4
Sports,Business,NetBanking,2,24,2317.35,4.0,0,0,1806.07
Electronics,Prime,NetBanking,6,2,2838.44,4.3,2,1,2865.63
Sports,Regular,Wallet,1,16,1163.45,5.0,1,0,1155.26
Beauty,Prime,Wallet,3,20,3571.37,4.0,0,0,2406.29
Sports,Regular,NetBanking,5,37,1815.54,4.3,2,1,1557.17
Electronics,Business,UPI,10,8,1995.32,4.7,3,0,2609.23
Electronics,Regular,Wallet,10,20,2479.98,4.7,3,0,2413.6
Home,Regular,Wallet,2,14,1093.4,4.1,3,0,1028.07
Home,Regular,NetBanking,9,5,2705.89,2.9,2,0,2613.4
Home,Regular,NetBanking,1,4,3370.72,4.4,2,0,2312.49
Sports,Prime,Card,8,14,2763.64,3.0,0,0,2498.69
Home,Regular,UPI,9,3,1069.99,4.8,3,1,2346.48
Fashion,Regular,Card,9,2,2388.57,4.2,2,1,2791.33
Fashion,Regular,NetBanking,3,14,3167.83,4.6,1,0,2343.71
Electronics,Business,Wallet,9,8,809.81,3.6,1,0,2095.17
Electronics,Prime,Card,2,22,1532.71,3.3,2,1,1433.78
Electronics,Regular,Wallet,6,0,3288.89,4.2,0,0,3002.03
Beauty,Regular,Card,5,12,2743.09,4.1,3,0,2038.08
Beauty,Regular,,4,18,2870.77,3.9,1,0,2167.96
Home,Business,Wallet,1,39,4173.55,4.1,0,0,2091.93
Fashion,Prime,Card,8,26,2921.7,5.0,1,0,2644.3
Home,Regular,NetBanking,4,36,3092.1,4.5,3,0,1842.57
Beauty,,Wallet,7,14,4939.67,4.6,1,1,3776.17
Sports,Regular,UPI,5,18,2307.58,4.5,2,0,1897.97
Home,Prime,Card,4,17,1781.91,4.8,3,0,1689.07
Beauty,Regular,UPI,9,36,2885.02,4.0,0,0,2354.42
Home,Regular,Card,1,39,2895.09,3.1,3,0,1482.9
Fashion,Regular,NetBanking,8,39,2025.96,4.0,1,1,2108.9
Sports,Regular,Wallet,8,30,1570.84,4.5,2,0,1797.22
Fashion,Business,Wallet,4,20,4578.86,3.6,0,1,3289.65
Fashion,Regular,Wallet,3,22,2794.16,4.0,0,0,1927.79
Fashion,Prime,Wallet,1,40,1840.94,3.8,3,0,1113.05
Home,Prime,Wallet,10,11,3324.34,4.9,3,0,2991.66
Home,Prime,Wallet,10,14,2401.77,4.5,3,0,2679.67
Home,Business,NetBanking,3,36,2272.41,4.4,2,1,1454.41
Fashion,Regular,Wallet,1,15,3006.05,4.4,1,0,1846.95
Electronics,Regular,UPI,2,9,1337.31,4.1,0,0,1674.17
Sports,Regular,UPI,1,22,2817.36,4.2,1,0,1651.8
Fashion,Regular,Wallet,9,13,4221.66,3.5,2,0,3222.83
Sports,Business,UPI,9,36,2919.56,3.0,1,1,2626.99
Electronics,Regular,UPI,2,37,2161.41,4.2,1,0,1368.63
Home,Regular,Card,8,12,2043.61,4.3,0,0,2241.54
Home,Regular,UPI,2,21,2130.69,4.7,1,0,1599.49
Beauty,Regular,NetBanking,4,40,2271.43,4.9,0,0,1464.6
,Prime,Wallet,6,30,2159.97,4.9,0,0,2091.54
Sports,Regular,Card,8,8,3324.68,3.6,0,0,2940.62
Home,Prime,NetBanking,9,24,940.11,3.9,2,0,1692.62
Home,Prime,Wallet,1,25,3275.8,4.3,1,0,2207.26
Home,Prime,Wallet,2,26,2158.28,5.0,0,0,1627.15
Electronics,Regular,Wallet,3,1,2839.25,4.8,2,1,2774.46
Fashion,Prime,Card,4,12,1485.71,4.7,0,0,1692.55
Electronics,Regular,UPI,10,35,3695.77,3.9,0,0,2892.46
Fashion,Regular,Wallet,8,9,3621.07,3.7,0,0,3135.32
Home,Prime,Wallet,4,12,3363.63,4.5,1,0,2714.99
Fashion,Prime,NetBanking,10,13,1136.72,3.5,3,1,2090.49
Electronics,Regular,Wallet,5,7,3246.21,4.0,0,0,2799.02
Electronics,Business,NetBanking,6,6,2864.37,4.0,1,0,2815.58
Electronics,Regular,Card,5,14,1055.26,4.9,0,1,1837.92
Electronics,Regular,Wallet,2,35,2478.13,3.9,1,1,1786.23
Home,Business,Card,10,0,2828.08,2.9,2,1,3377.79
Electronics,Regular,UPI,1,11,3000.47,4.4,1,0,2227.8
Sports,Prime,Card,2,2,2659.54,3.8,2,0,2261.97
Electronics,Regular,NetBanking,3,23,2762.11,4.1,3,0,2020.24
Electronics,,Card,3,10,3826.25,4.1,3,0,2515.21
Sports,Prime,NetBanking,2,32,3603.43,4.0,2,0,2122.67
Fashion,Prime,Wallet,1,23,200.0,4.5,2,1,715.49
Fashion,Regular,Wallet,7,32,2214.31,3.3,3,0,1668.72
Sports,Prime,UPI,10,26,2351.81,3.8,3,0,2612.19
Sports,Regular,Wallet,2,17,923.11,4.4,1,0,1185.31
Beauty,Business,UPI,3,35,2584.76,3.8,0,0,1644.78
Electronics,Regular,NetBanking,6,19,3623.88,3.3,0,0,2848.84
Home,Regular,NetBanking,10,38,1522.09,4.4,3,0,1635.56
Sports,Business,Card,7,40,2802.76,4.7,2,0,2117.97
Sports,Regular,Card,8,24,1675.76,4.1,1,0,2100.21
Electronics,Regular,Card,6,27,1895.28,3.1,1,0,1788.65
Fashion,Prime,Wallet,5,10,3829.65,4.5,1,0,2688.56
Fashion,Regular,Wallet,2,33,2011.7,3.3,3,0,1226.69
Electronics,Regular,UPI,9,27,2915.99,4.3,2,0,2511.64
Home,Regular,Wallet,9,37,815.9,3.7,3,0,1500.96
Electronics,Regular,Card,1,10,4176.09,3.5,1,0,2533.72
Fashion,Regular,Wallet,8,32,3042.39,3.9,1,0,2439.45
Electronics,Regular,Card,1,19,2335.75,4.0,0,1,2107.1
Fashion,Regular,Card,8,7,3017.99,3.8,3,0,2562.44
Electronics,Regular,Wallet,9,7,1231.16,4.4,2,0,2196.9
Fashion,Regular,UPI,2,23,3564.28,3.9,2,1,2271.13
Electronics,Prime,UPI,5,13,2208.41,4.6,1,1,2306.65
Sports,Prime,Wallet,2,4,2316.34,4.2,1,0,2120.3
Electronics,Regular,UPI,6,17,2057.51,3.8,3,0,1984.16
Home,,Wallet,10,26,1977.41,3.7,1,1,2287.6
Electronics,Business,Card,1,13,3125.2,3.3,2,0,2179.96
Electronics,Regular,Card,4,39,2730.32,4.2,0,0,1870.29
Electronics,Regular,UPI,10,31,3086.57,3.9,1,0,2679.53
Electronics,Regular,NetBanking,4,21,2492.08,2.9,3,1,1923.31
Electronics,Regular,Card,2,38,2961.88,3.8,0,0,1686.37
Fashion,Prime,Card,5,17,2123.04,3.6,0,0,1982.45
Home,,NetBanking,6,5,4506.76,4.9,3,0,3373.97
Electronics,Business,,7,1,1088.86,3.2,1,1,2223.66
Fashion,Regular,UPI,4,38,3634.84,3.4,1,0,2070.51
Home,Regular,Card,10,39,3731.12,,2,1,2646.8
Electronics,Regular,Card,6,30,1733.06,4.8,0,0,1758.23
Fashion,Regular,Card,3,4,4506.35,3.7,0,1,3086.58
Electronics,Regular,NetBanking,10,12,3395.94,3.8,0,1,3200.56
Electronics,Prime,Card,10,1,3374.03,,0,0,3668.6
Fashion,Regular,Card,5,2,2525.22,2.9,0,0,2308.36
Sports,Business,Wallet,1,10,2304.5,3.2,2,0,1826.1
Sports,Regular,UPI,6,23,2311.53,4.0,1,1,2118.85
Sports,Regular,NetBanking,6,2,2851.48,4.9,0,0,2756.23
Fashion,Business,UPI,2,40,3761.07,3.9,0,0,1915.32
Electronics,Prime,Wallet,7,18,2663.18,4.2,1,1,2646.16
Fashion,Regular,Wallet,9,10,1679.7,4.7,3,0,2107.53
Electronics,Regular,UPI,2,21,3241.98,5.0,1,1,2345.34
Electronics,Regular,NetBanking,8,32,3329.04,3.8,0,0,2278.01
Electronics,Regular,UPI,2,12,,4.1,0,0,2164.6
Fashion,Regular,Wallet,8,1,3170.95,5.0,1,0,3194.47
Fashion,Regular,UPI,5,2,2256.16,3.3,0,0,2326.73
Electronics,Prime,Wallet,1,34,1663.91,4.6,3,0,1361.13
Beauty,Regular,NetBanking,10,4,1718.63,3.6,3,1,2642.35
Fashion,Prime,NetBanking,2,26,1028.08,4.2,1,0,1181.55
Sports,Prime,UPI,6,15,2713.25,4.0,3,0,2285.22
Electronics,Regular,Wallet,2,31,2424.9,3.6,1,1,1611.99
Home,Regular,NetBanking,10,2,2104.01,3.6,0,1,2971.29
Electronics,Regular,Wallet,8,36,200.0,4.2,3,0,1120.75
Fashion,Prime,Wallet,9,28,1377.41,4.6,3,1,2269.79
Electronics,Prime,Card,5,18,3508.76,4.0,1,0,2630.87
Electronics,Prime,Wallet,5,8,1901.84,4.1,2,0,2385.02
Home,Regular,Wallet,7,40,2824.53,4.4,0,0,2076.49
Electronics,Regular,Card,8,12,1248.38,3.6,2,1,2274.65
Electronics,Regular,Wallet,9,20,3794.83,4.5,2,0,3274.93
Sports,Regular,NetBanking,1,16,2370.38,4.5,2,0,1592.31
Electronics,Prime,UPI,7,9,2761.04,5.0,2,1,2839.44
Home,Regular,Card,2,17,4593.2,3.9,2,0,2530.69
Home,Regular,UPI,3,6,3864.8,3.9,2,0,2494.12
Electronics,Regular,Card,9,0,2224.09,4.5,3,0,2811.67
Fashion,Regular,NetBanking,3,11,1966.1,4.5,0,0,1831.67
Electronics,Prime,NetBanking,8,4,2207.01,3.8,1,0,2654.23
Beauty,Regular,NetBanking,5,17,2958.91,3.9,1,0,2319.99
Electronics,Business,NetBanking,3,35,2405.3,4.4,2,1,1676.34
Electronics,Prime,,4,6,2144.28,3.7,0,0,2391.51
Fashion,Business,NetBanking,6,0,3820.46,3.9,1,0,3104.2
Sports,Prime,Wallet,8,4,2397.21,4.1,3,0,2667.22
Beauty,Prime,Card,7,20,4569.63,4.6,0,0,3309.73
Sports,Prime,UPI,10,11,2581.67,3.8,2,1,3063.8
Home,Regular,Wallet,9,20,4106.79,3.2,2,0,2989.27
Home,Regular,Wallet,8,1,2821.59,3.1,1,0,2485.73
Fashion,Regular,Wallet,7,13,3366.66,3.5,0,0,2709.35
Sports,Regular,Card,3,16,1847.85,3.4,0,0,1696.18
Home,Regular,UPI,5,17,1731.62,4.0,1,0,1662.17
Fashion,Business,Card,2,22,2913.74,3.5,0,1,2152.97
Home,Regular,Wallet,4,32,3389.7,3.7,0,0,2088.85
Home,Regular,NetBanking,10,19,2536.23,3.7,0,0,2416.59
Electronics,Prime,Card,5,34,1342.25,3.9,0,0,1588.82
Fashion,Regular,Card,2,21,1275.77,4.8,3,0,1128.18
Fashion,Business,NetBanking,7,10,1215.58,4.4,2,0,1920.78
Beauty,Regular,Wallet,10,9,909.14,4.1,0,0,2012.83
Fashion,Business,Wallet,9,13,2598.54,3.9,2,0,2792.14
Beauty,Prime,Wallet,3,24,3512.54,3.9,0,0,2274.86
Fashion,Regular,Wallet,5,9,2487.93,4.3,1,1,2392.92
Beauty,Regular,Wallet,6,37,465.63,4.4,0,0,970.69
Electronics,Regular,Wallet,3,19,2328.32,3.6,0,1,2102.44
Sports,Regular,Wallet,3,35,2353.48,4.1,0,0,1763.88
Fashion,Regular,UPI,3,28,4386.4,3.1,1,0,2484.53
Electronics,Business,Wallet,10,13,1188.58,4.2,1,1,2554.63
Electronics,Regular,Wallet,8,9,2148.39,4.5,1,0,2595.57
Electronics,Prime,Card,9,30,4035.27,4.0,2,0,2854.18
Fashion,Regular,NetBanking,9,13,2904.98,5.0,2,0,2640.96
Beauty,Business,UPI,10,10,3006.98,3.7,2,0,2912.83
Sports,Regular,Card,2,38,2603.13,4.2,2,1,1539.21
Home,Regular,Card,9,19,2796.95,4.1,2,0,2418.47
Home,Regular,Card,1,1,3199.85,4.0,1,1,2226.28
Fashion,Regular,Wallet,5,20,1771.46,4.0,0,0,1597.43
Beauty,Prime,Wallet,6,18,3290.25,4.2,1,0,2534.12
Beauty,Regular,Card,4,35,1264.3,4.5,0,0,1205.17
Fashion,Regular,NetBanking,2,29,2795.53,4.8,3,1,1734.96
Sports,Regular,NetBanking,2,7,2660.87,,1,0,2109.54
Fashion,Prime,NetBanking,9,6,1945.34,4.5,3,1,2544.48
Beauty,Regular,NetBanking,4,24,2479.58,3.7,3,0,1864.79
Sports,Regular,Wallet,4,1,1939.71,4.5,1,0,2109.78
Beauty,Regular,NetBanking,10,13,1535.47,3.7,3,0,2188.96
Electronics,Regular,NetBanking,2,5,2181.75,4.6,1,0,2071.72
Home,Regular,NetBanking,10,0,1506.41,5.0,0,1,2569.44
Electronics,Business,UPI,10,37,2790.52,4.0,0,0,2585.14
Beauty,Regular,Wallet,6,3,1464.92,3.0,0,0,1787.99
Fashion,Prime,UPI,2,0,3140.78,3.8,3,0,2329.15
Home,Regular,Wallet,2,38,1436.67,4.7,1,0,969.49
Sports,Regular,NetBanking,3,7,,4.4,1,0,1984.77
Electronics,Regular,NetBanking,6,33,1937.86,4.2,1,1,1765.82
Fashion,Regular,Wallet,2,1,3692.63,4.6,1,0,2635.67
Home,Regular,NetBanking,5,6,2797.26,4.3,3,0,2446.04
Fashion,Regular,NetBanking,2,4,2309.44,4.7,3,0,2036.38
Electronics,Regular,NetBanking,6,28,2948.85,4.6,0,0,2283.82
Electronics,Business,NetBanking,1,25,603.53,4.9,2,0,1037.11
Fashion,Regular,UPI,8,19,2461.18,4.3,1,0,2359.29
Home,Regular,NetBanking,1,9,4297.76,4.6,0,0,2904.71
Home,Regular,Wallet,2,3,2619.11,3.9,3,1,1999.77
Electronics,Regular,NetBanking,2,23,2561.12,3.8,0,1,1885.34
Fashion,Prime,Wallet,9,9,2993.32,5.0,0,1,3481.73
Fashion,Regular,Wallet,1,24,3306.04,4.2,0,1,2075.77
Electronics,Regular,UPI,5,28,702.28,4.5,1,0,1061.54
Beauty,Regular,Card,6,34,985.91,4.2,2,0,1129.18
Fashion,Regular,UPI,6,20,2689.26,3.8,1,0,1850.22
Home,Business,Wallet,7,0,1856.61,4.1,0,0,2532.19
Sports,Regular,Wallet,9,11,3680.82,4.8,0,0,3318.12
Home,Prime,NetBanking,4,34,2216.34,4.4,3,0,1503.46
Home,Regular,Wallet,9,21,758.92,3.2,3,1,1621.26
Electronics,Business,Card,4,25,1358.79,4.0,3,1,1771.53
Electronics,Regular,NetBanking,10,18,200.0,5.0,2,0,1524.97
Electronics,Regular,NetBanking,6,6,2289.29,4.0,2,0,2204.91
Beauty,Prime,NetBanking,8,36,2330.45,3.2,3,0,1835.42
Beauty,Regular,NetBanking,9,31,2117.98,5.0,2,0,1991.27
Electronics,Regular,UPI,8,40,3470.99,4.4,1,1,2616.55
Electronics,Business,NetBanking,9,35,3578.67,4.1,1,1,2824.89
Fashion,Regular,NetBanking,6,11,2346.65,3.9,1,0,2234.81
Home,Prime,Wallet,1,10,578.78,4.6,0,0,1191.18
Home,Prime,Card,5,10,3055.55,3.8,0,0,2627.23
Home,Prime,UPI,2,37,2999.82,4.7,2,0,1787.47
Sports,Business,UPI,9,22,2778.45,4.4,3,0,2634.75
Fashion,Regular,Card,3,18,3383.33,4.2,0,0,2125.44
Home,Regular,UPI,3,39,1451.65,4.2,0,0,1198.8
Home,Regular,UPI,3,24,4307.88,4.0,0,0,2552.61
Fashion,Prime,UPI,7,37,1636.52,4.6,3,0,1567.35
Sports,Prime,UPI,6,40,3174.3,3.7,1,0,2263.5
Electronics,Regular,NetBanking,10,3,,3.3,1,0,2142.35
Beauty,Regular,NetBanking,5,14,1662.76,4.4,0,1,2147.5
Beauty,Regular,UPI,3,30,3864.73,4.4,3,0,2345.52
Sports,Regular,Wallet,1,33,2265.19,4.3,1,0,1478.21
,Prime,UPI,1,6,,4.3,3,0,2142.32
Fashion,Regular,NetBanking,4,13,2713.26,3.9,2,0,1834.71
Beauty,Prime,Card,10,22,2405.54,4.5,0,0,2696.29
Beauty,Prime,Card,6,32,3727.47,4.1,3,0,2421.4
Home,Business,UPI,9,4,2287.01,3.9,2,0,2615.62
Beauty,Regular,UPI,2,24,897.34,3.9,2,1,1217.21
Electronics,Business,UPI,1,12,1777.08,5.0,0,0,1746.99
Home,Prime,Card,9,8,2996.07,3.2,3,0,2730.45
Sports,Prime,UPI,2,21,2855.96,4.3,3,1,2139.99
Fashion,Regular,NetBanking,1,16,1089.65,3.3,1,0,931.52
Fashion,Regular,NetBanking,5,26,1848.09,4.0,0,0,1670.06
,Prime,Card,10,13,1976.45,3.9,3,1,2708.31
Beauty,Regular,UPI,7,33,2171.08,3.1,3,0,1701.69
Sports,Regular,NetBanking,1,3,1261.68,4.3,2,0,1616.1
Fashion,Regular,NetBanking,9,35,1934.47,3.9,2,0,1985.01
Sports,Regular,Wallet,9,1,1844.25,3.1,0,0,2486.01
Electronics,Regular,UPI,9,30,3194.38,4.5,0,1,2578.73
Home,Regular,NetBanking,10,14,3228.21,4.8,3,0,2799.16
Fashion,Regular,Wallet,3,15,2368.77,4.8,1,0,2029.48
Beauty,Business,UPI,10,0,2147.16,4.3,1,0,2661.28
Sports,Business,Wallet,4,28,2625.93,4.1,2,0,1938.19
Beauty,Regular,UPI,9,6,1765.08,4.8,0,0,2486.95
Home,Regular,UPI,6,27,1467.85,4.9,0,0,1883.35
Fashion,Regular,NetBanking,8,29,1653.8,4.7,0,1,1963.09
Home,Regular,NetBanking,7,34,1928.67,3.6,1,0,1641.82
Home,Business,NetBanking,7,29,1452.87,4.2,1,1,1913.91
Electronics,Regular,Card,7,12,2645.85,4.3,0,0,2647.87
Home,Regular,Card,8,30,3156.74,3.2,1,0,2349.32
Sports,Regular,Wallet,8,33,1071.61,4.3,1,0,1677.49
Beauty,Regular,Wallet,2,13,2522.62,5.0,2,1,1954.6
Beauty,Prime,Wallet,9,5,2302.06,4.4,2,0,2660.28
Fashion,Prime,NetBanking,6,36,2807.36,4.8,3,0,2072.52
Home,Regular,Wallet,4,6,2488.36,4.2,3,1,2236.08
Electronics,Regular,UPI,6,24,1191.76,4.1,1,0,1727.8
Fashion,Business,Card,10,9,1363.85,4.3,3,0,2304.19
Fashion,Regular,Card,9,5,2526.48,3.7,2,0,2715.28
Electronics,Prime,UPI,9,31,3425.9,3.6,0,0,2815.17
Electronics,Business,UPI,5,5,507.23,4.7,1,0,1802.71
Home,Regular,Wallet,8,27,2811.15,4.8,2,0,2296.8
Fashion,Business,UPI,4,28,3570.66,3.6,3,1,2305.98
Fashion,Regular,NetBanking,7,2,2362.28,4.6,1,0,2679.09
Electronics,Prime,UPI,7,7,2995.18,4.1,0,0,2971.74
Home,Regular,NetBanking,3,32,1867.24,4.3,0,1,1465.98
Fashion,Regular,NetBanking,3,20,2392.57,4.3,0,0,1877.08
Fashion,Regular,Card,1,4,1041.18,4.6,2,0,1046.44
Home,Regular,UPI,2,40,390.09,4.1,2,0,423.46
Electronics,Regular,Card,5,10,3348.49,4.8,1,0,2864.69
Sports,Regular,Wallet,5,0,1613.5,4.3,2,0,2033.15
Electronics,Regular,NetBanking,2,37,2090.02,4.4,3,1,1489.96
Fashion,Regular,Wallet,5,0,1252.2,3.7,3,1,1533.46
Electronics,Regular,Wallet,7,22,1231.03,5.0,0,0,1843.96
Home,Business,Card,3,40,2343.55,4.3,2,0,1585.38
Fashion,Business,NetBanking,4,23,1843.38,4.5,3,1,1878.55
Sports,Regular,Card,4,23,2840.17,3.3,3,0,2044.85
Fashion,Regular,Wallet,6,15,2907.28,3.7,1,1,2470.33
Home,Prime,Wallet,4,5,2788.76,4.7,1,0,2460.9
Electronics,Prime,NetBanking,8,23,2714.74,4.2,3,0,2313.34
Electronics,Regular,Wallet,4,36,3919.99,3.1,0,1,2437.35
Fashion,Prime,Wallet,5,3,1539.17,4.6,2,0,1857.06
Home,Regular,Wallet,4,36,2450.56,3.8,0,0,1452.49
Fashion,Regular,Card,2,17,3519.42,4.8,3,1,2219.93
Sports,Prime,Card,7,21,3638.09,4.1,0,0,3024.54
Beauty,Prime,Wallet,3,6,1220.41,4.2,0,0,1634.1
Sports,Prime,UPI,3,25,2218.88,4.7,1,0,1832.81
Fashion,Regular,UPI,8,7,3722.31,3.7,0,0,3010.25
Beauty,Regular,Card,10,11,,3.6,1,0,2595.19
Home,Regular,NetBanking,7,29,2675.74,4.0,1,0,2269.14
Home,Regular,Wallet,10,2,2304.08,4.5,1,0,2553.55
Sports,Regular,Wallet,9,18,2154.58,3.4,2,1,2328.35
Home,Regular,NetBanking,5,24,2759.4,3.3,2,0,1985.89
Sports,Regular,NetBanking,8,5,2272.86,4.5,3,0,2524.76
Beauty,Prime,NetBanking,4,12,2461.68,3.8,1,0,2013.73
Electronics,Regular,UPI,5,14,2570.74,3.9,2,1,2153.66
Home,Regular,NetBanking,6,27,1889.74,3.2,2,0,1563.56
Fashion,Prime,Wallet,10,40,2978.92,3.8,0,1,2484.3
Sports,Regular,UPI,9,34,5122.82,4.1,2,0,3180.31
Beauty,Business,UPI,5,7,900.71,4.6,3,0,1784.71
Electronics,Regular,NetBanking,7,0,2791.61,3.7,1,1,2786.34
Electronics,Regular,NetBanking,3,2,1815.83,4.9,0,1,2284.27
Electronics,Business,Card,9,24,3019.66,3.8,1,0,2793.25
Fashion,Regular,UPI,6,6,2541.9,3.8,1,0,2487.85
Electronics,Prime,NetBanking,6,9,3185.67,4.9,2,0,2816.51
Beauty,Prime,NetBanking,8,34,3557.96,4.2,3,0,2594.28
Home,Regular,NetBanking,7,35,2673.18,3.8,2,1,2110.07
Beauty,Prime,Wallet,1,34,3518.85,4.0,0,1,2113.04
Electronics,Business,NetBanking,3,10,390.13,4.8,1,0,1256.5
Home,Business,NetBanking,2,25,3931.41,4.8,2,0,2112.6
Electronics,Regular,UPI,8,25,2837.56,3.7,1,0,2501.58
Sports,Regular,UPI,1,7,3470.06,4.1,2,0,2356.67
Electronics,Prime,Wallet,3,22,1402.11,4.1,2,0,1553.45
Electronics,Regular,UPI,6,21,1752.31,3.6,1,0,1810.98
Electronics,Regular,NetBanking,7,16,2631.34,4.1,2,0,2609.43
Beauty,Regular,Card,6,30,2484.67,4.1,1,0,1876.88
Electronics,Regular,Card,9,27,2754.76,4.7,0,1,2796.0
Home,Regular,Card,10,21,3476.06,4.7,1,0,3052.8
Beauty,Regular,Card,2,29,911.3,3.9,1,0,1098.49
Beauty,Regular,NetBanking,10,31,3376.44,4.0,0,0,2662.06
Electronics,Regular,NetBanking,7,23,2507.45,4.4,3,0,2159.75
Electronics,Business,NetBanking,7,10,2316.6,3.8,2,0,2321.19
Fashion,Regular,UPI,1,31,1176.0,4.4,0,0,1151.2
Electronics,Regular,NetBanking,7,29,2952.74,4.1,3,0,2342.22
Home,Regular,Card,8,40,327.3,3.6,3,0,1007.83
Fashion,Regular,UPI,6,6,3083.55,3.6,0,1,3137.1
Fashion,Business,Card,1,17,1157.1,4.8,0,0,1401.99
Electronics,Business,Card,6,37,2548.11,4.0,1,0,1917.93
Home,Regular,Card,10,21,2392.75,4.9,2,0,2479.95
Electronics,Regular,Card,8,38,3552.58,3.8,2,1,2514.11
Home,Regular,UPI,2,0,2339.21,4.2,1,0,2031.96
Electronics,Regular,NetBanking,10,1,1875.28,5.0,2,1,2836.31
Sports,Regular,NetBanking,10,32,2044.06,3.6,0,0,2078.06
Home,Regular,UPI,2,14,3645.59,3.2,2,0,2083.95
Electronics,Regular,Card,9,21,2982.67,4.7,3,0,2880.32
Electronics,Regular,Card,5,17,2152.93,3.7,2,0,2023.59
Fashion,Regular,NetBanking,6,16,2287.2,4.1,1,0,2084.07
Electronics,Regular,Wallet,5,38,1089.54,3.8,1,0,1302.52
Electronics,Regular,UPI,8,3,2849.63,4.2,3,0,2876.37
Sports,Regular,Card,10,31,916.17,3.6,0,0,1725.87
Home,Regular,UPI,8,36,3176.62,4.0,1,0,2418.38
Electronics,Regular,Card,10,26,2615.76,4.3,0,0,2642.19
Home,Regular,Card,10,16,4648.26,3.6,3,1,3610.7
Electronics,Regular,UPI,1,6,1509.88,3.7,1,0,1666.02
Sports,Prime,Wallet,3,27,2407.6,3.9,3,1,1861.22
Electronics,Business,NetBanking,8,19,4118.46,3.4,2,0,3130.31
Beauty,Regular,Wallet,6,6,3572.25,3.9,2,1,3087.49
Beauty,Regular,UPI,1,14,1873.41,4.2,2,1,1539.48
Electronics,Prime,UPI,1,39,2701.57,3.9,0,0,1656.12
Electronics,Prime,UPI,6,10,2501.8,4.0,2,1,2640.43
Fashion,Regular,Card,7,7,2753.76,4.1,2,0,2450.93
Sports,Regular,UPI,2,27,1871.19,3.8,3,0,1205.96
Home,Regular,UPI,2,8,2419.61,4.4,2,1,2043.77
Home,Regular,UPI,2,37,1061.75,4.8,3,0,788.87
Beauty,Regular,Card,6,35,2621.61,3.9,3,0,1627.6
Beauty,Regular,NetBanking,1,40,2905.02,4.3,2,0,1352.43
Fashion,Regular,Wallet,6,37,2295.32,4.0,1,0,1759.98
Home,Regular,Wallet,5,9,1046.45,4.3,0,0,1859.92
,Regular,Card,5,8,3389.68,4.9,1,0,2747.69
Electronics,Prime,Card,7,14,2828.07,4.4,3,0,2292.85
Sports,Regular,Wallet,6,19,1846.59,3.2,0,0,1962.52
Electronics,Regular,Wallet,8,36,2247.46,4.3,1,0,1994.45
Electronics,Regular,NetBanking,8,30,1149.4,4.7,2,0,1756.62
Beauty,Prime,UPI,10,26,1577.13,4.0,0,0,2102.7
Fashion,Regular,NetBanking,8,36,2015.97,4.6,3,0,1766.58
Electronics,Regular,NetBanking,6,26,3605.58,3.8,2,0,2527.08
Electronics,Regular,Wallet,5,15,1924.45,3.4,0,1,2119.58
Home,Prime,NetBanking,3,16,3076.19,4.2,0,1,2607.33
Beauty,Prime,Card,6,21,2015.52,3.2,2,0,1848.16
Electronics,Business,NetBanking,2,3,2723.15,4.0,3,0,2429.99
Electronics,Prime,Wallet,10,30,2372.74,4.7,3,1,2688.84
Fashion,Regular,UPI,9,26,3285.75,3.1,3,1,2690.56
Sports,Regular,Card,2,29,2018.67,3.5,0,0,1208.95
Electronics,Regular,Card,8,21,1084.72,,2,0,1877.58
Sports,Prime,Wallet,2,32,1256.25,4.1,0,0,1115.18
Sports,Regular,UPI,8,38,2021.31,3.9,0,0,1952.34
Fashion,Regular,NetBanking,1,23,1375.85,4.8,2,1,1170.15
Beauty,Business,Wallet,5,18,2869.19,4.6,1,0,2234.85
Home,Regular,Card,7,4,2080.81,4.3,2,0,2579.61
Home,Regular,Card,8,31,4637.15,,3,0,2861.77
Fashion,Regular,Wallet,5,37,936.06,4.3,0,1,1405.18
Beauty,Business,NetBanking,10,28,2683.27,3.7,2,0,2491.68
Beauty,Business,Card,8,35,1484.84,4.5,3,1,1775.72
Beauty,Regular,NetBanking,3,35,2055.94,3.5,1,0,1320.62
Sports,Business,Card,7,32,2627.28,4.5,2,0,2068.83
Fashion,Business,Wallet,8,20,407.17,4.7,1,0,1608.86
Beauty,Prime,Wallet,4,4,2713.14,4.2,3,0,2174.59
Sports,Business,Wallet,8,0,4212.62,4.0,0,1,3691.85
Electronics,Regular,UPI,9,8,2091.91,4.3,3,0,2626.14
Electronics,Prime,UPI,9,17,2733.83,2.7,3,0,2587.21
Fashion,Regular,Wallet,8,30,3422.43,4.3,3,0,2285.06
Sports,Prime,NetBanking,7,18,2352.44,4.0,1,0,2411.2
Fashion,Regular,NetBanking,3,0,1977.14,4.1,2,0,1943.05
Beauty,Prime,Card,8,8,451.84,4.5,1,0,1703.21
Electronics,Business,NetBanking,4,40,3076.89,4.1,1,0,2150.39
Fashion,Regular,NetBanking,6,40,2398.15,,3,0,1574.66
Home,Business,UPI,4,15,1588.58,4.0,2,0,1607.32
Electronics,Regular,Wallet,4,33,2613.94,4.1,2,0,2054.09
Sports,,Card,2,29,1974.69,4.2,0,0,1462.3
Electronics,Regular,,10,38,2024.42,4.2,3,0,2023.49
Sports,Prime,Wallet,2,36,3045.66,4.6,2,0,1763.56
Electronics,Regular,NetBanking,1,25,1295.46,3.6,3,0,1196.69
Sports,Regular,Card,10,16,3442.58,4.2,0,1,3151.9
Home,Prime,NetBanking,6,25,1242.08,4.7,2,1,1575.78
Electronics,Regular,NetBanking,5,13,1903.57,3.2,2,0,1831.06
Electronics,Regular,NetBanking,8,14,4230.65,4.2,2,0,3401.09
Electronics,Business,UPI,4,24,3514.62,3.8,0,0,2647.0
Home,Prime,NetBanking,2,23,2587.84,3.9,1,0,1783.79
Beauty,Prime,UPI,8,23,1653.52,3.6,1,0,2091.27
Fashion,Regular,NetBanking,2,15,2023.65,4.0,2,0,1679.69
,Business,NetBanking,6,16,2565.95,5.0,0,1,2572.71
Home,Regular,NetBanking,10,0,2533.77,3.5,1,0,2841.77
Home,Regular,Wallet,10,24,2418.22,3.5,2,0,2380.67
Home,Regular,Wallet,4,23,2472.25,3.4,0,0,1783.52
Fashion,Regular,Wallet,8,38,,5.0,3,0,1910.51
Beauty,Prime,Wallet,7,20,1202.22,3.9,2,0,1718.45
Sports,Prime,Wallet,5,19,2035.14,4.1,0,0,1813.82
Fashion,Regular,Card,2,2,3323.16,3.9,0,0,2418.51
Electronics,Regular,UPI,4,8,1268.5,3.6,3,1,1738.4
Electronics,Prime,NetBanking,7,13,2329.4,4.0,1,1,2722.72
Home,Business,UPI,10,15,1762.22,5.0,3,0,2213.79
Fashion,Regular,NetBanking,1,14,2600.22,4.8,1,1,1957.31
Sports,Regular,Card,8,16,2150.23,3.7,1,0,2201.79
Home,Regular,Card,9,31,3829.65,4.4,1,1,3084.66
Home,Regular,NetBanking,10,5,2955.92,3.7,2,0,2920.76
Beauty,Regular,Wallet,5,13,1319.38,3.2,0,0,1832.67
Electronics,Regular,UPI,2,6,3104.11,4.6,1,0,2496.19
Beauty,Prime,UPI,3,12,1802.81,4.7,1,0,1756.45
Electronics,Regular,NetBanking,9,28,1980.7,4.6,0,0,2282.65
Home,Regular,UPI,9,1,2782.44,3.9,1,0,2844.64
Sports,Regular,Card,7,13,2057.43,,2,0,2268.25
Beauty,Business,NetBanking,2,0,3303.57,4.5,2,0,2390.14
Sports,Regular,Wallet,2,39,1802.94,4.3,0,0,1121.89
Fashion,Regular,NetBanking,5,29,1942.95,3.9,3,1,1735.22
Beauty,Regular,Wallet,6,9,1909.27,3.3,3,0,2067.48
Home,Prime,NetBanking,1,8,1990.93,4.2,2,1,1599.95
Home,Business,Wallet,7,4,3489.27,4.6,3,0,3204.43
Electronics,Regular,Card,6,19,3065.92,3.5,1,0,2436.37
Electronics,Regular,Card,1,30,4038.95,4.4,3,0,1959.29
Home,Regular,Card,1,23,4540.88,4.3,2,0,2103.46
Electronics,Prime,Wallet,5,36,1572.35,4.5,2,0,1356.36
Beauty,Business,,8,14,2563.38,4.5,0,1,2774.76
Beauty,Regular,Card,9,11,1441.42,3.8,2,0,2047.49
Sports,Regular,Wallet,5,19,1800.15,3.3,3,0,1735.55
Electronics,Prime,UPI,3,8,1932.93,3.8,3,0,1839.89
Sports,Prime,NetBanking,10,40,1548.56,4.5,1,0,1769.93
Electronics,Regular,Card,5,7,1553.3,3.8,0,0,1954.82
Fashion,Regular,Card,4,19,2370.14,3.8,2,1,1980.49
Beauty,Regular,UPI,5,21,1404.95,3.2,0,0,1536.77
Electronics,Prime,Card,1,2,3257.91,5.0,0,0,2507.62
Electronics,Prime,NetBanking,4,19,1674.02,4.5,2,0,1901.76
Electronics,Prime,Card,6,18,5028.61,4.5,3,0,3295.95
Home,Prime,Card,10,10,2093.75,4.6,1,1,2696.01
Beauty,Regular,NetBanking,8,5,2564.82,4.4,1,1,2706.14
Electronics,Regular,,8,1,1334.19,4.0,1,0,2411.34
Electronics,Regular,NetBanking,6,0,4035.48,4.0,1,1,3368.97
Home,Business,NetBanking,2,19,3507.55,3.9,0,0,2279.33
Electronics,Regular,Wallet,4,3,2767.22,5.0,2,0,2624.37
Beauty,Regular,Wallet,10,39,1287.88,4.4,2,0,1890.04
Sports,Regular,Card,1,10,2689.6,3.9,1,0,1971.29
Beauty,Prime,NetBanking,9,26,1490.71,4.3,1,0,2106.66
Sports,Prime,NetBanking,7,27,,3.6,3,0,2772.1
Home,Prime,NetBanking,3,20,3228.28,4.9,0,0,2284.7
Beauty,Regular,Wallet,8,36,2585.9,3.8,0,1,2214.27
Electronics,Business,Card,9,4,307.26,4.4,0,1,2072.14
Electronics,Prime,UPI,1,9,1614.93,4.6,3,0,1607.68
Home,Prime,Wallet,2,10,3118.99,4.3,1,0,2230.33
Electronics,Prime,Wallet,7,5,3591.6,4.1,0,0,3133.63
Sports,Business,Card,10,12,3498.25,4.1,3,0,3071.78
Home,Business,UPI,1,12,1067.19,4.1,0,0,1351.27
Sports,Regular,UPI,7,31,2771.4,,1,0,2227.86
Fashion,Regular,Card,2,12,3413.96,3.9,0,0,2285.02
Fashion,Regular,Card,7,35,1007.5,4.8,2,0,1122.43
Beauty,Prime,NetBanking,7,31,2492.89,4.0,2,0,1944.48
Electronics,Prime,NetBanking,1,36,2746.46,3.7,3,0,1362.69
Home,Regular,NetBanking,7,4,2229.31,3.8,1,1,2571.6
Home,Regular,UPI,9,40,833.05,4.7,1,0,1494.78
Sports,Business,Wallet,9,25,2206.87,4.4,3,0,2346.67
Beauty,Business,NetBanking,1,40,2205.43,4.4,3,0,1130.79
Electronics,Business,Wallet,3,14,2366.73,4.0,0,0,2196.65
Fashion,Regular,UPI,3,39,1992.88,4.4,2,0,1217.6
Home,Prime,Card,5,24,2101.29,3.8,3,0,1651.95
Electronics,Prime,UPI,2,2,2464.26,4.0,2,0,2288.02
Fashion,Regular,NetBanking,9,16,2898.21,4.6,2,0,2753.41
Fashion,Regular,UPI,8,5,2226.02,4.5,0,0,2661.3
Electronics,Business,Wallet,9,38,2131.32,3.6,0,0,2099.15
Home,Regular,Card,2,12,2583.12,3.7,0,0,2104.93
Electronics,Regular,NetBanking,1,9,771.18,4.2,0,0,1234.67
Home,Prime,UPI,10,22,2929.33,5.0,3,0,2827.74
Electronics,Prime,Card,3,17,2499.49,3.1,2,0,1900.98
Beauty,Regular,NetBanking,7,3,2535.72,4.2,3,0,2436.12
Electronics,Prime,Wallet,10,33,3364.66,3.4,1,0,2477.62
Sports,Regular,NetBanking,1,34,742.47,3.8,3,0,571.61
Electronics,Prime,Card,1,30,723.55,3.9,0,0,951.32
Home,Regular,Card,1,25,2746.42,3.9,3,0,1550.79
Fashion,Prime,UPI,2,16,2493.59,3.8,0,0,2113.05
Electronics,Prime,NetBanking,1,22,2653.16,4.1,0,0,1772.33
Fashion,Regular,UPI,9,21,2084.09,3.8,0,1,2307.69
Beauty,Regular,UPI,7,6,3097.92,3.4,3,1,2608.54
Sports,Prime,Wallet,10,3,3339.37,4.5,1,1,3393.38
Fashion,Regular,Card,9,10,2935.58,4.5,1,0,2934.21
Electronics,Regular,Card,10,18,2265.25,4.5,1,0,2777.27
Beauty,Regular,Card,3,6,603.08,3.3,3,0,1056.7
Home,,Wallet,3,4,3192.31,4.2,1,0,2494.01
Electronics,Regular,UPI,9,34,3599.56,4.4,0,0,2669.96
Beauty,Regular,Card,3,15,3080.1,3.6,1,0,2281.4
Home,Business,UPI,1,23,1708.32,4.1,1,0,1551.51
Home,Regular,Wallet,7,21,3106.41,4.0,2,0,2428.97
Fashion,Regular,NetBanking,9,30,3274.48,5.0,3,0,2387.75
Fashion,Regular,Card,10,30,3902.93,5.0,0,0,2877.43
Electronics,Regular,Card,10,12,1711.5,3.3,3,1,2453.81
Beauty,Regular,Card,2,34,2296.19,5.0,0,0,1583.32
Electronics,Prime,Wallet,8,15,3172.54,3.6,2,0,2550.53
Beauty,Regular,Card,9,34,2551.67,4.6,1,1,2317.14
Beauty,Prime,UPI,7,16,1494.41,4.6,1,0,2169.85
Beauty,Regular,UPI,9,4,2873.15,3.6,1,0,2779.62
Electronics,Regular,NetBanking,9,31,3020.8,4.3,1,0,2749.99
Electronics,Regular,NetBanking,5,1,2579.17,4.0,3,0,2518.14
Fashion,Regular,Wallet,1,31,2697.63,4.4,3,0,1353.89
Home,Prime,UPI,5,1,2267.16,4.2,3,1,2411.09
Sports,Regular,UPI,3,8,3830.45,4.7,1,0,2703.85
Fashion,Regular,UPI,2,24,1689.38,4.1,2,1,1321.74
Sports,Regular,Card,2,38,1971.41,4.0,1,1,1267.61
Electronics,Prime,NetBanking,7,16,2509.89,4.6,3,0,2632.97
Fashion,Regular,NetBanking,6,4,3291.06,4.4,2,0,2616.96
Electronics,Prime,UPI,6,9,1152.36,4.5,1,0,2113.9
Beauty,Regular,Wallet,8,36,1320.73,3.8,1,0,1447.33
Electronics,Regular,Card,6,29,666.04,3.6,1,0,1270.66
Electronics,Prime,Wallet,7,4,2529.43,3.8,2,0,2715.78
Beauty,Regular,NetBanking,1,15,1493.52,3.8,2,1,1313.45
Home,Regular,Card,9,10,2153.9,4.5,1,0,2580.29
Electronics,Business,NetBanking,5,7,3095.24,4.6,3,0,2474.43
Electronics,Regular,Wallet,2,34,1922.61,4.0,3,0,1338.26
Home,Regular,UPI,9,25,2708.15,4.8,1,0,2204.2
Fashion,Regular,UPI,8,7,,4.8,3,1,2531.63
Electronics,Regular,Wallet,1,26,3104.9,4.2,0,1,2210.57
Home,Prime,Card,2,16,2927.62,3.7,3,0,2060.78
Electronics,Regular,Card,1,2,1877.26,4.9,1,0,1748.14
Home,Business,NetBanking,3,18,2348.21,4.1,2,0,1785.39
,Prime,Wallet,1,7,3439.37,4.2,1,0,2277.89
Electronics,Business,NetBanking,8,10,2854.04,3.9,1,0,2892.54
Electronics,Prime,Card,6,36,1242.73,3.7,1,1,1364.61
Electronics,Business,NetBanking,10,29,3090.06,3.4,2,0,2733.24
Electronics,Prime,UPI,8,5,1523.85,4.4,0,1,2611.39
Fashion,Regular,Wallet,7,34,3771.26,3.7,3,0,2357.46
Sports,Regular,NetBanking,6,23,3421.69,5.0,3,0,2571.15
Beauty,Prime,UPI,1,35,2760.9,3.6,2,0,1497.42
Fashion,Regular,NetBanking,1,30,2641.51,3.5,2,0,1376.94
Home,Prime,NetBanking,7,13,2311.87,4.4,2,0,2123.64
Home,Regular,NetBanking,1,21,3110.67,4.9,0,0,2045.99
Beauty,Prime,UPI,1,21,2166.3,4.1,2,1,1540.98
Electronics,Regular,NetBanking,3,29,2712.01,4.4,0,0,1886.64
Fashion,Business,Card,9,10,3284.74,3.2,2,0,2984.09
Fashion,Regular,UPI,5,13,1994.37,3.8,1,0,2091.72
Electronics,Regular,UPI,8,10,1945.43,3.6,2,0,2298.51
Fashion,Prime,NetBanking,5,12,1425.07,3.2,3,0,1706.02
Sports,Prime,Wallet,2,6,1541.97,4.2,0,0,1593.29
Sports,Prime,Wallet,4,1,854.44,3.0,2,0,1605.33
Electronics,Business,UPI,1,38,3156.85,3.4,1,0,1778.69
Fashion,Regular,NetBanking,8,3,4128.02,3.8,1,1,3570.28
Fashion,Prime,Card,2,36,3782.8,3.7,2,0,1930.42
Fashion,Regular,UPI,4,0,1036.52,4.3,3,0,1591.84
Home,Regular,NetBanking,10,31,3152.37,4.3,0,0,2798.55
Electronics,Regular,NetBanking,6,13,3779.9,4.5,3,1,2995.01
Beauty,Regular,Wallet,5,21,2088.87,4.5,3,0,1653.76
Sports,Regular,UPI,6,11,2591.3,4.7,2,1,2836.04
Home,Prime,Wallet,8,20,692.9,4.1,2,0,1490.09
Home,Regular,Wallet,3,18,2740.06,4.3,1,0,2019.56
Home,Business,NetBanking,7,21,1542.8,4.4,0,0,2060.58
Fashion,Regular,Card,9,16,2679.67,4.2,2,0,2561.58
Electronics,Regular,UPI,6,21,1094.92,3.9,3,0,1520.6
Home,Prime,Wallet,5,33,2988.57,3.9,0,0,2105.53
Electronics,Regular,NetBanking,2,17,3422.06,,2,0,2207.57
Beauty,Regular,Wallet,3,14,1795.14,4.3,2,1,1628.55
Fashion,Prime,Wallet,10,5,1476.77,4.1,3,0,2596.77
Fashion,Regular,Card,6,14,559.58,3.8,1,0,1369.62
Fashion,Regular,Wallet,4,5,2260.23,3.8,1,0,2153.93
,Prime,UPI,5,7,1976.57,3.5,1,0,2076.5
Electronics,Regular,Wallet,6,39,1104.08,4.6,3,0,1240.14
Electronics,Prime,NetBanking,6,3,2907.72,4.1,3,0,2661.09
Electronics,Prime,UPI,7,19,2095.03,3.7,1,0,2041.43
Home,,Card,3,34,1531.84,4.5,3,0,1149.6
Sports,Regular,Card,7,39,,3.8,2,0,1607.53
Electronics,Regular,NetBanking,5,6,3464.17,3.4,1,0,2891.53
Sports,Prime,NetBanking,10,6,3042.64,4.6,0,1,3187.3
Electronics,Regular,NetBanking,2,15,2382.98,3.8,2,0,1774.59
Home,Business,Card,2,22,3057.19,3.9,2,0,1931.71
Electronics,Regular,NetBanking,5,39,1455.18,4.1,3,1,1605.78
Fashion,Prime,Card,6,8,2529.13,4.7,2,0,2333.41
Home,Regular,Card,7,6,2632.59,4.1,0,0,2668.66
Home,Regular,UPI,5,10,2077.15,3.5,2,1,2231.32
Electronics,Regular,NetBanking,10,35,2891.91,4.4,2,0,2491.07
Beauty,Regular,NetBanking,5,1,1797.61,3.9,1,1,2028.28
Sports,Business,Wallet,2,15,2958.84,5.0,1,0,2114.01
Fashion,Regular,Wallet,2,4,2996.67,4.1,3,1,2408.27
Home,Regular,UPI,10,6,200.0,3.0,2,1,1679.73
Beauty,Regular,Wallet,2,37,3571.28,4.3,2,0,1906.48
Electronics,Regular,Card,10,0,200.0,5.0,1,1,2252.72
Sports,Business,Wallet,3,13,1945.56,4.9,1,0,2019.89
Fashion,Business,UPI,1,37,3422.81,5.0,2,0,1948.17
Beauty,Business,Wallet,4,24,2214.44,3.6,3,0,1622.02
Electronics,Regular,Wallet,7,2,1180.43,4.6,2,0,1998.72
Fashion,Regular,NetBanking,5,19,1515.64,3.7,2,0,1649.86
Home,Prime,Wallet,8,39,3424.22,4.2,0,0,2437.65
Home,Regular,Card,7,16,770.65,3.5,3,0,1138.16
Sports,Prime,Card,5,21,3516.09,3.8,0,0,2654.61
Sports,Regular,NetBanking,7,21,2450.41,3.8,3,1,2144.82
Electronics,Regular,NetBanking,10,27,1426.84,4.5,1,0,2141.83
Electronics,Business,Card,5,7,1975.2,4.5,3,1,2548.22
Fashion,Regular,NetBanking,2,34,1584.5,4.2,3,1,1182.5
Fashion,Business,Card,5,40,3279.6,3.4,3,0,2100.92
Fashion,Regular,Wallet,9,5,3159.19,3.9,3,0,2881.82
Sports,Regular,Card,3,33,952.75,3.7,2,1,1266.15
Beauty,Regular,UPI,10,33,2136.77,4.5,3,0,1938.49
Electronics,Regular,Wallet,6,30,1723.13,4.7,0,0,1832.23
Fashion,Regular,NetBanking,7,15,3664.16,4.6,0,1,3105.73
Home,Regular,NetBanking,4,19,1284.91,3.7,2,0,1379.31
Fashion,Prime,NetBanking,10,34,3943.81,2.7,3,0,2872.17
Electronics,Business,Wallet,1,6,2470.03,3.2,3,1,2064.57
Fashion,Regular,UPI,3,33,1454.26,4.8,2,0,1438.11
Fashion,Regular,Wallet,5,37,1890.45,3.9,2,1,1809.15
Electronics,Regular,NetBanking,5,27,1778.54,3.7,2,0,1684.34
Beauty,Prime,Wallet,5,13,1352.84,4.9,3,0,1792.0
Fashion,Regular,NetBanking,2,22,2585.34,4.7,3,0,1862.34
Home,Regular,Card,3,2,1394.88,4.1,0,0,1630.89
Home,Regular,NetBanking,1,38,537.67,4.0,2,1,469.38
Sports,Regular,Wallet,6,14,2158.29,4.0,1,0,2285.25
Electronics,Regular,,4,2,877.43,4.2,3,0,1662.4
Electronics,Regular,Wallet,6,32,1823.06,4.9,2,0,1749.0
Fashion,Business,Card,6,26,1681.81,4.3,3,1,1875.19
Fashion,Regular,Wallet,8,25,1715.91,4.5,1,0,1646.86
Fashion,Regular,Wallet,6,2,4300.87,4.7,2,0,3197.0
Beauty,Regular,Card,7,30,2550.77,3.5,0,0,1953.46
Electronics,Regular,NetBanking,6,26,2720.83,4.5,3,0,2297.42
Electronics,Regular,Card,7,32,901.24,4.0,0,1,1746.92
Fashion,Regular,NetBanking,7,33,1911.43,2.8,1,1,1841.0
Beauty,Regular,Wallet,4,8,2693.77,3.0,3,0,2099.84
Sports,Prime,Card,3,8,1577.92,3.6,3,0,1490.04
Beauty,Regular,Card,8,37,3317.26,4.4,1,0,2442.13
Home,Business,UPI,4,21,1417.57,4.2,1,0,1699.91
Beauty,Regular,UPI,6,17,2242.27,4.2,0,0,2262.18
Home,Regular,Card,2,11,1972.55,5.0,3,0,1969.66
Electronics,Business,UPI,5,26,2647.89,3.5,0,0,2013.51
Home,Prime,UPI,6,30,1923.56,4.1,0,1,1939.78
Beauty,Regular,Card,7,0,2256.2,4.3,1,0,2399.03
Fashion,Prime,UPI,6,22,2287.48,3.7,0,0,2099.94
Home,Regular,Card,4,40,1839.05,4.1,0,0,1372.51
Fashion,Regular,Wallet,10,11,2936.58,3.3,2,0,2717.77
Home,Prime,Wallet,6,11,2714.55,4.8,2,0,2623.42
