order_id,customer_name,email,phone,city,category,product,order_value,status,sentiment,text,reference_summary
ORD10001,Anil Joshi,anil.joshi87@example.com,+91-99234-81482,Delhi,fashion,running shoes,6200.7,refunded,neutral,Customer Anil Joshi from Delhi placed order ORD10001 for 1 unit(s) of running shoes in category fashion. Contact email is anil.joshi87@example.com and phone is +91-99234-81482. Order value was ₹6200.7. Current order status is refunded. Customer sentiment is neutral. Additional note: delivery was delayed by three days.,Anil ordered running shoes. Order status is refunded. Main note: delivery was delayed by three days.
ORD10002,Priya Reddy,priya.reddy72@gmail.com,+91-93462-95181,Hyderabad,accessories,laptop backpack,6429.39,refunded,positive,Customer Priya Reddy from Hyderabad placed order ORD10002 for 1 unit(s) of laptop backpack in category accessories. Contact email is priya.reddy72@gmail.com and phone is +91-93462-95181. Order value was ₹6429.39. Current order status is refunded. Customer sentiment is positive. Additional note: delivery was delayed by three days.,Priya ordered laptop backpack. Order status is refunded. Main note: delivery was delayed by three days.
ORD10003,Divya Menon,divya.menon98@gmail.com,+91-92876-65392,Chennai,accessories,laptop backpack,20387.22,in_transit,negative,Customer Divya Menon from Chennai placed order ORD10003 for 1 unit(s) of laptop backpack in category accessories. Contact email is divya.menon98@gmail.com and phone is +91-92876-65392. Order value was ₹20387.22. Current order status is in_transit. Customer sentiment is negative. Additional note: customer asked for a refund due to size mismatch.,Divya ordered laptop backpack. Order status is in_transit. Main note: customer asked for a refund due to size mismatch.
ORD10004,Neha Singh,neha.singh46@outlook.com,+91-89782-44671,Bengaluru,furniture,office chair,3043.45,delivered,neutral,Customer Neha Singh from Bengaluru placed order ORD10004 for 1 unit(s) of office chair in category furniture. Contact email is neha.singh46@outlook.com and phone is +91-89782-44671. Order value was ₹3043.45. Current order status is delivered. Customer sentiment is neutral. Additional note: packaging was excellent and secure.,Neha ordered office chair. Order status is delivered. Main note: packaging was excellent and secure.
ORD10005,Aarav Sharma,aarav.sharma74@gmail.com,+91-93087-19116,Hyderabad,fitness,water bottle,14158.38,delivered,neutral,Customer Aarav Sharma from Hyderabad placed order ORD10005 for 3 unit(s) of water bottle in category fitness. Contact email is aarav.sharma74@gmail.com and phone is +91-93087-19116. Order value was ₹14158.38. Current order status is delivered. Customer sentiment is neutral. Additional note: customer complained that the battery drains quickly.,Aarav ordered water bottle. Order status is delivered. Main note: customer complained that the battery drains quickly.
ORD10006,Aarav Sharma,aarav.sharma82@outlook.com,+91-75329-58520,Hyderabad,home,coffee maker,9998.05,delivered,positive,Customer Aarav Sharma from Hyderabad placed order ORD10006 for 4 unit(s) of coffee maker in category home. Contact email is aarav.sharma82@outlook.com and phone is +91-75329-58520. Order value was ₹9998.05. Current order status is delivered. Customer sentiment is positive. Additional note: support team resolved the issue within 24 hours.,Aarav ordered coffee maker. Order status is delivered. Main note: support team resolved the issue within 24 hours.
ORD10007,Neha Singh,neha.singh69@example.com,+91-78021-31417,Delhi,home,coffee maker,15539.97,delivered,negative,Customer Neha Singh from Delhi placed order ORD10007 for 2 unit(s) of coffee maker in category home. Contact email is neha.singh69@example.com and phone is +91-78021-31417. Order value was ₹15539.97. Current order status is delivered. Customer sentiment is negative. Additional note: support team resolved the issue within 24 hours.,Neha ordered coffee maker. Order status is delivered. Main note: support team resolved the issue within 24 hours.
ORD10008,Meera Iyer,meera.iyer30@gmail.com,+91-96379-51347,Delhi,accessories,laptop backpack,17366.66,refunded,negative,Customer Meera Iyer from Delhi placed order ORD10008 for 1 unit(s) of laptop backpack in category accessories. Contact email is meera.iyer30@gmail.com and phone is +91-96379-51347. Order value was ₹17366.66. Current order status is refunded. Customer sentiment is negative. Additional note: support team resolved the issue within 24 hours.,Meera ordered laptop backpack. Order status is refunded. Main note: support team resolved the issue within 24 hours.
ORD10009,Arjun Nair,arjun.nair51@example.com,+91-85035-28726,Bengaluru,furniture,office chair,5944.56,in_transit,negative,Customer Arjun Nair from Bengaluru placed order ORD10009 for 4 unit(s) of office chair in category furniture. Contact email is arjun.nair51@example.com and phone is +91-85035-28726. Order value was ₹5944.56. Current order status is in_transit. Customer sentiment is negative. Additional note: received a damaged item in the box.,Arjun ordered office chair. Order status is in_transit. Main note: received a damaged item in the box.
ORD10010,Kiran Rao,kiran.rao75@outlook.com,+91-81861-38746,Delhi,electronics,smart watch,18876.73,in_transit,negative,Customer Kiran Rao from Delhi placed order ORD10010 for 4 unit(s) of smart watch in category electronics. Contact email is kiran.rao75@outlook.com and phone is +91-81861-38746. Order value was ₹18876.73. Current order status is in_transit. Customer sentiment is negative. Additional note: customer asked for a refund due to size mismatch.,Kiran ordered smart watch. Order status is in_transit. Main note: customer asked for a refund due to size mismatch.
ORD10011,Rahul Verma,rahul.verma77@gmail.com,+91-82608-60019,Hyderabad,fitness,water bottle,15983.19,refunded,positive,Customer Rahul Verma from Hyderabad placed order ORD10011 for 4 unit(s) of water bottle in category fitness. Contact email is rahul.verma77@gmail.com and phone is +91-82608-60019. Order value was ₹15983.19. Current order status is refunded. Customer sentiment is positive. Additional note: received a damaged item in the box.,Rahul ordered water bottle. Order status is refunded. Main note: received a damaged item in the box.
ORD10012,Pooja Kumari,pooja.kumari88@example.com,+91-94604-44973,Pune,fitness,water bottle,17261.86,delivered,negative,Customer Pooja Kumari from Pune placed order ORD10012 for 1 unit(s) of water bottle in category fitness. Contact email is pooja.kumari88@example.com and phone is +91-94604-44973. Order value was ₹17261.86. Current order status is delivered. Customer sentiment is negative. Additional note: customer complained that the battery drains quickly.,Pooja ordered water bottle. Order status is delivered. Main note: customer complained that the battery drains quickly.
ORD10013,Anil Joshi,anil.joshi65@gmail.com,+91-86635-23947,Pune,fitness,yoga mat,11779.11,refunded,neutral,Customer Anil Joshi from Pune placed order ORD10013 for 3 unit(s) of yoga mat in category fitness. Contact email is anil.joshi65@gmail.com and phone is +91-86635-23947. Order value was ₹11779.11. Current order status is refunded. Customer sentiment is neutral. Additional note: received a damaged item in the box.,Anil ordered yoga mat. Order status is refunded. Main note: received a damaged item in the box.
ORD10014,Anil Joshi,anil.joshi70@example.com,+91-70018-88504,Mumbai,furniture,office chair,9847.72,refunded,positive,Customer Anil Joshi from Mumbai placed order ORD10014 for 2 unit(s) of office chair in category furniture. Contact email is anil.joshi70@example.com and phone is +91-70018-88504. Order value was ₹9847.72. Current order status is refunded. Customer sentiment is positive. Additional note: customer complained that the battery drains quickly.,Anil ordered office chair. Order status is refunded. Main note: customer complained that the battery drains quickly.
ORD10015,Neha Singh,neha.singh73@gmail.com,+91-72806-73699,Hyderabad,fitness,water bottle,6593.75,in_transit,neutral,Customer Neha Singh from Hyderabad placed order ORD10015 for 2 unit(s) of water bottle in category fitness. Contact email is neha.singh73@gmail.com and phone is +91-72806-73699. Order value was ₹6593.75. Current order status is in_transit. Customer sentiment is neutral. Additional note: delivery was delayed by three days.,Neha ordered water bottle. Order status is in_transit. Main note: delivery was delayed by three days.
ORD10016,Priya Reddy,priya.reddy28@example.com,+91-94748-36365,Delhi,electronics,smart watch,7213.37,refunded,neutral,Customer Priya Reddy from Delhi placed order ORD10016 for 4 unit(s) of smart watch in category electronics. Contact email is priya.reddy28@example.com and phone is +91-94748-36365. Order value was ₹7213.37. Current order status is refunded. Customer sentiment is neutral. Additional note: packaging was excellent and secure.,Priya ordered smart watch. Order status is refunded. Main note: packaging was excellent and secure.
ORD10017,Divya Menon,divya.menon16@gmail.com,+91-77362-18392,Delhi,furniture,office chair,11401.02,in_transit,negative,Customer Divya Menon from Delhi placed order ORD10017 for 4 unit(s) of office chair in category furniture. Contact email is divya.menon16@gmail.com and phone is +91-77362-18392. Order value was ₹11401.02. Current order status is in_transit. Customer sentiment is negative. Additional note: user requested an exchange for a different color.,Divya ordered office chair. Order status is in_transit. Main note: user requested an exchange for a different color.
ORD10018,Neha Singh,neha.singh30@gmail.com,+91-99668-14117,Mumbai,electronics,wireless headphones,973.02,refunded,positive,Customer Neha Singh from Mumbai placed order ORD10018 for 1 unit(s) of wireless headphones in category electronics. Contact email is neha.singh30@gmail.com and phone is +91-99668-14117. Order value was ₹973.02. Current order status is refunded. Customer sentiment is positive. Additional note: seller offered a partial refund and replacement.,Neha ordered wireless headphones. Order status is refunded. Main note: seller offered a partial refund and replacement.
ORD10019,Neha Singh,neha.singh93@example.com,+91-88881-71953,Bengaluru,fashion,running shoes,5983.53,exchanged,neutral,Customer Neha Singh from Bengaluru placed order ORD10019 for 2 unit(s) of running shoes in category fashion. Contact email is neha.singh93@example.com and phone is +91-88881-71953. Order value was ₹5983.53. Current order status is exchanged. Customer sentiment is neutral. Additional note: customer complained that the battery drains quickly.,Neha ordered running shoes. Order status is exchanged. Main note: customer complained that the battery drains quickly.
ORD10020,Sneha Patel,sneha.patel55@outlook.com,+91-85303-17100,Bengaluru,fitness,water bottle,16746.38,delivered,positive,Customer Sneha Patel from Bengaluru placed order ORD10020 for 3 unit(s) of water bottle in category fitness. Contact email is sneha.patel55@outlook.com and phone is +91-85303-17100. Order value was ₹16746.38. Current order status is delivered. Customer sentiment is positive. Additional note: user requested an exchange for a different color.,Sneha ordered water bottle. Order status is delivered. Main note: user requested an exchange for a different color.
ORD10021,Anil Joshi,anil.joshi32@gmail.com,+91-76232-80292,Chennai,fashion,running shoes,20173.34,in_transit,negative,Customer Anil Joshi from Chennai placed order ORD10021 for 1 unit(s) of running shoes in category fashion. Contact email is anil.joshi32@gmail.com and phone is +91-76232-80292. Order value was ₹20173.34. Current order status is in_transit. Customer sentiment is negative. Additional note: delivery was delayed by three days.,Anil ordered running shoes. Order status is in_transit. Main note: delivery was delayed by three days.
ORD10022,Meera Iyer,meera.iyer57@example.com,+91-73208-16630,Bengaluru,electronics,smart watch,6844.32,exchanged,neutral,Customer Meera Iyer from Bengaluru placed order ORD10022 for 1 unit(s) of smart watch in category electronics. Contact email is meera.iyer57@example.com and phone is +91-73208-16630. Order value was ₹6844.32. Current order status is exchanged. Customer sentiment is neutral. Additional note: user requested an exchange for a different color.,Meera ordered smart watch. Order status is exchanged. Main note: user requested an exchange for a different color.
ORD10023,Anil Joshi,anil.joshi52@gmail.com,+91-75394-59672,Bengaluru,electronics,wireless headphones,12551.52,exchanged,positive,Customer Anil Joshi from Bengaluru placed order ORD10023 for 2 unit(s) of wireless headphones in category electronics. Contact email is anil.joshi52@gmail.com and phone is +91-75394-59672. Order value was ₹12551.52. Current order status is exchanged. Customer sentiment is positive. Additional note: received a damaged item in the box.,Anil ordered wireless headphones. Order status is exchanged. Main note: received a damaged item in the box.
ORD10024,Aarav Sharma,aarav.sharma20@gmail.com,+91-79722-38534,Chennai,accessories,laptop backpack,17656.51,exchanged,neutral,Customer Aarav Sharma from Chennai placed order ORD10024 for 4 unit(s) of laptop backpack in category accessories. Contact email is aarav.sharma20@gmail.com and phone is +91-79722-38534. Order value was ₹17656.51. Current order status is exchanged. Customer sentiment is neutral. Additional note: support team resolved the issue within 24 hours.,Aarav ordered laptop backpack. Order status is exchanged. Main note: support team resolved the issue within 24 hours.
ORD10025,Aarav Sharma,aarav.sharma8@example.com,+91-72625-34356,Hyderabad,electronics,wireless headphones,12967.98,exchanged,positive,Customer Aarav Sharma from Hyderabad placed order ORD10025 for 2 unit(s) of wireless headphones in category electronics. Contact email is aarav.sharma8@example.com and phone is +91-72625-34356. Order value was ₹12967.98. Current order status is exchanged. Customer sentiment is positive. Additional note: payment was confirmed successfully.,Aarav ordered wireless headphones. Order status is exchanged. Main note: payment was confirmed successfully.
ORD10026,Priya Reddy,priya.reddy80@gmail.com,+91-83737-96163,Chennai,fashion,running shoes,14808.84,refunded,positive,Customer Priya Reddy from Chennai placed order ORD10026 for 1 unit(s) of running shoes in category fashion. Contact email is priya.reddy80@gmail.com and phone is +91-83737-96163. Order value was ₹14808.84. Current order status is refunded. Customer sentiment is positive. Additional note: customer asked for a refund due to size mismatch.,Priya ordered running shoes. Order status is refunded. Main note: customer asked for a refund due to size mismatch.
ORD10027,Pooja Kumari,pooja.kumari17@example.com,+91-91151-49321,Bengaluru,fitness,yoga mat,6575.2,in_transit,negative,Customer Pooja Kumari from Bengaluru placed order ORD10027 for 4 unit(s) of yoga mat in category fitness. Contact email is pooja.kumari17@example.com and phone is +91-91151-49321. Order value was ₹6575.2. Current order status is in_transit. Customer sentiment is negative. Additional note: support team resolved the issue within 24 hours.,Pooja ordered yoga mat. Order status is in_transit. Main note: support team resolved the issue within 24 hours.
ORD10028,Meera Iyer,meera.iyer65@outlook.com,+91-74340-55745,Hyderabad,fitness,yoga mat,2571.91,delivered,neutral,Customer Meera Iyer from Hyderabad placed order ORD10028 for 2 unit(s) of yoga mat in category fitness. Contact email is meera.iyer65@outlook.com and phone is +91-74340-55745. Order value was ₹2571.91. Current order status is delivered. Customer sentiment is neutral. Additional note: received a damaged item in the box.,Meera ordered yoga mat. Order status is delivered. Main note: received a damaged item in the box.
ORD10029,Priya Reddy,priya.reddy79@example.com,+91-87332-11025,Pune,home,coffee maker,20975.63,exchanged,positive,Customer Priya Reddy from Pune placed order ORD10029 for 3 unit(s) of coffee maker in category home. Contact email is priya.reddy79@example.com and phone is +91-87332-11025. Order value was ₹20975.63. Current order status is exchanged. Customer sentiment is positive. Additional note: payment was confirmed successfully.,Priya ordered coffee maker. Order status is exchanged. Main note: payment was confirmed successfully.
ORD10030,Anil Joshi,anil.joshi35@outlook.com,+91-89819-37607,Bengaluru,furniture,office chair,22330.05,delivered,neutral,Customer Anil Joshi from Bengaluru placed order ORD10030 for 2 unit(s) of office chair in category furniture. Contact email is anil.joshi35@outlook.com and phone is +91-89819-37607. Order value was ₹22330.05. Current order status is delivered. Customer sentiment is neutral. Additional note: received a damaged item in the box.,Anil ordered office chair. Order status is delivered. Main note: received a damaged item in the box.
ORD10031,Divya Menon,divya.menon7@gmail.com,+91-90784-65518,Delhi,fitness,yoga mat,13029.9,in_transit,negative,Customer Divya Menon from Delhi placed order ORD10031 for 3 unit(s) of yoga mat in category fitness. Contact email is divya.menon7@gmail.com and phone is +91-90784-65518. Order value was ₹13029.9. Current order status is in_transit. Customer sentiment is negative. Additional note: customer asked for a refund due to size mismatch.,Divya ordered yoga mat. Order status is in_transit. Main note: customer asked for a refund due to size mismatch.
ORD10032,Kiran Rao,kiran.rao71@example.com,+91-84014-83519,Pune,electronics,wireless headphones,4709.28,in_transit,positive,Customer Kiran Rao from Pune placed order ORD10032 for 4 unit(s) of wireless headphones in category electronics. Contact email is kiran.rao71@example.com and phone is +91-84014-83519. Order value was ₹4709.28. Current order status is in_transit. Customer sentiment is positive. Additional note: delivery was delayed by three days.,Kiran ordered wireless headphones. Order status is in_transit. Main note: delivery was delayed by three days.
ORD10033,Aarav Sharma,aarav.sharma56@gmail.com,+91-71370-50404,Delhi,fashion,running shoes,20996.2,delivered,positive,Customer Aarav Sharma from Delhi placed order ORD10033 for 2 unit(s) of running shoes in category fashion. Contact email is aarav.sharma56@gmail.com and phone is +91-71370-50404. Order value was ₹20996.2. Current order status is delivered. Customer sentiment is positive. Additional note: received a damaged item in the box.,Aarav ordered running shoes. Order status is delivered. Main note: received a damaged item in the box.
ORD10034,Neha Singh,neha.singh72@outlook.com,+91-90337-30257,Bengaluru,electronics,wireless headphones,16938.79,refunded,negative,Customer Neha Singh from Bengaluru placed order ORD10034 for 3 unit(s) of wireless headphones in category electronics. Contact email is neha.singh72@outlook.com and phone is +91-90337-30257. Order value was ₹16938.79. Current order status is refunded. Customer sentiment is negative. Additional note: payment was confirmed successfully.,Neha ordered wireless headphones. Order status is refunded. Main note: payment was confirmed successfully.
ORD10035,Sneha Patel,sneha.patel53@example.com,+91-98313-42527,Chennai,electronics,smart watch,18623.86,refunded,positive,Customer Sneha Patel from Chennai placed order ORD10035 for 3 unit(s) of smart watch in category electronics. Contact email is sneha.patel53@example.com and phone is +91-98313-42527. Order value was ₹18623.86. Current order status is refunded. Customer sentiment is positive. Additional note: packaging was excellent and secure.,Sneha ordered smart watch. Order status is refunded. Main note: packaging was excellent and secure.
ORD10036,Kiran Rao,kiran.rao45@outlook.com,+91-96887-39831,Chennai,electronics,smart watch,6181.9,exchanged,positive,Customer Kiran Rao from Chennai placed order ORD10036 for 4 unit(s) of smart watch in category electronics. Contact email is kiran.rao45@outlook.com and phone is +91-96887-39831. Order value was ₹6181.9. Current order status is exchanged. Customer sentiment is positive. Additional note: received a damaged item in the box.,Kiran ordered smart watch. Order status is exchanged. Main note: received a damaged item in the box.
ORD10037,Sneha Patel,sneha.patel45@example.com,+91-86692-62386,Chennai,electronics,wireless headphones,21716.34,in_transit,neutral,Customer Sneha Patel from Chennai placed order ORD10037 for 3 unit(s) of wireless headphones in category electronics. Contact email is sneha.patel45@example.com and phone is +91-86692-62386. Order value was ₹21716.34. Current order status is in_transit. Customer sentiment is neutral. Additional note: customer asked for a refund due to size mismatch.,Sneha ordered wireless headphones. Order status is in_transit. Main note: customer asked for a refund due to size mismatch.
ORD10038,Anil Joshi,anil.joshi5@gmail.com,+91-89548-66959,Hyderabad,fitness,yoga mat,14849.27,refunded,neutral,Customer Anil Joshi from Hyderabad placed order ORD10038 for 3 unit(s) of yoga mat in category fitness. Contact email is anil.joshi5@gmail.com and phone is +91-89548-66959. Order value was ₹14849.27. Current order status is refunded. Customer sentiment is neutral. Additional note: delivery was delayed by three days.,Anil ordered yoga mat. Order status is refunded. Main note: delivery was delayed by three days.
ORD10039,Neha Singh,neha.singh33@gmail.com,+91-93225-67154,Mumbai,fitness,yoga mat,10120.73,delivered,negative,Customer Neha Singh from Mumbai placed order ORD10039 for 2 unit(s) of yoga mat in category fitness. Contact email is neha.singh33@gmail.com and phone is +91-93225-67154. Order value was ₹10120.73. Current order status is delivered. Customer sentiment is negative. Additional note: user requested an exchange for a different color.,Neha ordered yoga mat. Order status is delivered. Main note: user requested an exchange for a different color.
ORD10040,Aarav Sharma,aarav.sharma93@outlook.com,+91-86617-50538,Chennai,home,coffee maker,15879.36,in_transit,positive,Customer Aarav Sharma from Chennai placed order ORD10040 for 1 unit(s) of coffee maker in category home. Contact email is aarav.sharma93@outlook.com and phone is +91-86617-50538. Order value was ₹15879.36. Current order status is in_transit. Customer sentiment is positive. Additional note: payment was confirmed successfully.,Aarav ordered coffee maker. Order status is in_transit. Main note: payment was confirmed successfully.
ORD10041,Anil Joshi,anil.joshi54@example.com,+91-82423-98777,Chennai,accessories,laptop backpack,14215.78,in_transit,negative,Customer Anil Joshi from Chennai placed order ORD10041 for 2 unit(s) of laptop backpack in category accessories. Contact email is anil.joshi54@example.com and phone is +91-82423-98777. Order value was ₹14215.78. Current order status is in_transit. Customer sentiment is negative. Additional note: payment was confirmed successfully.,Anil ordered laptop backpack. Order status is in_transit. Main note: payment was confirmed successfully.
ORD10042,Divya Menon,divya.menon39@outlook.com,+91-76887-66346,Mumbai,electronics,smart watch,14059.08,exchanged,neutral,Customer Divya Menon from Mumbai placed order ORD10042 for 1 unit(s) of smart watch in category electronics. Contact email is divya.menon39@outlook.com and phone is +91-76887-66346. Order value was ₹14059.08. Current order status is exchanged. Customer sentiment is neutral. Additional note: seller offered a partial refund and replacement.,Divya ordered smart watch. Order status is exchanged. Main note: seller offered a partial refund and replacement.
ORD10043,Pooja Kumari,pooja.kumari85@gmail.com,+91-79299-77561,Chennai,fitness,yoga mat,13169.41,refunded,neutral,Customer Pooja Kumari from Chennai placed order ORD10043 for 2 unit(s) of yoga mat in category fitness. Contact email is pooja.kumari85@gmail.com and phone is +91-79299-77561. Order value was ₹13169.41. Current order status is refunded. Customer sentiment is neutral. Additional note: product quality matched expectations.,Pooja ordered yoga mat. Order status is refunded. Main note: product quality matched expectations.
ORD10044,Anil Joshi,anil.joshi19@gmail.com,+91-71514-42092,Bengaluru,fitness,yoga mat,6235.3,in_transit,negative,Customer Anil Joshi from Bengaluru placed order ORD10044 for 2 unit(s) of yoga mat in category fitness. Contact email is anil.joshi19@gmail.com and phone is +91-71514-42092. Order value was ₹6235.3. Current order status is in_transit. Customer sentiment is negative. Additional note: received a damaged item in the box.,Anil ordered yoga mat. Order status is in_transit. Main note: received a damaged item in the box.
ORD10045,Meera Iyer,meera.iyer64@outlook.com,+91-77994-29342,Chennai,fashion,running shoes,18182.97,refunded,negative,Customer Meera Iyer from Chennai placed order ORD10045 for 4 unit(s) of running shoes in category fashion. Contact email is meera.iyer64@outlook.com and phone is +91-77994-29342. Order value was ₹18182.97. Current order status is refunded. Customer sentiment is negative. Additional note: product quality matched expectations.,Meera ordered running shoes. Order status is refunded. Main note: product quality matched expectations.
ORD10046,Anil Joshi,anil.joshi7@example.com,+91-78165-25906,Chennai,electronics,wireless headphones,20258.46,refunded,positive,Customer Anil Joshi from Chennai placed order ORD10046 for 4 unit(s) of wireless headphones in category electronics. Contact email is anil.joshi7@example.com and phone is +91-78165-25906. Order value was ₹20258.46. Current order status is refunded. Customer sentiment is positive. Additional note: received a damaged item in the box.,Anil ordered wireless headphones. Order status is refunded. Main note: received a damaged item in the box.
ORD10047,Meera Iyer,meera.iyer79@example.com,+91-99229-76162,Delhi,electronics,smart watch,23789.96,in_transit,negative,Customer Meera Iyer from Delhi placed order ORD10047 for 4 unit(s) of smart watch in category electronics. Contact email is meera.iyer79@example.com and phone is +91-99229-76162. Order value was ₹23789.96. Current order status is in_transit. Customer sentiment is negative. Additional note: product quality matched expectations.,Meera ordered smart watch. Order status is in_transit. Main note: product quality matched expectations.
ORD10048,Arjun Nair,arjun.nair82@outlook.com,+91-95094-78327,Delhi,fitness,water bottle,7071.44,exchanged,neutral,Customer Arjun Nair from Delhi placed order ORD10048 for 2 unit(s) of water bottle in category fitness. Contact email is arjun.nair82@outlook.com and phone is +91-95094-78327. Order value was ₹7071.44. Current order status is exchanged. Customer sentiment is neutral. Additional note: packaging was excellent and secure.,Arjun ordered water bottle. Order status is exchanged. Main note: packaging was excellent and secure.
ORD10049,Meera Iyer,meera.iyer41@example.com,+91-72640-28136,Chennai,home,coffee maker,6473.74,in_transit,positive,Customer Meera Iyer from Chennai placed order ORD10049 for 3 unit(s) of coffee maker in category home. Contact email is meera.iyer41@example.com and phone is +91-72640-28136. Order value was ₹6473.74. Current order status is in_transit. Customer sentiment is positive. Additional note: support team resolved the issue within 24 hours.,Meera ordered coffee maker. Order status is in_transit. Main note: support team resolved the issue within 24 hours.
ORD10050,Rahul Verma,rahul.verma43@example.com,+91-85267-64496,Delhi,home,coffee maker,2353.34,refunded,positive,Customer Rahul Verma from Delhi placed order ORD10050 for 4 unit(s) of coffee maker in category home. Contact email is rahul.verma43@example.com and phone is +91-85267-64496. Order value was ₹2353.34. Current order status is refunded. Customer sentiment is positive. Additional note: user requested an exchange for a different color.,Rahul ordered coffee maker. Order status is refunded. Main note: user requested an exchange for a different color.
ORD10051,Aarav Sharma,aarav.sharma62@gmail.com,+91-81526-49139,Chennai,home,coffee maker,21531.92,delivered,negative,Customer Aarav Sharma from Chennai placed order ORD10051 for 4 unit(s) of coffee maker in category home. Contact email is aarav.sharma62@gmail.com and phone is +91-81526-49139. Order value was ₹21531.92. Current order status is delivered. Customer sentiment is negative. Additional note: user requested an exchange for a different color.,Aarav ordered coffee maker. Order status is delivered. Main note: user requested an exchange for a different color.
ORD10052,Arjun Nair,arjun.nair56@outlook.com,+91-70951-60968,Delhi,accessories,laptop backpack,12614.15,refunded,negative,Customer Arjun Nair from Delhi placed order ORD10052 for 3 unit(s) of laptop backpack in category accessories. Contact email is arjun.nair56@outlook.com and phone is +91-70951-60968. Order value was ₹12614.15. Current order status is refunded. Customer sentiment is negative. Additional note: customer complained that the battery drains quickly.,Arjun ordered laptop backpack. Order status is refunded. Main note: customer complained that the battery drains quickly.
ORD10053,Neha Singh,neha.singh11@example.com,+91-84044-27786,Chennai,accessories,laptop backpack,22746.68,delivered,positive,Customer Neha Singh from Chennai placed order ORD10053 for 1 unit(s) of laptop backpack in category accessories. Contact email is neha.singh11@example.com and phone is +91-84044-27786. Order value was ₹22746.68. Current order status is delivered. Customer sentiment is positive. Additional note: packaging was excellent and secure.,Neha ordered laptop backpack. Order status is delivered. Main note: packaging was excellent and secure.
ORD10054,Meera Iyer,meera.iyer44@outlook.com,+91-79117-65255,Pune,electronics,smart watch,5921.18,in_transit,neutral,Customer Meera Iyer from Pune placed order ORD10054 for 3 unit(s) of smart watch in category electronics. Contact email is meera.iyer44@outlook.com and phone is +91-79117-65255. Order value was ₹5921.18. Current order status is in_transit. Customer sentiment is neutral. Additional note: delivery was delayed by three days.,Meera ordered smart watch. Order status is in_transit. Main note: delivery was delayed by three days.
ORD10055,Kiran Rao,kiran.rao29@example.com,+91-72248-95426,Hyderabad,fashion,running shoes,24996.77,delivered,negative,Customer Kiran Rao from Hyderabad placed order ORD10055 for 3 unit(s) of running shoes in category fashion. Contact email is kiran.rao29@example.com and phone is +91-72248-95426. Order value was ₹24996.77. Current order status is delivered. Customer sentiment is negative. Additional note: product quality matched expectations.,Kiran ordered running shoes. Order status is delivered. Main note: product quality matched expectations.
ORD10056,Aarav Sharma,aarav.sharma86@gmail.com,+91-88480-38569,Bengaluru,electronics,wireless headphones,6571.79,refunded,positive,Customer Aarav Sharma from Bengaluru placed order ORD10056 for 4 unit(s) of wireless headphones in category electronics. Contact email is aarav.sharma86@gmail.com and phone is +91-88480-38569. Order value was ₹6571.79. Current order status is refunded. Customer sentiment is positive. Additional note: customer asked for a refund due to size mismatch.,Aarav ordered wireless headphones. Order status is refunded. Main note: customer asked for a refund due to size mismatch.
ORD10057,Meera Iyer,meera.iyer40@gmail.com,+91-88962-13365,Bengaluru,furniture,office chair,19621.56,delivered,negative,Customer Meera Iyer from Bengaluru placed order ORD10057 for 2 unit(s) of office chair in category furniture. Contact email is meera.iyer40@gmail.com and phone is +91-88962-13365. Order value was ₹19621.56. Current order status is delivered. Customer sentiment is negative. Additional note: payment was confirmed successfully.,Meera ordered office chair. Order status is delivered. Main note: payment was confirmed successfully.
ORD10058,Kiran Rao,kiran.rao14@example.com,+91-95312-49529,Delhi,accessories,laptop backpack,15127.77,delivered,positive,Customer Kiran Rao from Delhi placed order ORD10058 for 2 unit(s) of laptop backpack in category accessories. Contact email is kiran.rao14@example.com and phone is +91-95312-49529. Order value was ₹15127.77. Current order status is delivered. Customer sentiment is positive. Additional note: user requested an exchange for a different color.,Kiran ordered laptop backpack. Order status is delivered. Main note: user requested an exchange for a different color.
ORD10059,Anil Joshi,anil.joshi65@example.com,+91-81181-11658,Hyderabad,fashion,running shoes,16807.82,exchanged,neutral,Customer Anil Joshi from Hyderabad placed order ORD10059 for 1 unit(s) of running shoes in category fashion. Contact email is anil.joshi65@example.com and phone is +91-81181-11658. Order value was ₹16807.82. Current order status is exchanged. Customer sentiment is neutral. Additional note: seller offered a partial refund and replacement.,Anil ordered running shoes. Order status is exchanged. Main note: seller offered a partial refund and replacement.
ORD10060,Arjun Nair,arjun.nair23@example.com,+91-87096-95256,Chennai,fitness,water bottle,17915.87,exchanged,neutral,Customer Arjun Nair from Chennai placed order ORD10060 for 4 unit(s) of water bottle in category fitness. Contact email is arjun.nair23@example.com and phone is +91-87096-95256. Order value was ₹17915.87. Current order status is exchanged. Customer sentiment is neutral. Additional note: received a damaged item in the box.,Arjun ordered water bottle. Order status is exchanged. Main note: received a damaged item in the box.
ORD10061,Kiran Rao,kiran.rao12@outlook.com,+91-98889-69087,Chennai,fitness,water bottle,8598.77,in_transit,negative,Customer Kiran Rao from Chennai placed order ORD10061 for 2 unit(s) of water bottle in category fitness. Contact email is kiran.rao12@outlook.com and phone is +91-98889-69087. Order value was ₹8598.77. Current order status is in_transit. Customer sentiment is negative. Additional note: product quality matched expectations.,Kiran ordered water bottle. Order status is in_transit. Main note: product quality matched expectations.
ORD10062,Sneha Patel,sneha.patel42@gmail.com,+91-85976-37802,Mumbai,fitness,water bottle,8939.8,exchanged,negative,Customer Sneha Patel from Mumbai placed order ORD10062 for 4 unit(s) of water bottle in category fitness. Contact email is sneha.patel42@gmail.com and phone is +91-85976-37802. Order value was ₹8939.8. Current order status is exchanged. Customer sentiment is negative. Additional note: seller offered a partial refund and replacement.,Sneha ordered water bottle. Order status is exchanged. Main note: seller offered a partial refund and replacement.
ORD10063,Neha Singh,neha.singh11@gmail.com,+91-93595-63271,Pune,furniture,office chair,14249.14,in_transit,negative,Customer Neha Singh from Pune placed order ORD10063 for 2 unit(s) of office chair in category furniture. Contact email is neha.singh11@gmail.com and phone is +91-93595-63271. Order value was ₹14249.14. Current order status is in_transit. Customer sentiment is negative. Additional note: payment was confirmed successfully.,Neha ordered office chair. Order status is in_transit. Main note: payment was confirmed successfully.
ORD10064,Meera Iyer,meera.iyer12@outlook.com,+91-77261-63005,Delhi,home,coffee maker,11644.82,exchanged,negative,Customer Meera Iyer from Delhi placed order ORD10064 for 1 unit(s) of coffee maker in category home. Contact email is meera.iyer12@outlook.com and phone is +91-77261-63005. Order value was ₹11644.82. Current order status is exchanged. Customer sentiment is negative. Additional note: product quality matched expectations.,Meera ordered coffee maker. Order status is exchanged. Main note: product quality matched expectations.
ORD10065,Divya Menon,divya.menon55@example.com,+91-88035-53357,Delhi,home,coffee maker,12251.9,in_transit,negative,Customer Divya Menon from Delhi placed order ORD10065 for 3 unit(s) of coffee maker in category home. Contact email is divya.menon55@example.com and phone is +91-88035-53357. Order value was ₹12251.9. Current order status is in_transit. Customer sentiment is negative. Additional note: support team resolved the issue within 24 hours.,Divya ordered coffee maker. Order status is in_transit. Main note: support team resolved the issue within 24 hours.
ORD10066,Neha Singh,neha.singh41@gmail.com,+91-94342-80236,Pune,fitness,water bottle,3718.87,refunded,neutral,Customer Neha Singh from Pune placed order ORD10066 for 2 unit(s) of water bottle in category fitness. Contact email is neha.singh41@gmail.com and phone is +91-94342-80236. Order value was ₹3718.87. Current order status is refunded. Customer sentiment is neutral. Additional note: support team resolved the issue within 24 hours.,Neha ordered water bottle. Order status is refunded. Main note: support team resolved the issue within 24 hours.
ORD10067,Divya Menon,divya.menon13@gmail.com,+91-79707-39816,Bengaluru,electronics,smart watch,7490.29,exchanged,negative,Customer Divya Menon from Bengaluru placed order ORD10067 for 3 unit(s) of smart watch in category electronics. Contact email is divya.menon13@gmail.com and phone is +91-79707-39816. Order value was ₹7490.29. Current order status is exchanged. Customer sentiment is negative. Additional note: customer asked for a refund due to size mismatch.,Divya ordered smart watch. Order status is exchanged. Main note: customer asked for a refund due to size mismatch.
ORD10068,Neha Singh,neha.singh71@outlook.com,+91-92852-26551,Hyderabad,electronics,smart watch,7437.33,refunded,negative,Customer Neha Singh from Hyderabad placed order ORD10068 for 1 unit(s) of smart watch in category electronics. Contact email is neha.singh71@outlook.com and phone is +91-92852-26551. Order value was ₹7437.33. Current order status is refunded. Customer sentiment is negative. Additional note: support team resolved the issue within 24 hours.,Neha ordered smart watch. Order status is refunded. Main note: support team resolved the issue within 24 hours.
ORD10069,Anil Joshi,anil.joshi44@gmail.com,+91-71683-43092,Hyderabad,fitness,water bottle,12158.41,in_transit,negative,Customer Anil Joshi from Hyderabad placed order ORD10069 for 4 unit(s) of water bottle in category fitness. Contact email is anil.joshi44@gmail.com and phone is +91-71683-43092. Order value was ₹12158.41. Current order status is in_transit. Customer sentiment is negative. Additional note: received a damaged item in the box.,Anil ordered water bottle. Order status is in_transit. Main note: received a damaged item in the box.
ORD10070,Meera Iyer,meera.iyer20@gmail.com,+91-96579-83772,Chennai,fashion,running shoes,14762.91,delivered,neutral,Customer Meera Iyer from Chennai placed order ORD10070 for 1 unit(s) of running shoes in category fashion. Contact email is meera.iyer20@gmail.com and phone is +91-96579-83772. Order value was ₹14762.91. Current order status is delivered. Customer sentiment is neutral. Additional note: received a damaged item in the box.,Meera ordered running shoes. Order status is delivered. Main note: received a damaged item in the box.
ORD10071,Kiran Rao,kiran.rao67@outlook.com,+91-84762-68028,Hyderabad,fashion,running shoes,15471.89,exchanged,negative,Customer Kiran Rao from Hyderabad placed order ORD10071 for 2 unit(s) of running shoes in category fashion. Contact email is kiran.rao67@outlook.com and phone is +91-84762-68028. Order value was ₹15471.89. Current order status is exchanged. Customer sentiment is negative. Additional note: customer asked for a refund due to size mismatch.,Kiran ordered running shoes. Order status is exchanged. Main note: customer asked for a refund due to size mismatch.
ORD10072,Kiran Rao,kiran.rao98@gmail.com,+91-90496-37659,Mumbai,accessories,laptop backpack,15552.07,delivered,negative,Customer Kiran Rao from Mumbai placed order ORD10072 for 1 unit(s) of laptop backpack in category accessories. Contact email is kiran.rao98@gmail.com and phone is +91-90496-37659. Order value was ₹15552.07. Current order status is delivered. Customer sentiment is negative. Additional note: support team resolved the issue within 24 hours.,Kiran ordered laptop backpack. Order status is delivered. Main note: support team resolved the issue within 24 hours.
ORD10073,Kiran Rao,kiran.rao58@example.com,+91-89458-71592,Bengaluru,fashion,running shoes,4587.09,delivered,positive,Customer Kiran Rao from Bengaluru placed order ORD10073 for 4 unit(s) of running shoes in category fashion. Contact email is kiran.rao58@example.com and phone is +91-89458-71592. Order value was ₹4587.09. Current order status is delivered. Customer sentiment is positive. Additional note: packaging was excellent and secure.,Kiran ordered running shoes. Order status is delivered. Main note: packaging was excellent and secure.
ORD10074,Kiran Rao,kiran.rao10@example.com,+91-77648-44675,Pune,electronics,wireless headphones,17811.3,in_transit,negative,Customer Kiran Rao from Pune placed order ORD10074 for 4 unit(s) of wireless headphones in category electronics. Contact email is kiran.rao10@example.com and phone is +91-77648-44675. Order value was ₹17811.3. Current order status is in_transit. Customer sentiment is negative. Additional note: customer asked for a refund due to size mismatch.,Kiran ordered wireless headphones. Order status is in_transit. Main note: customer asked for a refund due to size mismatch.
ORD10075,Anil Joshi,anil.joshi19@gmail.com,+91-71954-31747,Hyderabad,home,coffee maker,16471.76,refunded,negative,Customer Anil Joshi from Hyderabad placed order ORD10075 for 3 unit(s) of coffee maker in category home. Contact email is anil.joshi19@gmail.com and phone is +91-71954-31747. Order value was ₹16471.76. Current order status is refunded. Customer sentiment is negative. Additional note: user requested an exchange for a different color.,Anil ordered coffee maker. Order status is refunded. Main note: user requested an exchange for a different color.
ORD10076,Kiran Rao,kiran.rao65@example.com,+91-86180-67377,Hyderabad,furniture,office chair,17732.56,in_transit,neutral,Customer Kiran Rao from Hyderabad placed order ORD10076 for 3 unit(s) of office chair in category furniture. Contact email is kiran.rao65@example.com and phone is +91-86180-67377. Order value was ₹17732.56. Current order status is in_transit. Customer sentiment is neutral. Additional note: product quality matched expectations.,Kiran ordered office chair. Order status is in_transit. Main note: product quality matched expectations.
ORD10077,Priya Reddy,priya.reddy87@example.com,+91-89238-12719,Delhi,electronics,wireless headphones,1424.93,in_transit,neutral,Customer Priya Reddy from Delhi placed order ORD10077 for 2 unit(s) of wireless headphones in category electronics. Contact email is priya.reddy87@example.com and phone is +91-89238-12719. Order value was ₹1424.93. Current order status is in_transit. Customer sentiment is neutral. Additional note: user requested an exchange for a different color.,Priya ordered wireless headphones. Order status is in_transit. Main note: user requested an exchange for a different color.
ORD10078,Anil Joshi,anil.joshi36@gmail.com,+91-89180-67132,Hyderabad,furniture,office chair,13357.92,exchanged,positive,Customer Anil Joshi from Hyderabad placed order ORD10078 for 4 unit(s) of office chair in category furniture. Contact email is anil.joshi36@gmail.com and phone is +91-89180-67132. Order value was ₹13357.92. Current order status is exchanged. Customer sentiment is positive. Additional note: seller offered a partial refund and replacement.,Anil ordered office chair. Order status is exchanged. Main note: seller offered a partial refund and replacement.
ORD10079,Anil Joshi,anil.joshi21@outlook.com,+91-83488-74942,Chennai,fitness,water bottle,8865.06,exchanged,neutral,Customer Anil Joshi from Chennai placed order ORD10079 for 1 unit(s) of water bottle in category fitness. Contact email is anil.joshi21@outlook.com and phone is +91-83488-74942. Order value was ₹8865.06. Current order status is exchanged. Customer sentiment is neutral. Additional note: received a damaged item in the box.,Anil ordered water bottle. Order status is exchanged. Main note: received a damaged item in the box.
ORD10080,Kiran Rao,kiran.rao15@outlook.com,+91-98341-77449,Hyderabad,accessories,laptop backpack,8410.32,delivered,neutral,Customer Kiran Rao from Hyderabad placed order ORD10080 for 3 unit(s) of laptop backpack in category accessories. Contact email is kiran.rao15@outlook.com and phone is +91-98341-77449. Order value was ₹8410.32. Current order status is delivered. Customer sentiment is neutral. Additional note: customer complained that the battery drains quickly.,Kiran ordered laptop backpack. Order status is delivered. Main note: customer complained that the battery drains quickly.
ORD10081,Aarav Sharma,aarav.sharma81@outlook.com,+91-94903-16764,Hyderabad,fitness,water bottle,15866.74,in_transit,positive,Customer Aarav Sharma from Hyderabad placed order ORD10081 for 4 unit(s) of water bottle in category fitness. Contact email is aarav.sharma81@outlook.com and phone is +91-94903-16764. Order value was ₹15866.74. Current order status is in_transit. Customer sentiment is positive. Additional note: user requested an exchange for a different color.,Aarav ordered water bottle. Order status is in_transit. Main note: user requested an exchange for a different color.
ORD10082,Sneha Patel,sneha.patel16@gmail.com,+91-90644-89806,Bengaluru,furniture,office chair,22115.49,exchanged,neutral,Customer Sneha Patel from Bengaluru placed order ORD10082 for 4 unit(s) of office chair in category furniture. Contact email is sneha.patel16@gmail.com and phone is +91-90644-89806. Order value was ₹22115.49. Current order status is exchanged. Customer sentiment is neutral. Additional note: customer complained that the battery drains quickly.,Sneha ordered office chair. Order status is exchanged. Main note: customer complained that the battery drains quickly.
ORD10083,Sneha Patel,sneha.patel60@gmail.com,+91-91224-30181,Mumbai,electronics,smart watch,3054.66,exchanged,positive,Customer Sneha Patel from Mumbai placed order ORD10083 for 1 unit(s) of smart watch in category electronics. Contact email is sneha.patel60@gmail.com and phone is +91-91224-30181. Order value was ₹3054.66. Current order status is exchanged. Customer sentiment is positive. Additional note: support team resolved the issue within 24 hours.,Sneha ordered smart watch. Order status is exchanged. Main note: support team resolved the issue within 24 hours.
ORD10084,Meera Iyer,meera.iyer32@outlook.com,+91-88063-28958,Delhi,furniture,office chair,20999.32,exchanged,neutral,Customer Meera Iyer from Delhi placed order ORD10084 for 4 unit(s) of office chair in category furniture. Contact email is meera.iyer32@outlook.com and phone is +91-88063-28958. Order value was ₹20999.32. Current order status is exchanged. Customer sentiment is neutral. Additional note: customer complained that the battery drains quickly.,Meera ordered office chair. Order status is exchanged. Main note: customer complained that the battery drains quickly.
ORD10085,Arjun Nair,arjun.nair99@outlook.com,+91-81137-76550,Mumbai,home,coffee maker,21708.45,refunded,negative,Customer Arjun Nair from Mumbai placed order ORD10085 for 3 unit(s) of coffee maker in category home. Contact email is arjun.nair99@outlook.com and phone is +91-81137-76550. Order value was ₹21708.45. Current order status is refunded. Customer sentiment is negative. Additional note: seller offered a partial refund and replacement.,Arjun ordered coffee maker. Order status is refunded. Main note: seller offered a partial refund and replacement.
ORD10086,Kiran Rao,kiran.rao69@outlook.com,+91-81309-53573,Delhi,electronics,wireless headphones,21738.31,exchanged,neutral,Customer Kiran Rao from Delhi placed order ORD10086 for 4 unit(s) of wireless headphones in category electronics. Contact email is kiran.rao69@outlook.com and phone is +91-81309-53573. Order value was ₹21738.31. Current order status is exchanged. Customer sentiment is neutral. Additional note: support team resolved the issue within 24 hours.,Kiran ordered wireless headphones. Order status is exchanged. Main note: support team resolved the issue within 24 hours.
ORD10087,Vikram Gupta,vikram.gupta53@gmail.com,+91-80426-71993,Pune,accessories,laptop backpack,14636.5,refunded,positive,Customer Vikram Gupta from Pune placed order ORD10087 for 2 unit(s) of laptop backpack in category accessories. Contact email is vikram.gupta53@gmail.com and phone is +91-80426-71993. Order value was ₹14636.5. Current order status is refunded. Customer sentiment is positive. Additional note: product quality matched expectations.,Vikram ordered laptop backpack. Order status is refunded. Main note: product quality matched expectations.
ORD10088,Divya Menon,divya.menon17@example.com,+91-89339-53515,Delhi,accessories,laptop backpack,12785.95,refunded,negative,Customer Divya Menon from Delhi placed order ORD10088 for 1 unit(s) of laptop backpack in category accessories. Contact email is divya.menon17@example.com and phone is +91-89339-53515. Order value was ₹12785.95. Current order status is refunded. Customer sentiment is negative. Additional note: user requested an exchange for a different color.,Divya ordered laptop backpack. Order status is refunded. Main note: user requested an exchange for a different color.
ORD10089,Priya Reddy,priya.reddy84@gmail.com,+91-72451-71537,Mumbai,fitness,water bottle,18282.14,delivered,neutral,Customer Priya Reddy from Mumbai placed order ORD10089 for 4 unit(s) of water bottle in category fitness. Contact email is priya.reddy84@gmail.com and phone is +91-72451-71537. Order value was ₹18282.14. Current order status is delivered. Customer sentiment is neutral. Additional note: received a damaged item in the box.,Priya ordered water bottle. Order status is delivered. Main note: received a damaged item in the box.
ORD10090,Kiran Rao,kiran.rao41@example.com,+91-93550-73956,Delhi,fitness,yoga mat,21411.72,delivered,neutral,Customer Kiran Rao from Delhi placed order ORD10090 for 4 unit(s) of yoga mat in category fitness. Contact email is kiran.rao41@example.com and phone is +91-93550-73956. Order value was ₹21411.72. Current order status is delivered. Customer sentiment is neutral. Additional note: seller offered a partial refund and replacement.,Kiran ordered yoga mat. Order status is delivered. Main note: seller offered a partial refund and replacement.
ORD10091,Vikram Gupta,vikram.gupta56@gmail.com,+91-94915-93066,Hyderabad,electronics,wireless headphones,24936.71,in_transit,positive,Customer Vikram Gupta from Hyderabad placed order ORD10091 for 1 unit(s) of wireless headphones in category electronics. Contact email is vikram.gupta56@gmail.com and phone is +91-94915-93066. Order value was ₹24936.71. Current order status is in_transit. Customer sentiment is positive. Additional note: seller offered a partial refund and replacement.,Vikram ordered wireless headphones. Order status is in_transit. Main note: seller offered a partial refund and replacement.
ORD10092,Divya Menon,divya.menon42@gmail.com,+91-79613-56984,Bengaluru,fashion,running shoes,22661.86,in_transit,negative,Customer Divya Menon from Bengaluru placed order ORD10092 for 1 unit(s) of running shoes in category fashion. Contact email is divya.menon42@gmail.com and phone is +91-79613-56984. Order value was ₹22661.86. Current order status is in_transit. Customer sentiment is negative. Additional note: product quality matched expectations.,Divya ordered running shoes. Order status is in_transit. Main note: product quality matched expectations.
ORD10093,Neha Singh,neha.singh22@gmail.com,+91-72587-89887,Bengaluru,accessories,laptop backpack,14494.46,exchanged,negative,Customer Neha Singh from Bengaluru placed order ORD10093 for 2 unit(s) of laptop backpack in category accessories. Contact email is neha.singh22@gmail.com and phone is +91-72587-89887. Order value was ₹14494.46. Current order status is exchanged. Customer sentiment is negative. Additional note: packaging was excellent and secure.,Neha ordered laptop backpack. Order status is exchanged. Main note: packaging was excellent and secure.
ORD10094,Arjun Nair,arjun.nair59@outlook.com,+91-91851-11231,Mumbai,home,coffee maker,11958.83,refunded,positive,Customer Arjun Nair from Mumbai placed order ORD10094 for 3 unit(s) of coffee maker in category home. Contact email is arjun.nair59@outlook.com and phone is +91-91851-11231. Order value was ₹11958.83. Current order status is refunded. Customer sentiment is positive. Additional note: product quality matched expectations.,Arjun ordered coffee maker. Order status is refunded. Main note: product quality matched expectations.
ORD10095,Meera Iyer,meera.iyer82@outlook.com,+91-92620-42780,Bengaluru,furniture,office chair,23673.7,exchanged,positive,Customer Meera Iyer from Bengaluru placed order ORD10095 for 3 unit(s) of office chair in category furniture. Contact email is meera.iyer82@outlook.com and phone is +91-92620-42780. Order value was ₹23673.7. Current order status is exchanged. Customer sentiment is positive. Additional note: customer complained that the battery drains quickly.,Meera ordered office chair. Order status is exchanged. Main note: customer complained that the battery drains quickly.
ORD10096,Meera Iyer,meera.iyer74@outlook.com,+91-92913-48696,Chennai,furniture,office chair,6539.38,delivered,neutral,Customer Meera Iyer from Chennai placed order ORD10096 for 3 unit(s) of office chair in category furniture. Contact email is meera.iyer74@outlook.com and phone is +91-92913-48696. Order value was ₹6539.38. Current order status is delivered. Customer sentiment is neutral. Additional note: customer asked for a refund due to size mismatch.,Meera ordered office chair. Order status is delivered. Main note: customer asked for a refund due to size mismatch.
ORD10097,Aarav Sharma,aarav.sharma37@gmail.com,+91-89892-56179,Hyderabad,accessories,laptop backpack,22835.93,delivered,negative,Customer Aarav Sharma from Hyderabad placed order ORD10097 for 4 unit(s) of laptop backpack in category accessories. Contact email is aarav.sharma37@gmail.com and phone is +91-89892-56179. Order value was ₹22835.93. Current order status is delivered. Customer sentiment is negative. Additional note: support team resolved the issue within 24 hours.,Aarav ordered laptop backpack. Order status is delivered. Main note: support team resolved the issue within 24 hours.
ORD10098,Sneha Patel,sneha.patel40@outlook.com,+91-71093-85965,Pune,home,coffee maker,16002.6,refunded,negative,Customer Sneha Patel from Pune placed order ORD10098 for 1 unit(s) of coffee maker in category home. Contact email is sneha.patel40@outlook.com and phone is +91-71093-85965. Order value was ₹16002.6. Current order status is refunded. Customer sentiment is negative. Additional note: seller offered a partial refund and replacement.,Sneha ordered coffee maker. Order status is refunded. Main note: seller offered a partial refund and replacement.
ORD10099,Neha Singh,neha.singh70@outlook.com,+91-87394-75771,Pune,electronics,smart watch,5049.49,exchanged,neutral,Customer Neha Singh from Pune placed order ORD10099 for 2 unit(s) of smart watch in category electronics. Contact email is neha.singh70@outlook.com and phone is +91-87394-75771. Order value was ₹5049.49. Current order status is exchanged. Customer sentiment is neutral. Additional note: received a damaged item in the box.,Neha ordered smart watch. Order status is exchanged. Main note: received a damaged item in the box.
ORD10100,Kiran Rao,kiran.rao10@gmail.com,+91-94712-39571,Chennai,electronics,smart watch,20261.43,in_transit,neutral,Customer Kiran Rao from Chennai placed order ORD10100 for 4 unit(s) of smart watch in category electronics. Contact email is kiran.rao10@gmail.com and phone is +91-94712-39571. Order value was ₹20261.43. Current order status is in_transit. Customer sentiment is neutral. Additional note: support team resolved the issue within 24 hours.,Kiran ordered smart watch. Order status is in_transit. Main note: support team resolved the issue within 24 hours.
